<?xml version="1.0" encoding="UTF-8" standalone="no"?>
<!DOCTYPE log SYSTEM "logger.dtd">
<log>
<record>
  <date>2026-01-27T10:53:58.864339400Z</date>
  <millis>1769511238864</millis>
  <nanos>339400</nanos>
  <sequence>0</sequence>
  <level>START</level>
  <class>com.kms.katalon.core.logging.XmlKeywordLogger</class>
  <method>startSuite</method>
  <thread>1</thread>
  <message>Start Test Suite : Test Suites/Login_Genaral</message>
  <nestedLevel>0</nestedLevel>
  <escapedJava>false</escapedJava>
  <property name="rerunTestFailImmediately">true</property>
  <property name="retryCount">3</property>
  <property name="name">Login_Genaral</property>
  <property name="description"></property>
  <property name="id">Test Suites/Login_Genaral</property>
</record>
<record>
  <date>2026-01-27T10:53:58.893543800Z</date>
  <millis>1769511238893</millis>
  <nanos>543800</nanos>
  <sequence>1</sequence>
  <level>RUN_DATA</level>
  <class>com.kms.katalon.core.logging.XmlKeywordLogger</class>
  <method>logMessage</method>
  <thread>1</thread>
  <message>userFullName = Gopal</message>
  <nestedLevel>0</nestedLevel>
  <escapedJava>false</escapedJava>
  <property name="userFullName">Gopal</property>
</record>
<record>
  <date>2026-01-27T10:53:58.895539800Z</date>
  <millis>1769511238895</millis>
  <nanos>539800</nanos>
  <sequence>2</sequence>
  <level>RUN_DATA</level>
  <class>com.kms.katalon.core.logging.XmlKeywordLogger</class>
  <method>logMessage</method>
  <thread>1</thread>
  <message>projectName = ProhanceWebApplication</message>
  <nestedLevel>0</nestedLevel>
  <escapedJava>false</escapedJava>
  <property name="projectName">ProhanceWebApplication</property>
</record>
<record>
  <date>2026-01-27T10:53:58.898778900Z</date>
  <millis>1769511238898</millis>
  <nanos>778900</nanos>
  <sequence>3</sequence>
  <level>RUN_DATA</level>
  <class>com.kms.katalon.core.logging.XmlKeywordLogger</class>
  <method>logMessage</method>
  <thread>1</thread>
  <message>hostName = gopal.s - JAMOCHA57.jamochahq.local</message>
  <nestedLevel>0</nestedLevel>
  <escapedJava>false</escapedJava>
  <property name="hostName">gopal.s - JAMOCHA57.jamochahq.local</property>
</record>
<record>
  <date>2026-01-27T10:53:58.899777400Z</date>
  <millis>1769511238899</millis>
  <nanos>777400</nanos>
  <sequence>4</sequence>
  <level>RUN_DATA</level>
  <class>com.kms.katalon.core.logging.XmlKeywordLogger</class>
  <method>logMessage</method>
  <thread>1</thread>
  <message>os = Windows 11 64bit</message>
  <nestedLevel>0</nestedLevel>
  <escapedJava>false</escapedJava>
  <property name="os">Windows 11 64bit</property>
</record>
<record>
  <date>2026-01-27T10:53:58.900773500Z</date>
  <millis>1769511238900</millis>
  <nanos>773500</nanos>
  <sequence>5</sequence>
  <level>RUN_DATA</level>
  <class>com.kms.katalon.core.logging.XmlKeywordLogger</class>
  <method>logMessage</method>
  <thread>1</thread>
  <message>hostAddress = 10.10.10.136</message>
  <nestedLevel>0</nestedLevel>
  <escapedJava>false</escapedJava>
  <property name="hostAddress">10.10.10.136</property>
</record>
<record>
  <date>2026-01-27T10:53:58.902768500Z</date>
  <millis>1769511238902</millis>
  <nanos>768500</nanos>
  <sequence>6</sequence>
  <level>RUN_DATA</level>
  <class>com.kms.katalon.core.logging.XmlKeywordLogger</class>
  <method>logMessage</method>
  <thread>1</thread>
  <message>katalonVersion = 10.4.3.0</message>
  <nestedLevel>0</nestedLevel>
  <escapedJava>false</escapedJava>
  <property name="katalonVersion">10.4.3.0</property>
</record>
<record>
  <date>2026-01-27T10:53:59.554581900Z</date>
  <millis>1769511239554</millis>
  <nanos>581900</nanos>
  <sequence>7</sequence>
  <level>START</level>
  <class>com.kms.katalon.core.logging.XmlKeywordLogger</class>
  <method>startTest</method>
  <thread>1</thread>
  <message>Start Test Case : Test Cases/ProhanceWeb/Login_Page/Login</message>
  <nestedLevel>1</nestedLevel>
  <escapedJava>false</escapedJava>
  <property name="remainingRetryCount">3</property>
  <property name="origin"></property>
  <property name="name">Test Cases/ProhanceWeb/Login_Page/Login</property>
  <property name="description">Login</property>
  <property name="iteration"></property>
  <property name="id">Test Cases/ProhanceWeb/Login_Page/Login</property>
  <property name="source">C:\Users\gopal.s\git\ProhanceWebApplication\ProhanceWebApplication\Test Cases\ProhanceWeb\Login_Page\Login.tc</property>
  <property name="tag"></property>
  <property name="isOptional">false</property>
  <property name="currentRetryCount">0</property>
</record>
<record>
  <date>2026-01-27T10:53:59.772031400Z</date>
  <millis>1769511239772</millis>
  <nanos>31400</nanos>
  <sequence>9</sequence>
  <level>INFO</level>
  <class>com.kms.katalon.core.logging.XmlKeywordLogger</class>
  <method>logMessage</method>
  <thread>1</thread>
  <message>userName = tsL9urF6O/D/xURRxzj/8w==</message>
  <nestedLevel>1</nestedLevel>
  <escapedJava>false</escapedJava>
</record>
<record>
  <date>2026-01-27T10:53:59.773028400Z</date>
  <millis>1769511239773</millis>
  <nanos>28400</nanos>
  <sequence>10</sequence>
  <level>INFO</level>
  <class>com.kms.katalon.core.logging.XmlKeywordLogger</class>
  <method>logMessage</method>
  <thread>1</thread>
  <message>password = tsL9urF6O/APwsPS+50KRA==</message>
  <nestedLevel>1</nestedLevel>
  <escapedJava>false</escapedJava>
</record>
<record>
  <date>2026-01-27T10:54:00.369300100Z</date>
  <millis>1769511240369</millis>
  <nanos>300100</nanos>
  <sequence>11</sequence>
  <level>START</level>
  <class>com.kms.katalon.core.logging.XmlKeywordLogger</class>
  <method>startKeyword</method>
  <thread>1</thread>
  <message>Start action : openBrowser(&amp;quot;&amp;quot;)</message>
  <nestedLevel>1</nestedLevel>
  <escapedJava>false</escapedJava>
  <property name="startLine">23</property>
  <property name="stepIndex">1</property>
</record>
<record>
  <date>2026-01-27T10:54:00.692690500Z</date>
  <millis>1769511240692</millis>
  <nanos>690500</nanos>
  <sequence>14</sequence>
  <level>INFO</level>
  <class>com.kms.katalon.core.logging.XmlKeywordLogger</class>
  <method>logMessage</method>
  <thread>1</thread>
  <message>Starting &amp;apos;Chrome&amp;apos; driver</message>
  <nestedLevel>1</nestedLevel>
  <escapedJava>false</escapedJava>
</record>
<record>
  <date>2026-01-27T10:54:00.772313300Z</date>
  <millis>1769511240772</millis>
  <nanos>313300</nanos>
  <sequence>15</sequence>
  <level>INFO</level>
  <class>com.kms.katalon.core.logging.XmlKeywordLogger</class>
  <method>logMessage</method>
  <thread>1</thread>
  <message>Action delay is set to 0 milliseconds</message>
  <nestedLevel>1</nestedLevel>
  <escapedJava>false</escapedJava>
</record>
<record>
  <date>2026-01-27T10:55:08.785049500Z</date>
  <millis>1769511308785</millis>
  <nanos>49500</nanos>
  <sequence>17</sequence>
  <level>RUN_DATA</level>
  <class>com.kms.katalon.core.logging.XmlKeywordLogger</class>
  <method>logMessage</method>
  <thread>1</thread>
  <message>sessionId = d1d71a0a3c3b8cb96b72c213eca48456</message>
  <nestedLevel>1</nestedLevel>
  <escapedJava>false</escapedJava>
  <property name="sessionId">d1d71a0a3c3b8cb96b72c213eca48456</property>
</record>
<record>
  <date>2026-01-27T10:55:08.786046300Z</date>
  <millis>1769511308786</millis>
  <nanos>46300</nanos>
  <sequence>18</sequence>
  <level>RUN_DATA</level>
  <class>com.kms.katalon.core.logging.XmlKeywordLogger</class>
  <method>logMessage</method>
  <thread>1</thread>
  <message>browser = Chrome 144.0.7559.97</message>
  <nestedLevel>1</nestedLevel>
  <escapedJava>false</escapedJava>
  <property name="browser">Chrome 144.0.7559.97</property>
</record>
<record>
  <date>2026-01-27T10:55:08.788040700Z</date>
  <millis>1769511308788</millis>
  <nanos>40700</nanos>
  <sequence>19</sequence>
  <level>RUN_DATA</level>
  <class>com.kms.katalon.core.logging.XmlKeywordLogger</class>
  <method>logMessage</method>
  <thread>1</thread>
  <message>platform = Windows 11</message>
  <nestedLevel>1</nestedLevel>
  <escapedJava>false</escapedJava>
  <property name="platform">Windows 11</property>
</record>
<record>
  <date>2026-01-27T10:55:08.791033600Z</date>
  <millis>1769511308791</millis>
  <nanos>33600</nanos>
  <sequence>20</sequence>
  <level>RUN_DATA</level>
  <class>com.kms.katalon.core.logging.XmlKeywordLogger</class>
  <method>logMessage</method>
  <thread>1</thread>
  <message>seleniumVersion = 4.34.0</message>
  <nestedLevel>1</nestedLevel>
  <escapedJava>false</escapedJava>
  <property name="seleniumVersion">4.34.0</property>
</record>
<record>
  <date>2026-01-27T10:55:08.799584600Z</date>
  <millis>1769511308799</millis>
  <nanos>584600</nanos>
  <sequence>21</sequence>
  <level>RUN_DATA</level>
  <class>com.kms.katalon.core.logging.XmlKeywordLogger</class>
  <method>logMessage</method>
  <thread>1</thread>
  <message>proxyInformation = ProxyInformation { proxyOption=NO_PROXY, proxyServerType=HTTP, username=, password=********, proxyServerAddress=, proxyServerPort=0, executionList=&amp;quot;&amp;quot;, isApplyToDesiredCapabilities=true }</message>
  <nestedLevel>1</nestedLevel>
  <escapedJava>false</escapedJava>
  <property name="proxyInformation">ProxyInformation { proxyOption=NO_PROXY, proxyServerType=HTTP, username=, password=********, proxyServerAddress=, proxyServerPort=0, executionList=&quot;&quot;, isApplyToDesiredCapabilities=true }</property>
</record>
<record>
  <date>2026-01-27T10:55:08.868299500Z</date>
  <millis>1769511308868</millis>
  <nanos>299500</nanos>
  <sequence>22</sequence>
  <level>PASSED</level>
  <class>com.kms.katalon.core.logging.XmlKeywordLogger</class>
  <method>logMessage</method>
  <thread>1</thread>
  <message>Browser is opened with url: &amp;apos;&amp;apos;</message>
  <nestedLevel>1</nestedLevel>
  <escapedJava>false</escapedJava>
  <property name="testops-method-name">com.kms.katalon.core.webui.keyword.builtin.OpenBrowserKeyword.openBrowser</property>
  <property name="testops-execution-stacktrace"></property>
</record>
<record>
  <date>2026-01-27T10:55:08.875280800Z</date>
  <millis>1769511308875</millis>
  <nanos>280800</nanos>
  <sequence>23</sequence>
  <level>END</level>
  <class>com.kms.katalon.core.logging.XmlKeywordLogger</class>
  <method>endKeyword</method>
  <thread>1</thread>
  <message>End action : openBrowser(&amp;quot;&amp;quot;)</message>
  <nestedLevel>1</nestedLevel>
  <escapedJava>false</escapedJava>
</record>
<record>
  <date>2026-01-27T10:55:08.875280800Z</date>
  <millis>1769511308875</millis>
  <nanos>280800</nanos>
  <sequence>24</sequence>
  <level>START</level>
  <class>com.kms.katalon.core.logging.XmlKeywordLogger</class>
  <method>startKeyword</method>
  <thread>1</thread>
  <message>Start action : maximizeWindow()</message>
  <nestedLevel>1</nestedLevel>
  <escapedJava>false</escapedJava>
  <property name="startLine">25</property>
  <property name="stepIndex">2</property>
</record>
<record>
  <date>2026-01-27T10:55:08.980603600Z</date>
  <millis>1769511308980</millis>
  <nanos>603600</nanos>
  <sequence>27</sequence>
  <level>PASSED</level>
  <class>com.kms.katalon.core.logging.XmlKeywordLogger</class>
  <method>logMessage</method>
  <thread>1</thread>
  <message>Current window maximized</message>
  <nestedLevel>1</nestedLevel>
  <escapedJava>false</escapedJava>
  <property name="testops-method-name">com.kms.katalon.core.webui.keyword.builtin.MaximizeWindowKeyword.maximizeWindow</property>
  <property name="testops-execution-stacktrace"></property>
</record>
<record>
  <date>2026-01-27T10:55:08.980603600Z</date>
  <millis>1769511308980</millis>
  <nanos>603600</nanos>
  <sequence>28</sequence>
  <level>END</level>
  <class>com.kms.katalon.core.logging.XmlKeywordLogger</class>
  <method>endKeyword</method>
  <thread>1</thread>
  <message>End action : maximizeWindow()</message>
  <nestedLevel>1</nestedLevel>
  <escapedJava>false</escapedJava>
</record>
<record>
  <date>2026-01-27T10:55:08.980603600Z</date>
  <millis>1769511308980</millis>
  <nanos>603600</nanos>
  <sequence>29</sequence>
  <level>START</level>
  <class>com.kms.katalon.core.logging.XmlKeywordLogger</class>
  <method>startKeyword</method>
  <thread>1</thread>
  <message>Start action : waitForPageLoad(Delay, CONTINUE_ON_FAILURE)</message>
  <nestedLevel>1</nestedLevel>
  <escapedJava>false</escapedJava>
  <property name="startLine">27</property>
  <property name="stepIndex">3</property>
</record>
<record>
  <date>2026-01-27T10:55:09.391433200Z</date>
  <millis>1769511309391</millis>
  <nanos>433200</nanos>
  <sequence>33</sequence>
  <level>PASSED</level>
  <class>com.kms.katalon.core.logging.XmlKeywordLogger</class>
  <method>logMessage</method>
  <thread>1</thread>
  <message>Wait for page load successfully</message>
  <nestedLevel>1</nestedLevel>
  <escapedJava>false</escapedJava>
  <property name="testops-method-name">com.kms.katalon.core.webui.keyword.internal.WebUIKeywordMain$runKeyword.call</property>
  <property name="testops-execution-stacktrace">com.kms.katalon.core.logging.KeywordLogger.logPassed(KeywordLogger.java:332)
com.kms.katalon.core.logging.KeywordLogger.logPassed(KeywordLogger.java:327)
com.kms.katalon.core.logging.KeywordLogger$logPassed$0.call(Unknown Source)
com.kms.katalon.core.webui.keyword.builtin.WaitForPageLoadKeyword$_waitForPageLoad_closure1.doCall(WaitForPageLoadKeyword.groovy:94)
com.kms.katalon.core.webui.keyword.builtin.WaitForPageLoadKeyword$_waitForPageLoad_closure1.doCall(WaitForPageLoadKeyword.groovy)
java.base/jdk.internal.reflect.NativeMethodAccessorImpl.invoke0(Native Method)
java.base/jdk.internal.reflect.NativeMethodAccessorImpl.invoke(NativeMethodAccessorImpl.java:77)
java.base/jdk.internal.reflect.DelegatingMethodAccessorImpl.invoke(DelegatingMethodAccessorImpl.java:43)
com.kms.katalon.core.webui.keyword.internal.WebUIKeywordMain.runKeyword(WebUIKeywordMain.groovy:41)
com.kms.katalon.core.webui.keyword.internal.WebUIKeywordMain$runKeyword.call(Unknown Source)
com.kms.katalon.core.webui.keyword.builtin.WaitForPageLoadKeyword.waitForPageLoad(WaitForPageLoadKeyword.groovy:95)
com.kms.katalon.core.webui.keyword.builtin.WaitForPageLoadKeyword.execute(WaitForPageLoadKeyword.groovy:68)
com.kms.katalon.core.keyword.internal.KeywordExecutor.executeKeywordForPlatform(KeywordExecutor.groovy:90)
com.kms.katalon.core.webui.keyword.WebUiBuiltInKeywords.waitForPageLoad(WebUiBuiltInKeywords.groovy:2545)
Login.run(Login:27)
</property>
</record>
<record>
  <date>2026-01-27T10:55:09.394669600Z</date>
  <millis>1769511309394</millis>
  <nanos>669600</nanos>
  <sequence>34</sequence>
  <level>END</level>
  <class>com.kms.katalon.core.logging.XmlKeywordLogger</class>
  <method>endKeyword</method>
  <thread>1</thread>
  <message>End action : waitForPageLoad(Delay, CONTINUE_ON_FAILURE)</message>
  <nestedLevel>1</nestedLevel>
  <escapedJava>false</escapedJava>
</record>
<record>
  <date>2026-01-27T10:55:09.398690900Z</date>
  <millis>1769511309398</millis>
  <nanos>690900</nanos>
  <sequence>35</sequence>
  <level>START</level>
  <class>com.kms.katalon.core.logging.XmlKeywordLogger</class>
  <method>startKeyword</method>
  <thread>1</thread>
  <message>Start action : navigateToUrl(URL)</message>
  <nestedLevel>1</nestedLevel>
  <escapedJava>false</escapedJava>
  <property name="startLine">29</property>
  <property name="stepIndex">4</property>
</record>
<record>
  <date>2026-01-27T10:55:27.992262Z</date>
  <millis>1769511327992</millis>
  <nanos>262000</nanos>
  <sequence>39</sequence>
  <level>PASSED</level>
  <class>com.kms.katalon.core.logging.XmlKeywordLogger</class>
  <method>logMessage</method>
  <thread>1</thread>
  <message>Navigate to &amp;apos;https://enhance.prohance.io/prohance&amp;apos; successfully</message>
  <nestedLevel>1</nestedLevel>
  <escapedJava>false</escapedJava>
  <property name="testops-method-name">com.kms.katalon.core.webui.keyword.builtin.NavigateToUrlKeyword.navigateToUrl</property>
  <property name="testops-execution-stacktrace"></property>
</record>
<record>
  <date>2026-01-27T10:55:27.995338600Z</date>
  <millis>1769511327995</millis>
  <nanos>338600</nanos>
  <sequence>40</sequence>
  <level>END</level>
  <class>com.kms.katalon.core.logging.XmlKeywordLogger</class>
  <method>endKeyword</method>
  <thread>1</thread>
  <message>End action : navigateToUrl(URL)</message>
  <nestedLevel>1</nestedLevel>
  <escapedJava>false</escapedJava>
</record>
<record>
  <date>2026-01-27T10:55:27.995338600Z</date>
  <millis>1769511327995</millis>
  <nanos>338600</nanos>
  <sequence>41</sequence>
  <level>START</level>
  <class>com.kms.katalon.core.logging.XmlKeywordLogger</class>
  <method>startKeyword</method>
  <thread>1</thread>
  <message>Start action : try</message>
  <nestedLevel>1</nestedLevel>
  <escapedJava>false</escapedJava>
  <property name="startLine">32</property>
  <property name="stepIndex">5</property>
</record>
<record>
  <date>2026-01-27T10:55:27.997347800Z</date>
  <millis>1769511327997</millis>
  <nanos>347800</nanos>
  <sequence>42</sequence>
  <level>START</level>
  <class>com.kms.katalon.core.logging.XmlKeywordLogger</class>
  <method>startKeyword</method>
  <thread>1</thread>
  <message>Start action : setEncryptedText(findTestObject(&amp;quot;Object Repository/LoginOR/userName&amp;quot;), userName)</message>
  <nestedLevel>2</nestedLevel>
  <escapedJava>false</escapedJava>
  <property name="startLine">33</property>
  <property name="stepIndex">1</property>
</record>
<record>
  <date>2026-01-27T10:55:28.802392100Z</date>
  <millis>1769511328802</millis>
  <nanos>392100</nanos>
  <sequence>55</sequence>
  <level>PASSED</level>
  <class>com.kms.katalon.core.logging.XmlKeywordLogger</class>
  <method>logMessage</method>
  <thread>1</thread>
  <message>Text ****** has been set on object &amp;apos;Object Repository/LoginOR/userName&amp;apos;</message>
  <nestedLevel>1</nestedLevel>
  <escapedJava>false</escapedJava>
  <property name="testops-method-name">com.kms.katalon.core.webui.keyword.internal.WebUIKeywordMain.runKeywordUntilTimeout</property>
  <property name="testops-execution-stacktrace">com.kms.katalon.core.logging.KeywordLogger.logPassed(KeywordLogger.java:332)
com.kms.katalon.core.logging.KeywordLogger.logPassed(KeywordLogger.java:327)
com.kms.katalon.core.webui.keyword.builtin.SetEncryptedTextKeyword$_setEncryptedText_closure1.doCall(SetEncryptedTextKeyword.groovy:82)
java.base/jdk.internal.reflect.NativeMethodAccessorImpl.invoke0(Native Method)
java.base/jdk.internal.reflect.NativeMethodAccessorImpl.invoke(NativeMethodAccessorImpl.java:77)
java.base/jdk.internal.reflect.DelegatingMethodAccessorImpl.invoke(DelegatingMethodAccessorImpl.java:43)
jdk.proxy2/jdk.proxy2.$Proxy50.execute(Unknown Source)
com.kms.katalon.core.webui.model.SeleniumActionRetryController.performAction(SeleniumActionRetryController.java:96)
com.kms.katalon.core.webui.model.SeleniumActionRetryController.performAction(SeleniumActionRetryController.java:83)
com.kms.katalon.core.webui.keyword.internal.WebUIKeywordMain$_runKeywordUntilTimeout_closure1.doCall(WebUIKeywordMain.groovy:135)
com.kms.katalon.core.webui.keyword.internal.WebUIKeywordMain$_runKeywordUntilTimeout_closure1.call(WebUIKeywordMain.groovy)
com.kms.katalon.core.webui.keyword.internal.WebUIKeywordMain.runKeyword(WebUIKeywordMain.groovy:41)
com.kms.katalon.core.webui.keyword.internal.WebUIKeywordMain.runKeywordUntilTimeout(WebUIKeywordMain.groovy:133)
com.kms.katalon.core.webui.keyword.builtin.SetEncryptedTextKeyword.setEncryptedText(SetEncryptedTextKeyword.groovy:88)
com.kms.katalon.core.webui.keyword.builtin.SetEncryptedTextKeyword.execute(SetEncryptedTextKeyword.groovy:48)
com.kms.katalon.core.keyword.internal.KeywordExecutor.executeKeywordForPlatform(KeywordExecutor.groovy:90)
com.kms.katalon.core.webui.keyword.WebUiBuiltInKeywords.setEncryptedText(WebUiBuiltInKeywords.groovy:1112)
Login.run(Login:33)
</property>
</record>
<record>
  <date>2026-01-27T10:55:28.806416300Z</date>
  <millis>1769511328806</millis>
  <nanos>416300</nanos>
  <sequence>56</sequence>
  <level>END</level>
  <class>com.kms.katalon.core.logging.XmlKeywordLogger</class>
  <method>endKeyword</method>
  <thread>1</thread>
  <message>End action : setEncryptedText(findTestObject(&amp;quot;Object Repository/LoginOR/userName&amp;quot;), userName)</message>
  <nestedLevel>2</nestedLevel>
  <escapedJava>false</escapedJava>
</record>
<record>
  <date>2026-01-27T10:55:28.806416300Z</date>
  <millis>1769511328806</millis>
  <nanos>416300</nanos>
  <sequence>57</sequence>
  <level>START</level>
  <class>com.kms.katalon.core.logging.XmlKeywordLogger</class>
  <method>startKeyword</method>
  <thread>1</thread>
  <message>Start action : setEncryptedText(findTestObject(&amp;quot;Object Repository/LoginOR/Password&amp;quot;), password)</message>
  <nestedLevel>2</nestedLevel>
  <escapedJava>false</escapedJava>
  <property name="startLine">35</property>
  <property name="stepIndex">2</property>
</record>
<record>
  <date>2026-01-27T10:55:29.325095600Z</date>
  <millis>1769511329325</millis>
  <nanos>95600</nanos>
  <sequence>70</sequence>
  <level>PASSED</level>
  <class>com.kms.katalon.core.logging.XmlKeywordLogger</class>
  <method>logMessage</method>
  <thread>1</thread>
  <message>Text ****** has been set on object &amp;apos;Object Repository/LoginOR/Password&amp;apos;</message>
  <nestedLevel>1</nestedLevel>
  <escapedJava>false</escapedJava>
  <property name="testops-method-name">com.kms.katalon.core.webui.keyword.internal.WebUIKeywordMain.runKeywordUntilTimeout</property>
  <property name="testops-execution-stacktrace">com.kms.katalon.core.logging.KeywordLogger.logPassed(KeywordLogger.java:332)
com.kms.katalon.core.logging.KeywordLogger.logPassed(KeywordLogger.java:327)
com.kms.katalon.core.webui.keyword.builtin.SetEncryptedTextKeyword$_setEncryptedText_closure1.doCall(SetEncryptedTextKeyword.groovy:82)
java.base/jdk.internal.reflect.NativeMethodAccessorImpl.invoke0(Native Method)
java.base/jdk.internal.reflect.NativeMethodAccessorImpl.invoke(NativeMethodAccessorImpl.java:77)
java.base/jdk.internal.reflect.DelegatingMethodAccessorImpl.invoke(DelegatingMethodAccessorImpl.java:43)
jdk.proxy2/jdk.proxy2.$Proxy50.execute(Unknown Source)
com.kms.katalon.core.webui.model.SeleniumActionRetryController.performAction(SeleniumActionRetryController.java:96)
com.kms.katalon.core.webui.model.SeleniumActionRetryController.performAction(SeleniumActionRetryController.java:83)
com.kms.katalon.core.webui.keyword.internal.WebUIKeywordMain$_runKeywordUntilTimeout_closure1.doCall(WebUIKeywordMain.groovy:135)
com.kms.katalon.core.webui.keyword.internal.WebUIKeywordMain$_runKeywordUntilTimeout_closure1.call(WebUIKeywordMain.groovy)
com.kms.katalon.core.webui.keyword.internal.WebUIKeywordMain.runKeyword(WebUIKeywordMain.groovy:41)
com.kms.katalon.core.webui.keyword.internal.WebUIKeywordMain.runKeywordUntilTimeout(WebUIKeywordMain.groovy:133)
com.kms.katalon.core.webui.keyword.builtin.SetEncryptedTextKeyword.setEncryptedText(SetEncryptedTextKeyword.groovy:88)
com.kms.katalon.core.webui.keyword.builtin.SetEncryptedTextKeyword.execute(SetEncryptedTextKeyword.groovy:48)
com.kms.katalon.core.keyword.internal.KeywordExecutor.executeKeywordForPlatform(KeywordExecutor.groovy:90)
com.kms.katalon.core.webui.keyword.WebUiBuiltInKeywords.setEncryptedText(WebUiBuiltInKeywords.groovy:1112)
Login.run(Login:35)
</property>
</record>
<record>
  <date>2026-01-27T10:55:29.329111100Z</date>
  <millis>1769511329329</millis>
  <nanos>111100</nanos>
  <sequence>71</sequence>
  <level>END</level>
  <class>com.kms.katalon.core.logging.XmlKeywordLogger</class>
  <method>endKeyword</method>
  <thread>1</thread>
  <message>End action : setEncryptedText(findTestObject(&amp;quot;Object Repository/LoginOR/Password&amp;quot;), password)</message>
  <nestedLevel>2</nestedLevel>
  <escapedJava>false</escapedJava>
</record>
<record>
  <date>2026-01-27T10:55:29.333131800Z</date>
  <millis>1769511329333</millis>
  <nanos>131800</nanos>
  <sequence>72</sequence>
  <level>START</level>
  <class>com.kms.katalon.core.logging.XmlKeywordLogger</class>
  <method>startKeyword</method>
  <thread>1</thread>
  <message>Start action : waitForElementClickable(findTestObject(&amp;quot;Object Repository/LoginOR/login_btn&amp;quot;), Delay)</message>
  <nestedLevel>2</nestedLevel>
  <escapedJava>false</escapedJava>
  <property name="startLine">37</property>
  <property name="stepIndex">3</property>
</record>
<record>
  <date>2026-01-27T10:55:29.712689400Z</date>
  <millis>1769511329712</millis>
  <nanos>689400</nanos>
  <sequence>79</sequence>
  <level>PASSED</level>
  <class>com.kms.katalon.core.logging.XmlKeywordLogger</class>
  <method>logMessage</method>
  <thread>1</thread>
  <message>Object &amp;apos;Object Repository/LoginOR/login_btn&amp;apos; is clickable</message>
  <nestedLevel>1</nestedLevel>
  <escapedJava>false</escapedJava>
  <property name="testops-method-name">com.kms.katalon.core.webui.keyword.internal.WebUIKeywordMain.runKeywordUntilTimeout</property>
  <property name="testops-execution-stacktrace">com.kms.katalon.core.logging.KeywordLogger.logPassed(KeywordLogger.java:332)
com.kms.katalon.core.logging.KeywordLogger.logPassed(KeywordLogger.java:327)
com.kms.katalon.core.logging.KeywordLogger$logPassed$0.call(Unknown Source)
com.kms.katalon.core.webui.keyword.builtin.WaitForElementClickableKeyword$_waitForElementClickable_closure1.doCall(WaitForElementClickableKeyword.groovy:59)
java.base/jdk.internal.reflect.NativeMethodAccessorImpl.invoke0(Native Method)
java.base/jdk.internal.reflect.NativeMethodAccessorImpl.invoke(NativeMethodAccessorImpl.java:77)
java.base/jdk.internal.reflect.DelegatingMethodAccessorImpl.invoke(DelegatingMethodAccessorImpl.java:43)
jdk.proxy2/jdk.proxy2.$Proxy50.execute(Unknown Source)
com.kms.katalon.core.webui.model.SeleniumActionRetryController.performAction(SeleniumActionRetryController.java:96)
com.kms.katalon.core.webui.model.SeleniumActionRetryController.performAction(SeleniumActionRetryController.java:83)
com.kms.katalon.core.webui.keyword.internal.WebUIKeywordMain$_runKeywordUntilTimeout_closure2.doCall(WebUIKeywordMain.groovy:155)
com.kms.katalon.core.webui.keyword.internal.WebUIKeywordMain$_runKeywordUntilTimeout_closure2.call(WebUIKeywordMain.groovy)
com.kms.katalon.core.webui.keyword.internal.WebUIKeywordMain.runKeyword(WebUIKeywordMain.groovy:41)
com.kms.katalon.core.webui.keyword.internal.WebUIKeywordMain.runKeywordUntilTimeout(WebUIKeywordMain.groovy:152)
com.kms.katalon.core.webui.keyword.internal.WebUIKeywordMain$runKeywordUntilTimeout$0.call(Unknown Source)
com.kms.katalon.core.webui.keyword.builtin.WaitForElementClickableKeyword.waitForElementClickable(WaitForElementClickableKeyword.groovy:76)
com.kms.katalon.core.webui.keyword.builtin.WaitForElementClickableKeyword.execute(WaitForElementClickableKeyword.groovy:42)
com.kms.katalon.core.keyword.internal.KeywordExecutor.executeKeywordForPlatform(KeywordExecutor.groovy:90)
com.kms.katalon.core.webui.keyword.WebUiBuiltInKeywords.waitForElementClickable(WebUiBuiltInKeywords.groovy:580)
Login.run(Login:37)
</property>
</record>
<record>
  <date>2026-01-27T10:55:29.712689400Z</date>
  <millis>1769511329712</millis>
  <nanos>689400</nanos>
  <sequence>80</sequence>
  <level>END</level>
  <class>com.kms.katalon.core.logging.XmlKeywordLogger</class>
  <method>endKeyword</method>
  <thread>1</thread>
  <message>End action : waitForElementClickable(findTestObject(&amp;quot;Object Repository/LoginOR/login_btn&amp;quot;), Delay)</message>
  <nestedLevel>2</nestedLevel>
  <escapedJava>false</escapedJava>
</record>
<record>
  <date>2026-01-27T10:55:29.712689400Z</date>
  <millis>1769511329712</millis>
  <nanos>689400</nanos>
  <sequence>81</sequence>
  <level>START</level>
  <class>com.kms.katalon.core.logging.XmlKeywordLogger</class>
  <method>startKeyword</method>
  <thread>1</thread>
  <message>Start action : click(findTestObject(&amp;quot;Object Repository/LoginOR/login_btn&amp;quot;))</message>
  <nestedLevel>2</nestedLevel>
  <escapedJava>false</escapedJava>
  <property name="startLine">39</property>
  <property name="stepIndex">4</property>
</record>
<record>
  <date>2026-01-27T10:55:30.262190500Z</date>
  <millis>1769511330262</millis>
  <nanos>190500</nanos>
  <sequence>92</sequence>
  <level>PASSED</level>
  <class>com.kms.katalon.core.logging.XmlKeywordLogger</class>
  <method>logMessage</method>
  <thread>1</thread>
  <message>Object: &amp;apos;Object Repository/LoginOR/login_btn&amp;apos; is clicked on</message>
  <nestedLevel>1</nestedLevel>
  <escapedJava>false</escapedJava>
  <property name="testops-method-name">com.kms.katalon.core.webui.keyword.internal.WebUIKeywordMain.runKeywordUntilTimeout</property>
  <property name="testops-execution-stacktrace">com.kms.katalon.core.logging.KeywordLogger.logPassed(KeywordLogger.java:332)
com.kms.katalon.core.logging.KeywordLogger.logPassed(KeywordLogger.java:327)
com.kms.katalon.core.webui.keyword.builtin.ClickKeyword$_click_closure1.doCall(ClickKeyword.groovy:66)
java.base/jdk.internal.reflect.NativeMethodAccessorImpl.invoke0(Native Method)
java.base/jdk.internal.reflect.NativeMethodAccessorImpl.invoke(NativeMethodAccessorImpl.java:77)
java.base/jdk.internal.reflect.DelegatingMethodAccessorImpl.invoke(DelegatingMethodAccessorImpl.java:43)
jdk.proxy2/jdk.proxy2.$Proxy50.execute(Unknown Source)
com.kms.katalon.core.webui.model.SeleniumActionRetryController.performAction(SeleniumActionRetryController.java:96)
com.kms.katalon.core.webui.model.SeleniumActionRetryController.performAction(SeleniumActionRetryController.java:83)
com.kms.katalon.core.webui.keyword.internal.WebUIKeywordMain$_runKeywordUntilTimeout_closure1.doCall(WebUIKeywordMain.groovy:135)
com.kms.katalon.core.webui.keyword.internal.WebUIKeywordMain$_runKeywordUntilTimeout_closure1.call(WebUIKeywordMain.groovy)
com.kms.katalon.core.webui.keyword.internal.WebUIKeywordMain.runKeyword(WebUIKeywordMain.groovy:41)
com.kms.katalon.core.webui.keyword.internal.WebUIKeywordMain.runKeywordUntilTimeout(WebUIKeywordMain.groovy:133)
com.kms.katalon.core.webui.keyword.builtin.ClickKeyword.click(ClickKeyword.groovy:72)
com.kms.katalon.core.webui.keyword.builtin.ClickKeyword.execute(ClickKeyword.groovy:38)
com.kms.katalon.core.keyword.internal.KeywordExecutor.executeKeywordForPlatform(KeywordExecutor.groovy:90)
com.kms.katalon.core.webui.keyword.WebUiBuiltInKeywords.click(WebUiBuiltInKeywords.groovy:721)
Login.run(Login:39)
</property>
</record>
<record>
  <date>2026-01-27T10:55:30.268443800Z</date>
  <millis>1769511330268</millis>
  <nanos>443800</nanos>
  <sequence>93</sequence>
  <level>END</level>
  <class>com.kms.katalon.core.logging.XmlKeywordLogger</class>
  <method>endKeyword</method>
  <thread>1</thread>
  <message>End action : click(findTestObject(&amp;quot;Object Repository/LoginOR/login_btn&amp;quot;))</message>
  <nestedLevel>2</nestedLevel>
  <escapedJava>false</escapedJava>
</record>
<record>
  <date>2026-01-27T10:55:30.270453Z</date>
  <millis>1769511330270</millis>
  <nanos>453000</nanos>
  <sequence>94</sequence>
  <level>START</level>
  <class>com.kms.katalon.core.logging.XmlKeywordLogger</class>
  <method>startKeyword</method>
  <thread>1</thread>
  <message>Start action : if (verifyElementPresent(findTestObject(&amp;quot;Object Repository/LoginOR/session_Distroysession&amp;quot;), Dela))</message>
  <nestedLevel>2</nestedLevel>
  <escapedJava>false</escapedJava>
  <property name="startLine">41</property>
  <property name="stepIndex">5</property>
</record>
<record>
  <date>2026-01-27T10:55:30.286635300Z</date>
  <millis>1769511330286</millis>
  <nanos>635300</nanos>
  <sequence>96</sequence>
  <level>END</level>
  <class>com.kms.katalon.core.logging.XmlKeywordLogger</class>
  <method>endKeyword</method>
  <thread>1</thread>
  <message>End action : if (verifyElementPresent(findTestObject(&amp;quot;Object Repository/LoginOR/session_Distroysession&amp;quot;), Dela))</message>
  <nestedLevel>2</nestedLevel>
  <escapedJava>false</escapedJava>
</record>
<record>
  <date>2026-01-27T10:55:30.286635300Z</date>
  <millis>1769511330286</millis>
  <nanos>635300</nanos>
  <sequence>97</sequence>
  <level>END</level>
  <class>com.kms.katalon.core.logging.XmlKeywordLogger</class>
  <method>endKeyword</method>
  <thread>1</thread>
  <message>End action : try</message>
  <nestedLevel>1</nestedLevel>
  <escapedJava>false</escapedJava>
</record>
<record>
  <date>2026-01-27T10:55:30.286635300Z</date>
  <millis>1769511330286</millis>
  <nanos>635300</nanos>
  <sequence>98</sequence>
  <level>START</level>
  <class>com.kms.katalon.core.logging.XmlKeywordLogger</class>
  <method>startKeyword</method>
  <thread>1</thread>
  <message>Start action : catch (Exception e)</message>
  <nestedLevel>1</nestedLevel>
  <escapedJava>false</escapedJava>
  <property name="startLine">53</property>
  <property name="stepIndex">6</property>
</record>
<record>
  <date>2026-01-27T10:55:30.288644300Z</date>
  <millis>1769511330288</millis>
  <nanos>644300</nanos>
  <sequence>99</sequence>
  <level>START</level>
  <class>com.kms.katalon.core.logging.XmlKeywordLogger</class>
  <method>startKeyword</method>
  <thread>1</thread>
  <message>Start action : out.println(e.getMessage())</message>
  <nestedLevel>2</nestedLevel>
  <escapedJava>false</escapedJava>
  <property name="startLine">54</property>
  <property name="stepIndex">1</property>
</record>
<record>
  <date>2026-01-27T10:55:30.328985700Z</date>
  <millis>1769511330328</millis>
  <nanos>985700</nanos>
  <sequence>100</sequence>
  <level>END</level>
  <class>com.kms.katalon.core.logging.XmlKeywordLogger</class>
  <method>endKeyword</method>
  <thread>1</thread>
  <message>End action : out.println(e.getMessage())</message>
  <nestedLevel>2</nestedLevel>
  <escapedJava>false</escapedJava>
</record>
<record>
  <date>2026-01-27T10:55:30.328985700Z</date>
  <millis>1769511330328</millis>
  <nanos>985700</nanos>
  <sequence>101</sequence>
  <level>START</level>
  <class>com.kms.katalon.core.logging.XmlKeywordLogger</class>
  <method>startKeyword</method>
  <thread>1</thread>
  <message>Start action : timestamp = Date().format(&amp;quot;yyyyMMdd_HHmmss&amp;quot;)</message>
  <nestedLevel>2</nestedLevel>
  <escapedJava>false</escapedJava>
  <property name="startLine">56</property>
  <property name="stepIndex">2</property>
</record>
<record>
  <date>2026-01-27T10:55:30.342918Z</date>
  <millis>1769511330342</millis>
  <nanos>918000</nanos>
  <sequence>102</sequence>
  <level>END</level>
  <class>com.kms.katalon.core.logging.XmlKeywordLogger</class>
  <method>endKeyword</method>
  <thread>1</thread>
  <message>End action : timestamp = Date().format(&amp;quot;yyyyMMdd_HHmmss&amp;quot;)</message>
  <nestedLevel>2</nestedLevel>
  <escapedJava>false</escapedJava>
</record>
<record>
  <date>2026-01-27T10:55:30.342918Z</date>
  <millis>1769511330342</millis>
  <nanos>918000</nanos>
  <sequence>103</sequence>
  <level>END</level>
  <class>com.kms.katalon.core.logging.XmlKeywordLogger</class>
  <method>endKeyword</method>
  <thread>1</thread>
  <message>End action : catch (Exception e)</message>
  <nestedLevel>1</nestedLevel>
  <escapedJava>false</escapedJava>
</record>
<record>
  <date>2026-01-27T10:55:30.342918Z</date>
  <millis>1769511330342</millis>
  <nanos>918000</nanos>
  <sequence>104</sequence>
  <level>START</level>
  <class>com.kms.katalon.core.logging.XmlKeywordLogger</class>
  <method>startKeyword</method>
  <thread>1</thread>
  <message>Start action : Finally</message>
  <nestedLevel>1</nestedLevel>
  <escapedJava>false</escapedJava>
  <property name="startLine">59</property>
  <property name="stepIndex">7</property>
</record>
<record>
  <date>2026-01-27T10:55:30.342918Z</date>
  <millis>1769511330342</millis>
  <nanos>918000</nanos>
  <sequence>105</sequence>
  <level>START</level>
  <class>com.kms.katalon.core.logging.XmlKeywordLogger</class>
  <method>startKeyword</method>
  <thread>1</thread>
  <message>Start action : timestamp = Date().format(&amp;quot;yyyyMMdd_HHmmss&amp;quot;)</message>
  <nestedLevel>3</nestedLevel>
  <escapedJava>false</escapedJava>
  <property name="startLine">60</property>
  <property name="stepIndex">1</property>
</record>
<record>
  <date>2026-01-27T10:55:30.351749600Z</date>
  <millis>1769511330351</millis>
  <nanos>749600</nanos>
  <sequence>106</sequence>
  <level>END</level>
  <class>com.kms.katalon.core.logging.XmlKeywordLogger</class>
  <method>endKeyword</method>
  <thread>1</thread>
  <message>End action : timestamp = Date().format(&amp;quot;yyyyMMdd_HHmmss&amp;quot;)</message>
  <nestedLevel>3</nestedLevel>
  <escapedJava>false</escapedJava>
</record>
<record>
  <date>2026-01-27T10:55:30.353908600Z</date>
  <millis>1769511330353</millis>
  <nanos>908600</nanos>
  <sequence>107</sequence>
  <level>END</level>
  <class>com.kms.katalon.core.logging.XmlKeywordLogger</class>
  <method>endKeyword</method>
  <thread>1</thread>
  <message>End action : Finally</message>
  <nestedLevel>1</nestedLevel>
  <escapedJava>false</escapedJava>
</record>
<record>
  <date>2026-01-27T10:55:30.353908600Z</date>
  <millis>1769511330353</millis>
  <nanos>908600</nanos>
  <sequence>108</sequence>
  <level>PASSED</level>
  <class>com.kms.katalon.core.logging.XmlKeywordLogger</class>
  <method>logMessage</method>
  <thread>1</thread>
  <message>Test Cases/ProhanceWeb/Login_Page/Login</message>
  <nestedLevel>1</nestedLevel>
  <escapedJava>false</escapedJava>
</record>
<record>
  <date>2026-01-27T10:55:30.353908600Z</date>
  <millis>1769511330353</millis>
  <nanos>908600</nanos>
  <sequence>109</sequence>
  <level>END</level>
  <class>com.kms.katalon.core.logging.XmlKeywordLogger</class>
  <method>endTest</method>
  <thread>1</thread>
  <message>End Test Case : Test Cases/ProhanceWeb/Login_Page/Login</message>
  <nestedLevel>0</nestedLevel>
  <escapedJava>false</escapedJava>
  <property name="executionBindingVariables">[
  {
    &quot;value&quot;: &quot;tsL9urF6O/D/xURRxzj/8w\u003d\u003d&quot;,
    &quot;isDefault&quot;: false,
    &quot;name&quot;: &quot;userName&quot;,
    &quot;masked&quot;: false
  },
  {
    &quot;value&quot;: &quot;tsL9urF6O/APwsPS+50KRA\u003d\u003d&quot;,
    &quot;isDefault&quot;: false,
    &quot;name&quot;: &quot;password&quot;,
    &quot;masked&quot;: false
  }
]</property>
  <property name="applitools">false</property>
  <property name="remainingRetryCount">3</property>
  <property name="executedKeywords">{
  &quot;WebUI.setEncryptedText&quot;: 2,
  &quot;WebUI.maximizeWindow&quot;: 1,
  &quot;WebUI.click&quot;: 1,
  &quot;WebUI.waitForPageLoad&quot;: 1,
  &quot;WebUI.navigateToUrl&quot;: 1,
  &quot;WebUI.openBrowser&quot;: 1,
  &quot;WebUI.waitForElementClickable&quot;: 1
}</property>
  <property name="currentRetryCount">0</property>
  <property name="keywordsUsage">{
  &quot;web_ui&quot;: true,
  &quot;web_service&quot;: false,
  &quot;cucumber&quot;: false,
  &quot;builtin&quot;: false,
  &quot;mobile&quot;: false,
  &quot;windows&quot;: false,
  &quot;testng&quot;: false
}</property>
</record>
<record>
  <date>2026-01-27T10:55:30.387931100Z</date>
  <millis>1769511330387</millis>
  <nanos>931100</nanos>
  <sequence>110</sequence>
  <level>START</level>
  <class>com.kms.katalon.core.logging.XmlKeywordLogger</class>
  <method>startTest</method>
  <thread>1</thread>
  <message>Start Test Case : Test Cases/ProhanceWeb/Organization Settings/Activity DashBoard/ActivityDashBoard</message>
  <nestedLevel>1</nestedLevel>
  <escapedJava>false</escapedJava>
  <property name="remainingRetryCount">3</property>
  <property name="origin"></property>
  <property name="name">Test Cases/ProhanceWeb/Organization Settings/Activity DashBoard/ActivityDashBoard</property>
  <property name="description"></property>
  <property name="iteration"></property>
  <property name="id">Test Cases/ProhanceWeb/Organization Settings/Activity DashBoard/ActivityDashBoard</property>
  <property name="source">C:\Users\gopal.s\git\ProhanceWebApplication\ProhanceWebApplication\Test Cases\ProhanceWeb\Organization Settings\Activity DashBoard\ActivityDashBoard.tc</property>
  <property name="tag"></property>
  <property name="isOptional">false</property>
  <property name="currentRetryCount">0</property>
</record>
<record>
  <date>2026-01-27T10:55:30.593033Z</date>
  <millis>1769511330593</millis>
  <nanos>33000</nanos>
  <sequence>112</sequence>
  <level>INFO</level>
  <class>com.kms.katalon.core.logging.XmlKeywordLogger</class>
  <method>logMessage</method>
  <thread>1</thread>
  <message>exportType = Pdf</message>
  <nestedLevel>1</nestedLevel>
  <escapedJava>false</escapedJava>
</record>
<record>
  <date>2026-01-27T10:55:30.950195500Z</date>
  <millis>1769511330950</millis>
  <nanos>195500</nanos>
  <sequence>113</sequence>
  <level>START</level>
  <class>com.kms.katalon.core.logging.XmlKeywordLogger</class>
  <method>startKeyword</method>
  <thread>1</thread>
  <message>Start action : explort = null</message>
  <nestedLevel>1</nestedLevel>
  <escapedJava>false</escapedJava>
  <property name="startLine">12</property>
  <property name="stepIndex">1</property>
</record>
<record>
  <date>2026-01-27T10:55:30.950195500Z</date>
  <millis>1769511330950</millis>
  <nanos>195500</nanos>
  <sequence>114</sequence>
  <level>END</level>
  <class>com.kms.katalon.core.logging.XmlKeywordLogger</class>
  <method>endKeyword</method>
  <thread>1</thread>
  <message>End action : explort = null</message>
  <nestedLevel>1</nestedLevel>
  <escapedJava>false</escapedJava>
</record>
<record>
  <date>2026-01-27T10:55:30.950195500Z</date>
  <millis>1769511330950</millis>
  <nanos>195500</nanos>
  <sequence>115</sequence>
  <level>START</level>
  <class>com.kms.katalon.core.logging.XmlKeywordLogger</class>
  <method>startKeyword</method>
  <thread>1</thread>
  <message>Start action : if (verifyElementPresent(findTestObject(&amp;quot;Object Repository/Organization Settings/New Folder/Page_ProHance/a_WORK TIME&amp;quot;), Delay))</message>
  <nestedLevel>1</nestedLevel>
  <escapedJava>false</escapedJava>
  <property name="startLine">14</property>
  <property name="stepIndex">2</property>
</record>
<record>
  <date>2026-01-27T10:56:11.161537700Z</date>
  <millis>1769511371161</millis>
  <nanos>537700</nanos>
  <sequence>123</sequence>
  <level>FAILED</level>
  <class>com.kms.katalon.core.logging.XmlKeywordLogger</class>
  <method>logMessage</method>
  <thread>1</thread>
  <message>com.kms.katalon.core.webui.exception.WebElementNotFoundException: Web element with id: &amp;apos;Object Repository/Organization Settings/New Folder/Page_ProHance/a_WORK TIME&amp;apos; located by &amp;apos;By.xpath: //a[@id=&amp;apos;workTimeLiToggle2&amp;apos;]&amp;apos; not found (Root cause: com.kms.katalon.core.exception.StepFailedException: com.kms.katalon.core.webui.exception.WebElementNotFoundException: Web element with id: &amp;apos;Object Repository/Organization Settings/New Folder/Page_ProHance/a_WORK TIME&amp;apos; located by &amp;apos;By.xpath: //a[@id=&amp;apos;workTimeLiToggle2&amp;apos;]&amp;apos; not found
	at com.kms.katalon.core.webui.keyword.internal.WebUIKeywordMain.stepFailed(WebUIKeywordMain.groovy:177)
	at com.kms.katalon.core.webui.keyword.builtin.VerifyElementPresentKeyword$_verifyElementPresent_closure1.doCall(VerifyElementPresentKeyword.groovy:88)
	at com.kms.katalon.core.webui.keyword.builtin.VerifyElementPresentKeyword$_verifyElementPresent_closure1.call(VerifyElementPresentKeyword.groovy)
	at com.kms.katalon.core.webui.keyword.internal.WebUIKeywordMain.runKeyword(WebUIKeywordMain.groovy:41)
	at com.kms.katalon.core.webui.keyword.builtin.VerifyElementPresentKeyword.verifyElementPresent(VerifyElementPresentKeyword.groovy:95)
	at com.kms.katalon.core.webui.keyword.builtin.VerifyElementPresentKeyword.execute(VerifyElementPresentKeyword.groovy:68)
	at com.kms.katalon.core.keyword.internal.KeywordExecutor.executeKeywordForPlatform(KeywordExecutor.groovy:90)
	at com.kms.katalon.core.webui.keyword.WebUiBuiltInKeywords.verifyElementPresent(WebUiBuiltInKeywords.groovy:1565)
	at ActivityDashBoard.run(ActivityDashBoard:14)
	at com.kms.katalon.core.main.ScriptEngine.run(ScriptEngine.java:194)
	at com.kms.katalon.core.main.ScriptEngine.runScriptAsRawText(ScriptEngine.java:119)
	at com.kms.katalon.core.main.TestCaseExecutor.runScript(TestCaseExecutor.java:490)
	at com.kms.katalon.core.main.TestCaseExecutor.doExecute(TestCaseExecutor.java:481)
	at com.kms.katalon.core.main.TestCaseExecutor.processExecutionPhase(TestCaseExecutor.java:460)
	at com.kms.katalon.core.main.TestCaseExecutor.accessMainPhase(TestCaseExecutor.java:452)
	at com.kms.katalon.core.main.TestCaseExecutor.execute(TestCaseExecutor.java:322)
	at com.kms.katalon.core.common.CommonExecutor.accessTestCaseMainPhase(CommonExecutor.java:71)
	at com.kms.katalon.core.main.TestSuiteExecutor.accessTestSuiteMainPhase(TestSuiteExecutor.java:153)
	at com.kms.katalon.core.main.TestSuiteExecutor.execute(TestSuiteExecutor.java:110)
	at com.kms.katalon.core.main.TestCaseMain.startTestSuite(TestCaseMain.java:205)
	at TempTestSuite1769511229778.run(TempTestSuite1769511229778.groovy:35)
	at java.base/jdk.internal.reflect.NativeMethodAccessorImpl.invoke0(Native Method)
	at java.base/jdk.internal.reflect.NativeMethodAccessorImpl.invoke(NativeMethodAccessorImpl.java:77)
	at java.base/jdk.internal.reflect.DelegatingMethodAccessorImpl.invoke(DelegatingMethodAccessorImpl.java:43)
)</message>
  <nestedLevel>1</nestedLevel>
  <escapedJava>false</escapedJava>
  <property name="attachment">1769511371026.png</property>
  <property name="failed.exception.stacktrace">com.kms.katalon.core.exception.StepFailedException: com.kms.katalon.core.webui.exception.WebElementNotFoundException: Web element with id: &apos;Object Repository/Organization Settings/New Folder/Page_ProHance/a_WORK TIME&apos; located by &apos;By.xpath: //a[@id=&apos;workTimeLiToggle2&apos;]&apos; not found
	at com.kms.katalon.core.webui.keyword.internal.WebUIKeywordMain.stepFailed(WebUIKeywordMain.groovy:177)
	at com.kms.katalon.core.webui.keyword.builtin.VerifyElementPresentKeyword$_verifyElementPresent_closure1.doCall(VerifyElementPresentKeyword.groovy:88)
	at com.kms.katalon.core.webui.keyword.builtin.VerifyElementPresentKeyword$_verifyElementPresent_closure1.call(VerifyElementPresentKeyword.groovy)
	at com.kms.katalon.core.webui.keyword.internal.WebUIKeywordMain.runKeyword(WebUIKeywordMain.groovy:41)
	at com.kms.katalon.core.webui.keyword.builtin.VerifyElementPresentKeyword.verifyElementPresent(VerifyElementPresentKeyword.groovy:95)
	at com.kms.katalon.core.webui.keyword.builtin.VerifyElementPresentKeyword.execute(VerifyElementPresentKeyword.groovy:68)
	at com.kms.katalon.core.keyword.internal.KeywordExecutor.executeKeywordForPlatform(KeywordExecutor.groovy:90)
	at com.kms.katalon.core.webui.keyword.WebUiBuiltInKeywords.verifyElementPresent(WebUiBuiltInKeywords.groovy:1565)
	at ActivityDashBoard.run(ActivityDashBoard:14)
	at com.kms.katalon.core.main.ScriptEngine.run(ScriptEngine.java:194)
	at com.kms.katalon.core.main.ScriptEngine.runScriptAsRawText(ScriptEngine.java:119)
	at com.kms.katalon.core.main.TestCaseExecutor.runScript(TestCaseExecutor.java:490)
	at com.kms.katalon.core.main.TestCaseExecutor.doExecute(TestCaseExecutor.java:481)
	at com.kms.katalon.core.main.TestCaseExecutor.processExecutionPhase(TestCaseExecutor.java:460)
	at com.kms.katalon.core.main.TestCaseExecutor.accessMainPhase(TestCaseExecutor.java:452)
	at com.kms.katalon.core.main.TestCaseExecutor.execute(TestCaseExecutor.java:322)
	at com.kms.katalon.core.common.CommonExecutor.accessTestCaseMainPhase(CommonExecutor.java:71)
	at com.kms.katalon.core.main.TestSuiteExecutor.accessTestSuiteMainPhase(TestSuiteExecutor.java:153)
	at com.kms.katalon.core.main.TestSuiteExecutor.execute(TestSuiteExecutor.java:110)
	at com.kms.katalon.core.main.TestCaseMain.startTestSuite(TestCaseMain.java:205)
	at TempTestSuite1769511229778.run(TempTestSuite1769511229778.groovy:35)
	at java.base/jdk.internal.reflect.NativeMethodAccessorImpl.invoke0(Native Method)
	at java.base/jdk.internal.reflect.NativeMethodAccessorImpl.invoke(NativeMethodAccessorImpl.java:77)
	at java.base/jdk.internal.reflect.DelegatingMethodAccessorImpl.invoke(DelegatingMethodAccessorImpl.java:43)
</property>
  <property name="failed.exception.class">com.kms.katalon.core.exception.StepFailedException</property>
  <property name="testops-is-assertion">true</property>
  <property name="testops-method-name">com.kms.katalon.core.webui.keyword.builtin.VerifyElementPresentKeyword.verifyElementPresent</property>
  <property name="testops-execution-stacktrace">com.kms.katalon.core.logging.testops.TestOpsLogHelper.handleFailedLogEntry(TestOpsLogHelper.java:112)
com.kms.katalon.core.logging.KeywordLogger.logFailed(KeywordLogger.java:282)
com.kms.katalon.core.keyword.internal.KeywordMain.stepFailed(KeywordMain.groovy:43)
com.kms.katalon.core.webui.keyword.internal.WebUIKeywordMain.stepFailed(WebUIKeywordMain.groovy:177)
com.kms.katalon.core.webui.keyword.builtin.VerifyElementPresentKeyword$_verifyElementPresent_closure1.doCall(VerifyElementPresentKeyword.groovy:88)
com.kms.katalon.core.webui.keyword.builtin.VerifyElementPresentKeyword$_verifyElementPresent_closure1.call(VerifyElementPresentKeyword.groovy)
com.kms.katalon.core.webui.keyword.internal.WebUIKeywordMain.runKeyword(WebUIKeywordMain.groovy:41)
com.kms.katalon.core.webui.keyword.builtin.VerifyElementPresentKeyword.verifyElementPresent(VerifyElementPresentKeyword.groovy:95)
com.kms.katalon.core.webui.keyword.builtin.VerifyElementPresentKeyword.execute(VerifyElementPresentKeyword.groovy:68)
com.kms.katalon.core.keyword.internal.KeywordExecutor.executeKeywordForPlatform(KeywordExecutor.groovy:90)
com.kms.katalon.core.webui.keyword.WebUiBuiltInKeywords.verifyElementPresent(WebUiBuiltInKeywords.groovy:1565)
ActivityDashBoard.run(ActivityDashBoard:14)
</property>
  <property name="failed.exception.message">com.kms.katalon.core.webui.exception.WebElementNotFoundException: Web element with id: &apos;Object Repository/Organization Settings/New Folder/Page_ProHance/a_WORK TIME&apos; located by &apos;By.xpath: //a[@id=&apos;workTimeLiToggle2&apos;]&apos; not found</property>
</record>
<record>
  <date>2026-01-27T10:56:11.265246300Z</date>
  <millis>1769511371265</millis>
  <nanos>246300</nanos>
  <sequence>127</sequence>
  <level>FAILED</level>
  <class>com.kms.katalon.core.logging.XmlKeywordLogger</class>
  <method>logMessage</method>
  <thread>1</thread>
  <message>Unable to verify object &amp;apos;Object Repository/Organization Settings/New Folder/Page_ProHance/a_WORK TIME&amp;apos; is present (Root cause: com.kms.katalon.core.exception.StepFailedException: Unable to verify object &amp;apos;Object Repository/Organization Settings/New Folder/Page_ProHance/a_WORK TIME&amp;apos; is present
	at com.kms.katalon.core.webui.keyword.internal.WebUIKeywordMain.stepFailed(WebUIKeywordMain.groovy:177)
	at com.kms.katalon.core.webui.keyword.internal.WebUIKeywordMain.runKeyword(WebUIKeywordMain.groovy:49)
	at com.kms.katalon.core.webui.keyword.builtin.VerifyElementPresentKeyword.verifyElementPresent(VerifyElementPresentKeyword.groovy:95)
	at com.kms.katalon.core.webui.keyword.builtin.VerifyElementPresentKeyword.execute(VerifyElementPresentKeyword.groovy:68)
	at com.kms.katalon.core.keyword.internal.KeywordExecutor.executeKeywordForPlatform(KeywordExecutor.groovy:90)
	at com.kms.katalon.core.webui.keyword.WebUiBuiltInKeywords.verifyElementPresent(WebUiBuiltInKeywords.groovy:1565)
	at ActivityDashBoard.run(ActivityDashBoard:14)
	at com.kms.katalon.core.main.ScriptEngine.run(ScriptEngine.java:194)
	at com.kms.katalon.core.main.ScriptEngine.runScriptAsRawText(ScriptEngine.java:119)
	at com.kms.katalon.core.main.TestCaseExecutor.runScript(TestCaseExecutor.java:490)
	at com.kms.katalon.core.main.TestCaseExecutor.doExecute(TestCaseExecutor.java:481)
	at com.kms.katalon.core.main.TestCaseExecutor.processExecutionPhase(TestCaseExecutor.java:460)
	at com.kms.katalon.core.main.TestCaseExecutor.accessMainPhase(TestCaseExecutor.java:452)
	at com.kms.katalon.core.main.TestCaseExecutor.execute(TestCaseExecutor.java:322)
	at com.kms.katalon.core.common.CommonExecutor.accessTestCaseMainPhase(CommonExecutor.java:71)
	at com.kms.katalon.core.main.TestSuiteExecutor.accessTestSuiteMainPhase(TestSuiteExecutor.java:153)
	at com.kms.katalon.core.main.TestSuiteExecutor.execute(TestSuiteExecutor.java:110)
	at com.kms.katalon.core.main.TestCaseMain.startTestSuite(TestCaseMain.java:205)
	at TempTestSuite1769511229778.run(TempTestSuite1769511229778.groovy:35)
	at java.base/jdk.internal.reflect.NativeMethodAccessorImpl.invoke0(Native Method)
	at java.base/jdk.internal.reflect.NativeMethodAccessorImpl.invoke(NativeMethodAccessorImpl.java:77)
	at java.base/jdk.internal.reflect.DelegatingMethodAccessorImpl.invoke(DelegatingMethodAccessorImpl.java:43)
Caused by: com.kms.katalon.core.exception.StepFailedException: com.kms.katalon.core.webui.exception.WebElementNotFoundException: Web element with id: &amp;apos;Object Repository/Organization Settings/New Folder/Page_ProHance/a_WORK TIME&amp;apos; located by &amp;apos;By.xpath: //a[@id=&amp;apos;workTimeLiToggle2&amp;apos;]&amp;apos; not found
	at com.kms.katalon.core.webui.keyword.internal.WebUIKeywordMain.stepFailed(WebUIKeywordMain.groovy:177)
	at com.kms.katalon.core.webui.keyword.builtin.VerifyElementPresentKeyword$_verifyElementPresent_closure1.doCall(VerifyElementPresentKeyword.groovy:88)
	at com.kms.katalon.core.webui.keyword.builtin.VerifyElementPresentKeyword$_verifyElementPresent_closure1.call(VerifyElementPresentKeyword.groovy)
	at com.kms.katalon.core.webui.keyword.internal.WebUIKeywordMain.runKeyword(WebUIKeywordMain.groovy:41)
	... 20 more
)</message>
  <nestedLevel>1</nestedLevel>
  <escapedJava>false</escapedJava>
  <property name="failed.exception.class">com.kms.katalon.core.exception.StepFailedException</property>
  <property name="attachment">1769511371167.png</property>
  <property name="failed.exception.stacktrace">com.kms.katalon.core.exception.StepFailedException: com.kms.katalon.core.webui.exception.WebElementNotFoundException: Web element with id: &apos;Object Repository/Organization Settings/New Folder/Page_ProHance/a_WORK TIME&apos; located by &apos;By.xpath: //a[@id=&apos;workTimeLiToggle2&apos;]&apos; not found
	at com.kms.katalon.core.webui.keyword.internal.WebUIKeywordMain.stepFailed(WebUIKeywordMain.groovy:177)
	at com.kms.katalon.core.webui.keyword.builtin.VerifyElementPresentKeyword$_verifyElementPresent_closure1.doCall(VerifyElementPresentKeyword.groovy:88)
	at com.kms.katalon.core.webui.keyword.builtin.VerifyElementPresentKeyword$_verifyElementPresent_closure1.call(VerifyElementPresentKeyword.groovy)
	at com.kms.katalon.core.webui.keyword.internal.WebUIKeywordMain.runKeyword(WebUIKeywordMain.groovy:41)
	at com.kms.katalon.core.webui.keyword.builtin.VerifyElementPresentKeyword.verifyElementPresent(VerifyElementPresentKeyword.groovy:95)
	at com.kms.katalon.core.webui.keyword.builtin.VerifyElementPresentKeyword.execute(VerifyElementPresentKeyword.groovy:68)
	at com.kms.katalon.core.keyword.internal.KeywordExecutor.executeKeywordForPlatform(KeywordExecutor.groovy:90)
	at com.kms.katalon.core.webui.keyword.WebUiBuiltInKeywords.verifyElementPresent(WebUiBuiltInKeywords.groovy:1565)
	at ActivityDashBoard.run(ActivityDashBoard:14)
	at com.kms.katalon.core.main.ScriptEngine.run(ScriptEngine.java:194)
	at com.kms.katalon.core.main.ScriptEngine.runScriptAsRawText(ScriptEngine.java:119)
	at com.kms.katalon.core.main.TestCaseExecutor.runScript(TestCaseExecutor.java:490)
	at com.kms.katalon.core.main.TestCaseExecutor.doExecute(TestCaseExecutor.java:481)
	at com.kms.katalon.core.main.TestCaseExecutor.processExecutionPhase(TestCaseExecutor.java:460)
	at com.kms.katalon.core.main.TestCaseExecutor.accessMainPhase(TestCaseExecutor.java:452)
	at com.kms.katalon.core.main.TestCaseExecutor.execute(TestCaseExecutor.java:322)
	at com.kms.katalon.core.common.CommonExecutor.accessTestCaseMainPhase(CommonExecutor.java:71)
	at com.kms.katalon.core.main.TestSuiteExecutor.accessTestSuiteMainPhase(TestSuiteExecutor.java:153)
	at com.kms.katalon.core.main.TestSuiteExecutor.execute(TestSuiteExecutor.java:110)
	at com.kms.katalon.core.main.TestCaseMain.startTestSuite(TestCaseMain.java:205)
	at TempTestSuite1769511229778.run(TempTestSuite1769511229778.groovy:35)
	at java.base/jdk.internal.reflect.NativeMethodAccessorImpl.invoke0(Native Method)
	at java.base/jdk.internal.reflect.NativeMethodAccessorImpl.invoke(NativeMethodAccessorImpl.java:77)
	at java.base/jdk.internal.reflect.DelegatingMethodAccessorImpl.invoke(DelegatingMethodAccessorImpl.java:43)
</property>
  <property name="failed.exception.message">com.kms.katalon.core.webui.exception.WebElementNotFoundException: Web element with id: &apos;Object Repository/Organization Settings/New Folder/Page_ProHance/a_WORK TIME&apos; located by &apos;By.xpath: //a[@id=&apos;workTimeLiToggle2&apos;]&apos; not found</property>
</record>
<record>
  <date>2026-01-27T10:56:11.266243100Z</date>
  <millis>1769511371266</millis>
  <nanos>243100</nanos>
  <sequence>130</sequence>
  <level>END</level>
  <class>com.kms.katalon.core.logging.XmlKeywordLogger</class>
  <method>endKeyword</method>
  <thread>1</thread>
  <message>End action : if (verifyElementPresent(findTestObject(&amp;quot;Object Repository/Organization Settings/New Folder/Page_ProHance/a_WORK TIME&amp;quot;), Delay))</message>
  <nestedLevel>1</nestedLevel>
  <escapedJava>false</escapedJava>
</record>
<record>
  <date>2026-01-27T10:56:11.267241100Z</date>
  <millis>1769511371267</millis>
  <nanos>241100</nanos>
  <sequence>133</sequence>
  <level>FAILED</level>
  <class>com.kms.katalon.core.logging.XmlKeywordLogger</class>
  <method>logMessage</method>
  <thread>1</thread>
  <message>Test Cases/ProhanceWeb/Organization Settings/Activity DashBoard/ActivityDashBoard FAILED.
Reason:
com.kms.katalon.core.exception.StepFailedException: Unable to verify object &amp;apos;Object Repository/Organization Settings/New Folder/Page_ProHance/a_WORK TIME&amp;apos; is present
	at com.kms.katalon.core.webui.keyword.internal.WebUIKeywordMain.stepFailed(WebUIKeywordMain.groovy:177)
	at com.kms.katalon.core.webui.keyword.internal.WebUIKeywordMain.runKeyword(WebUIKeywordMain.groovy:49)
	at com.kms.katalon.core.webui.keyword.builtin.VerifyElementPresentKeyword.verifyElementPresent(VerifyElementPresentKeyword.groovy:95)
	at com.kms.katalon.core.webui.keyword.builtin.VerifyElementPresentKeyword.execute(VerifyElementPresentKeyword.groovy:68)
	at com.kms.katalon.core.keyword.internal.KeywordExecutor.executeKeywordForPlatform(KeywordExecutor.groovy:90)
	at com.kms.katalon.core.webui.keyword.WebUiBuiltInKeywords.verifyElementPresent(WebUiBuiltInKeywords.groovy:1565)
	at ActivityDashBoard.run(ActivityDashBoard:14)
	at com.kms.katalon.core.main.ScriptEngine.run(ScriptEngine.java:194)
	at com.kms.katalon.core.main.ScriptEngine.runScriptAsRawText(ScriptEngine.java:119)
	at com.kms.katalon.core.main.TestCaseExecutor.runScript(TestCaseExecutor.java:490)
	at com.kms.katalon.core.main.TestCaseExecutor.doExecute(TestCaseExecutor.java:481)
	at com.kms.katalon.core.main.TestCaseExecutor.processExecutionPhase(TestCaseExecutor.java:460)
	at com.kms.katalon.core.main.TestCaseExecutor.accessMainPhase(TestCaseExecutor.java:452)
	at com.kms.katalon.core.main.TestCaseExecutor.execute(TestCaseExecutor.java:322)
	at com.kms.katalon.core.common.CommonExecutor.accessTestCaseMainPhase(CommonExecutor.java:71)
	at com.kms.katalon.core.main.TestSuiteExecutor.accessTestSuiteMainPhase(TestSuiteExecutor.java:153)
	at com.kms.katalon.core.main.TestSuiteExecutor.execute(TestSuiteExecutor.java:110)
	at com.kms.katalon.core.main.TestCaseMain.startTestSuite(TestCaseMain.java:205)
	at TempTestSuite1769511229778.run(TempTestSuite1769511229778.groovy:35)
	at java.base/jdk.internal.reflect.NativeMethodAccessorImpl.invoke0(Native Method)
	at java.base/jdk.internal.reflect.NativeMethodAccessorImpl.invoke(NativeMethodAccessorImpl.java:77)
	at java.base/jdk.internal.reflect.DelegatingMethodAccessorImpl.invoke(DelegatingMethodAccessorImpl.java:43)
Caused by: com.kms.katalon.core.exception.StepFailedException: com.kms.katalon.core.webui.exception.WebElementNotFoundException: Web element with id: &amp;apos;Object Repository/Organization Settings/New Folder/Page_ProHance/a_WORK TIME&amp;apos; located by &amp;apos;By.xpath: //a[@id=&amp;apos;workTimeLiToggle2&amp;apos;]&amp;apos; not found
	at com.kms.katalon.core.webui.keyword.internal.WebUIKeywordMain.stepFailed(WebUIKeywordMain.groovy:177)
	at com.kms.katalon.core.webui.keyword.builtin.VerifyElementPresentKeyword$_verifyElementPresent_closure1.doCall(VerifyElementPresentKeyword.groovy:88)
	at com.kms.katalon.core.webui.keyword.builtin.VerifyElementPresentKeyword$_verifyElementPresent_closure1.call(VerifyElementPresentKeyword.groovy)
	at com.kms.katalon.core.webui.keyword.internal.WebUIKeywordMain.runKeyword(WebUIKeywordMain.groovy:41)
	... 20 more
</message>
  <exception>
    <message>com.kms.katalon.core.exception.StepFailedException: Unable to verify object 'Object Repository/Organization Settings/New Folder/Page_ProHance/a_WORK TIME' is present</message>
    <frame>
      <class>com.kms.katalon.core.logging.XmlKeywordLogger</class>
      <method>logMessage</method>
      <line>512</line>
    </frame>
    <frame>
      <class>com.kms.katalon.core.logging.KeywordLogger</class>
      <method>logMessage</method>
      <line>447</line>
    </frame>
    <frame>
      <class>com.kms.katalon.core.main.TestCaseExecutor</class>
      <method>logError</method>
      <line>599</line>
    </frame>
    <frame>
      <class>com.kms.katalon.core.main.TestCaseExecutor</class>
      <method>onExecutionError</method>
      <line>187</line>
    </frame>
    <frame>
      <class>com.kms.katalon.core.main.TestCaseExecutor</class>
      <method>processExecutionPhase</method>
      <line>470</line>
    </frame>
    <frame>
      <class>com.kms.katalon.core.main.TestCaseExecutor</class>
      <method>accessMainPhase</method>
      <line>452</line>
    </frame>
    <frame>
      <class>com.kms.katalon.core.main.TestCaseExecutor</class>
      <method>execute</method>
      <line>322</line>
    </frame>
    <frame>
      <class>com.kms.katalon.core.common.CommonExecutor</class>
      <method>accessTestCaseMainPhase</method>
      <line>71</line>
    </frame>
    <frame>
      <class>com.kms.katalon.core.main.TestSuiteExecutor</class>
      <method>accessTestSuiteMainPhase</method>
      <line>153</line>
    </frame>
    <frame>
      <class>com.kms.katalon.core.main.TestSuiteExecutor</class>
      <method>execute</method>
      <line>110</line>
    </frame>
    <frame>
      <class>com.kms.katalon.core.main.TestCaseMain</class>
      <method>startTestSuite</method>
      <line>205</line>
    </frame>
    <frame>
      <class>org.codehaus.groovy.vmplugin.v8.IndyInterface</class>
      <method>fromCache</method>
      <line>318</line>
    </frame>
    <frame>
      <class>TempTestSuite1769511229778</class>
      <method>run</method>
      <line>35</line>
    </frame>
    <frame>
      <class>groovy.lang.GroovyShell</class>
      <method>runScriptOrMainOrTestOrRunnable</method>
      <line>254</line>
    </frame>
    <frame>
      <class>groovy.lang.GroovyShell</class>
      <method>run</method>
      <line>360</line>
    </frame>
    <frame>
      <class>groovy.lang.GroovyShell</class>
      <method>run</method>
      <line>349</line>
    </frame>
    <frame>
      <class>groovy.ui.GroovyMain</class>
      <method>processOnce</method>
      <line>652</line>
    </frame>
    <frame>
      <class>groovy.ui.GroovyMain</class>
      <method>run</method>
      <line>398</line>
    </frame>
    <frame>
      <class>groovy.ui.GroovyMain</class>
      <method>access$1400</method>
      <line>68</line>
    </frame>
    <frame>
      <class>groovy.ui.GroovyMain$GroovyCommand</class>
      <method>process</method>
      <line>322</line>
    </frame>
    <frame>
      <class>groovy.ui.GroovyMain</class>
      <method>processArgs</method>
      <line>142</line>
    </frame>
    <frame>
      <class>groovy.ui.GroovyMain</class>
      <method>main</method>
      <line>115</line>
    </frame>
    <frame>
      <class>jdk.internal.reflect.NativeMethodAccessorImpl</class>
      <method>invoke0</method>
    </frame>
    <frame>
      <class>jdk.internal.reflect.NativeMethodAccessorImpl</class>
      <method>invoke</method>
      <line>77</line>
    </frame>
    <frame>
      <class>jdk.internal.reflect.DelegatingMethodAccessorImpl</class>
      <method>invoke</method>
      <line>43</line>
    </frame>
    <frame>
      <class>java.lang.reflect.Method</class>
      <method>invoke</method>
      <line>569</line>
    </frame>
    <frame>
      <class>org.codehaus.groovy.tools.GroovyStarter</class>
      <method>rootLoader</method>
      <line>117</line>
    </frame>
    <frame>
      <class>org.codehaus.groovy.tools.GroovyStarter</class>
      <method>main</method>
      <line>39</line>
    </frame>
  </exception>
  <nestedLevel>0</nestedLevel>
  <escapedJava>false</escapedJava>
  <property name="failed.exception.stacktrace">com.kms.katalon.core.exception.StepFailedException: com.kms.katalon.core.webui.exception.WebElementNotFoundException: Web element with id: &apos;Object Repository/Organization Settings/New Folder/Page_ProHance/a_WORK TIME&apos; located by &apos;By.xpath: //a[@id=&apos;workTimeLiToggle2&apos;]&apos; not found
	at com.kms.katalon.core.webui.keyword.internal.WebUIKeywordMain.stepFailed(WebUIKeywordMain.groovy:177)
	at com.kms.katalon.core.webui.keyword.builtin.VerifyElementPresentKeyword$_verifyElementPresent_closure1.doCall(VerifyElementPresentKeyword.groovy:88)
	at com.kms.katalon.core.webui.keyword.builtin.VerifyElementPresentKeyword$_verifyElementPresent_closure1.call(VerifyElementPresentKeyword.groovy)
	at com.kms.katalon.core.webui.keyword.internal.WebUIKeywordMain.runKeyword(WebUIKeywordMain.groovy:41)
	at com.kms.katalon.core.webui.keyword.builtin.VerifyElementPresentKeyword.verifyElementPresent(VerifyElementPresentKeyword.groovy:95)
	at com.kms.katalon.core.webui.keyword.builtin.VerifyElementPresentKeyword.execute(VerifyElementPresentKeyword.groovy:68)
	at com.kms.katalon.core.keyword.internal.KeywordExecutor.executeKeywordForPlatform(KeywordExecutor.groovy:90)
	at com.kms.katalon.core.webui.keyword.WebUiBuiltInKeywords.verifyElementPresent(WebUiBuiltInKeywords.groovy:1565)
	at ActivityDashBoard.run(ActivityDashBoard:14)
	at com.kms.katalon.core.main.ScriptEngine.run(ScriptEngine.java:194)
	at com.kms.katalon.core.main.ScriptEngine.runScriptAsRawText(ScriptEngine.java:119)
	at com.kms.katalon.core.main.TestCaseExecutor.runScript(TestCaseExecutor.java:490)
	at com.kms.katalon.core.main.TestCaseExecutor.doExecute(TestCaseExecutor.java:481)
	at com.kms.katalon.core.main.TestCaseExecutor.processExecutionPhase(TestCaseExecutor.java:460)
	at com.kms.katalon.core.main.TestCaseExecutor.accessMainPhase(TestCaseExecutor.java:452)
	at com.kms.katalon.core.main.TestCaseExecutor.execute(TestCaseExecutor.java:322)
	at com.kms.katalon.core.common.CommonExecutor.accessTestCaseMainPhase(CommonExecutor.java:71)
	at com.kms.katalon.core.main.TestSuiteExecutor.accessTestSuiteMainPhase(TestSuiteExecutor.java:153)
	at com.kms.katalon.core.main.TestSuiteExecutor.execute(TestSuiteExecutor.java:110)
	at com.kms.katalon.core.main.TestCaseMain.startTestSuite(TestCaseMain.java:205)
	at TempTestSuite1769511229778.run(TempTestSuite1769511229778.groovy:35)
	at java.base/jdk.internal.reflect.NativeMethodAccessorImpl.invoke0(Native Method)
	at java.base/jdk.internal.reflect.NativeMethodAccessorImpl.invoke(NativeMethodAccessorImpl.java:77)
	at java.base/jdk.internal.reflect.DelegatingMethodAccessorImpl.invoke(DelegatingMethodAccessorImpl.java:43)
</property>
  <property name="failed.exception.class">com.kms.katalon.core.exception.StepFailedException</property>
  <property name="failed.exception.message">com.kms.katalon.core.webui.exception.WebElementNotFoundException: Web element with id: &apos;Object Repository/Organization Settings/New Folder/Page_ProHance/a_WORK TIME&apos; located by &apos;By.xpath: //a[@id=&apos;workTimeLiToggle2&apos;]&apos; not found</property>
</record>
<record>
  <date>2026-01-27T10:56:11.270085600Z</date>
  <millis>1769511371270</millis>
  <nanos>85600</nanos>
  <sequence>135</sequence>
  <level>END</level>
  <class>com.kms.katalon.core.logging.XmlKeywordLogger</class>
  <method>endTest</method>
  <thread>1</thread>
  <message>End Test Case : Test Cases/ProhanceWeb/Organization Settings/Activity DashBoard/ActivityDashBoard</message>
  <nestedLevel>0</nestedLevel>
  <escapedJava>false</escapedJava>
  <property name="executionBindingVariables">[
  {
    &quot;value&quot;: &quot;Pdf&quot;,
    &quot;isDefault&quot;: false,
    &quot;name&quot;: &quot;exportType&quot;,
    &quot;masked&quot;: false
  }
]</property>
  <property name="applitools">false</property>
  <property name="remainingRetryCount">3</property>
  <property name="executedKeywords">{
  &quot;WebUI.verifyElementPresent&quot;: 1
}</property>
  <property name="currentRetryCount">0</property>
  <property name="keywordsUsage">{
  &quot;web_ui&quot;: true,
  &quot;web_service&quot;: false,
  &quot;cucumber&quot;: false,
  &quot;builtin&quot;: false,
  &quot;mobile&quot;: false,
  &quot;windows&quot;: false,
  &quot;testng&quot;: false
}</property>
</record>
<record>
  <date>2026-01-27T10:56:11.273076600Z</date>
  <millis>1769511371273</millis>
  <nanos>76600</nanos>
  <sequence>136</sequence>
  <level>START</level>
  <class>com.kms.katalon.core.logging.XmlKeywordLogger</class>
  <method>startTest</method>
  <thread>1</thread>
  <message>Start Test Case : Test Cases/ProhanceWeb/Organization Settings/Activity DashBoard/ActivityDashBoard</message>
  <nestedLevel>1</nestedLevel>
  <escapedJava>false</escapedJava>
  <property name="remainingRetryCount">2</property>
  <property name="origin"></property>
  <property name="name">Test Cases/ProhanceWeb/Organization Settings/Activity DashBoard/ActivityDashBoard</property>
  <property name="description"></property>
  <property name="iteration"></property>
  <property name="id">Test Cases/ProhanceWeb/Organization Settings/Activity DashBoard/ActivityDashBoard</property>
  <property name="source">C:\Users\gopal.s\git\ProhanceWebApplication\ProhanceWebApplication\Test Cases\ProhanceWeb\Organization Settings\Activity DashBoard\ActivityDashBoard.tc</property>
  <property name="tag"></property>
  <property name="isOptional">false</property>
  <property name="currentRetryCount">1</property>
</record>
<record>
  <date>2026-01-27T10:56:11.296373200Z</date>
  <millis>1769511371296</millis>
  <nanos>373200</nanos>
  <sequence>138</sequence>
  <level>INFO</level>
  <class>com.kms.katalon.core.logging.XmlKeywordLogger</class>
  <method>logMessage</method>
  <thread>1</thread>
  <message>exportType = Pdf</message>
  <nestedLevel>1</nestedLevel>
  <escapedJava>false</escapedJava>
</record>
<record>
  <date>2026-01-27T10:56:11.298383Z</date>
  <millis>1769511371298</millis>
  <nanos>383000</nanos>
  <sequence>139</sequence>
  <level>START</level>
  <class>com.kms.katalon.core.logging.XmlKeywordLogger</class>
  <method>startKeyword</method>
  <thread>1</thread>
  <message>Start action : explort = null</message>
  <nestedLevel>1</nestedLevel>
  <escapedJava>false</escapedJava>
  <property name="startLine">12</property>
  <property name="stepIndex">1</property>
</record>
<record>
  <date>2026-01-27T10:56:11.298383Z</date>
  <millis>1769511371298</millis>
  <nanos>383000</nanos>
  <sequence>140</sequence>
  <level>END</level>
  <class>com.kms.katalon.core.logging.XmlKeywordLogger</class>
  <method>endKeyword</method>
  <thread>1</thread>
  <message>End action : explort = null</message>
  <nestedLevel>1</nestedLevel>
  <escapedJava>false</escapedJava>
</record>
<record>
  <date>2026-01-27T10:56:11.298383Z</date>
  <millis>1769511371298</millis>
  <nanos>383000</nanos>
  <sequence>141</sequence>
  <level>START</level>
  <class>com.kms.katalon.core.logging.XmlKeywordLogger</class>
  <method>startKeyword</method>
  <thread>1</thread>
  <message>Start action : if (verifyElementPresent(findTestObject(&amp;quot;Object Repository/Organization Settings/New Folder/Page_ProHance/a_WORK TIME&amp;quot;), Delay))</message>
  <nestedLevel>1</nestedLevel>
  <escapedJava>false</escapedJava>
  <property name="startLine">14</property>
  <property name="stepIndex">2</property>
</record>
<record>
  <date>2026-01-27T10:56:15.840822900Z</date>
  <millis>1769511375840</millis>
  <nanos>822900</nanos>
  <sequence>147</sequence>
  <level>PASSED</level>
  <class>com.kms.katalon.core.logging.XmlKeywordLogger</class>
  <method>logMessage</method>
  <thread>1</thread>
  <message>Object &amp;apos;Object Repository/Organization Settings/New Folder/Page_ProHance/a_WORK TIME&amp;apos; is present</message>
  <nestedLevel>1</nestedLevel>
  <escapedJava>false</escapedJava>
  <property name="testops-is-assertion">true</property>
  <property name="testops-method-name">com.kms.katalon.core.webui.keyword.builtin.VerifyElementPresentKeyword.verifyElementPresent</property>
  <property name="testops-execution-stacktrace"></property>
</record>
<record>
  <date>2026-01-27T10:56:15.852594Z</date>
  <millis>1769511375852</millis>
  <nanos>594000</nanos>
  <sequence>148</sequence>
  <level>START</level>
  <class>com.kms.katalon.core.logging.XmlKeywordLogger</class>
  <method>startKeyword</method>
  <thread>1</thread>
  <message>Start action : waitForElementClickable(findTestObject(&amp;quot;Object Repository/Organization Settings/New Folder/Page_ProHance/a_WORK TIME&amp;quot;), Delay)</message>
  <nestedLevel>2</nestedLevel>
  <escapedJava>false</escapedJava>
  <property name="startLine">16</property>
  <property name="stepIndex">1</property>
</record>
<record>
  <date>2026-01-27T10:56:18.405632100Z</date>
  <millis>1769511378405</millis>
  <nanos>632100</nanos>
  <sequence>155</sequence>
  <level>PASSED</level>
  <class>com.kms.katalon.core.logging.XmlKeywordLogger</class>
  <method>logMessage</method>
  <thread>1</thread>
  <message>Object &amp;apos;Object Repository/Organization Settings/New Folder/Page_ProHance/a_WORK TIME&amp;apos; is clickable</message>
  <nestedLevel>1</nestedLevel>
  <escapedJava>false</escapedJava>
  <property name="testops-method-name">com.kms.katalon.core.webui.keyword.internal.WebUIKeywordMain.runKeywordUntilTimeout</property>
  <property name="testops-execution-stacktrace">com.kms.katalon.core.logging.KeywordLogger.logPassed(KeywordLogger.java:332)
com.kms.katalon.core.logging.KeywordLogger.logPassed(KeywordLogger.java:327)
com.kms.katalon.core.logging.KeywordLogger$logPassed$0.call(Unknown Source)
com.kms.katalon.core.webui.keyword.builtin.WaitForElementClickableKeyword$_waitForElementClickable_closure1.doCall(WaitForElementClickableKeyword.groovy:59)
java.base/jdk.internal.reflect.NativeMethodAccessorImpl.invoke0(Native Method)
java.base/jdk.internal.reflect.NativeMethodAccessorImpl.invoke(NativeMethodAccessorImpl.java:77)
java.base/jdk.internal.reflect.DelegatingMethodAccessorImpl.invoke(DelegatingMethodAccessorImpl.java:43)
jdk.proxy2/jdk.proxy2.$Proxy50.execute(Unknown Source)
com.kms.katalon.core.webui.model.SeleniumActionRetryController.performAction(SeleniumActionRetryController.java:96)
com.kms.katalon.core.webui.model.SeleniumActionRetryController.performAction(SeleniumActionRetryController.java:83)
com.kms.katalon.core.webui.keyword.internal.WebUIKeywordMain$_runKeywordUntilTimeout_closure2.doCall(WebUIKeywordMain.groovy:155)
com.kms.katalon.core.webui.keyword.internal.WebUIKeywordMain$_runKeywordUntilTimeout_closure2.call(WebUIKeywordMain.groovy)
com.kms.katalon.core.webui.keyword.internal.WebUIKeywordMain.runKeyword(WebUIKeywordMain.groovy:41)
com.kms.katalon.core.webui.keyword.internal.WebUIKeywordMain.runKeywordUntilTimeout(WebUIKeywordMain.groovy:152)
com.kms.katalon.core.webui.keyword.internal.WebUIKeywordMain$runKeywordUntilTimeout$0.call(Unknown Source)
com.kms.katalon.core.webui.keyword.builtin.WaitForElementClickableKeyword.waitForElementClickable(WaitForElementClickableKeyword.groovy:76)
com.kms.katalon.core.webui.keyword.builtin.WaitForElementClickableKeyword.execute(WaitForElementClickableKeyword.groovy:42)
com.kms.katalon.core.keyword.internal.KeywordExecutor.executeKeywordForPlatform(KeywordExecutor.groovy:90)
com.kms.katalon.core.webui.keyword.WebUiBuiltInKeywords.waitForElementClickable(WebUiBuiltInKeywords.groovy:580)
ActivityDashBoard.run(ActivityDashBoard:16)
</property>
</record>
<record>
  <date>2026-01-27T10:56:18.421590700Z</date>
  <millis>1769511378421</millis>
  <nanos>590700</nanos>
  <sequence>156</sequence>
  <level>END</level>
  <class>com.kms.katalon.core.logging.XmlKeywordLogger</class>
  <method>endKeyword</method>
  <thread>1</thread>
  <message>End action : waitForElementClickable(findTestObject(&amp;quot;Object Repository/Organization Settings/New Folder/Page_ProHance/a_WORK TIME&amp;quot;), Delay)</message>
  <nestedLevel>2</nestedLevel>
  <escapedJava>false</escapedJava>
</record>
<record>
  <date>2026-01-27T10:56:18.423586300Z</date>
  <millis>1769511378423</millis>
  <nanos>586300</nanos>
  <sequence>157</sequence>
  <level>START</level>
  <class>com.kms.katalon.core.logging.XmlKeywordLogger</class>
  <method>startKeyword</method>
  <thread>1</thread>
  <message>Start action : click(findTestObject(&amp;quot;Object Repository/Organization Settings/New Folder/Page_ProHance/a_WORK TIME&amp;quot;))</message>
  <nestedLevel>2</nestedLevel>
  <escapedJava>false</escapedJava>
  <property name="startLine">19</property>
  <property name="stepIndex">2</property>
</record>
<record>
  <date>2026-01-27T10:56:18.875069500Z</date>
  <millis>1769511378875</millis>
  <nanos>69500</nanos>
  <sequence>168</sequence>
  <level>PASSED</level>
  <class>com.kms.katalon.core.logging.XmlKeywordLogger</class>
  <method>logMessage</method>
  <thread>1</thread>
  <message>Object: &amp;apos;Object Repository/Organization Settings/New Folder/Page_ProHance/a_WORK TIME&amp;apos; is clicked on</message>
  <nestedLevel>1</nestedLevel>
  <escapedJava>false</escapedJava>
  <property name="testops-method-name">com.kms.katalon.core.webui.keyword.internal.WebUIKeywordMain.runKeywordUntilTimeout</property>
  <property name="testops-execution-stacktrace">com.kms.katalon.core.logging.KeywordLogger.logPassed(KeywordLogger.java:332)
com.kms.katalon.core.logging.KeywordLogger.logPassed(KeywordLogger.java:327)
com.kms.katalon.core.webui.keyword.builtin.ClickKeyword$_click_closure1.doCall(ClickKeyword.groovy:66)
java.base/jdk.internal.reflect.NativeMethodAccessorImpl.invoke0(Native Method)
java.base/jdk.internal.reflect.NativeMethodAccessorImpl.invoke(NativeMethodAccessorImpl.java:77)
java.base/jdk.internal.reflect.DelegatingMethodAccessorImpl.invoke(DelegatingMethodAccessorImpl.java:43)
jdk.proxy2/jdk.proxy2.$Proxy50.execute(Unknown Source)
com.kms.katalon.core.webui.model.SeleniumActionRetryController.performAction(SeleniumActionRetryController.java:96)
com.kms.katalon.core.webui.model.SeleniumActionRetryController.performAction(SeleniumActionRetryController.java:83)
com.kms.katalon.core.webui.keyword.internal.WebUIKeywordMain$_runKeywordUntilTimeout_closure1.doCall(WebUIKeywordMain.groovy:135)
com.kms.katalon.core.webui.keyword.internal.WebUIKeywordMain$_runKeywordUntilTimeout_closure1.call(WebUIKeywordMain.groovy)
com.kms.katalon.core.webui.keyword.internal.WebUIKeywordMain.runKeyword(WebUIKeywordMain.groovy:41)
com.kms.katalon.core.webui.keyword.internal.WebUIKeywordMain.runKeywordUntilTimeout(WebUIKeywordMain.groovy:133)
com.kms.katalon.core.webui.keyword.builtin.ClickKeyword.click(ClickKeyword.groovy:72)
com.kms.katalon.core.webui.keyword.builtin.ClickKeyword.execute(ClickKeyword.groovy:38)
com.kms.katalon.core.keyword.internal.KeywordExecutor.executeKeywordForPlatform(KeywordExecutor.groovy:90)
com.kms.katalon.core.webui.keyword.WebUiBuiltInKeywords.click(WebUiBuiltInKeywords.groovy:721)
ActivityDashBoard.run(ActivityDashBoard:19)
</property>
</record>
<record>
  <date>2026-01-27T10:56:18.875069500Z</date>
  <millis>1769511378875</millis>
  <nanos>69500</nanos>
  <sequence>169</sequence>
  <level>END</level>
  <class>com.kms.katalon.core.logging.XmlKeywordLogger</class>
  <method>endKeyword</method>
  <thread>1</thread>
  <message>End action : click(findTestObject(&amp;quot;Object Repository/Organization Settings/New Folder/Page_ProHance/a_WORK TIME&amp;quot;))</message>
  <nestedLevel>2</nestedLevel>
  <escapedJava>false</escapedJava>
</record>
<record>
  <date>2026-01-27T10:56:18.875069500Z</date>
  <millis>1769511378875</millis>
  <nanos>69500</nanos>
  <sequence>170</sequence>
  <level>START</level>
  <class>com.kms.katalon.core.logging.XmlKeywordLogger</class>
  <method>startKeyword</method>
  <thread>1</thread>
  <message>Start action : waitForElementClickable(findTestObject(&amp;quot;Object Repository/Organization Settings/New Folder/Page_ProHance/a_ACTIVITY DASHBOARD&amp;quot;), Delay)</message>
  <nestedLevel>2</nestedLevel>
  <escapedJava>false</escapedJava>
  <property name="startLine">21</property>
  <property name="stepIndex">3</property>
</record>
<record>
  <date>2026-01-27T10:56:19.221556700Z</date>
  <millis>1769511379221</millis>
  <nanos>556700</nanos>
  <sequence>177</sequence>
  <level>PASSED</level>
  <class>com.kms.katalon.core.logging.XmlKeywordLogger</class>
  <method>logMessage</method>
  <thread>1</thread>
  <message>Object &amp;apos;Object Repository/Organization Settings/New Folder/Page_ProHance/a_ACTIVITY DASHBOARD&amp;apos; is clickable</message>
  <nestedLevel>1</nestedLevel>
  <escapedJava>false</escapedJava>
  <property name="testops-method-name">com.kms.katalon.core.webui.keyword.internal.WebUIKeywordMain.runKeywordUntilTimeout</property>
  <property name="testops-execution-stacktrace">com.kms.katalon.core.logging.KeywordLogger.logPassed(KeywordLogger.java:332)
com.kms.katalon.core.logging.KeywordLogger.logPassed(KeywordLogger.java:327)
com.kms.katalon.core.logging.KeywordLogger$logPassed$0.call(Unknown Source)
com.kms.katalon.core.webui.keyword.builtin.WaitForElementClickableKeyword$_waitForElementClickable_closure1.doCall(WaitForElementClickableKeyword.groovy:59)
java.base/jdk.internal.reflect.NativeMethodAccessorImpl.invoke0(Native Method)
java.base/jdk.internal.reflect.NativeMethodAccessorImpl.invoke(NativeMethodAccessorImpl.java:77)
java.base/jdk.internal.reflect.DelegatingMethodAccessorImpl.invoke(DelegatingMethodAccessorImpl.java:43)
jdk.proxy2/jdk.proxy2.$Proxy50.execute(Unknown Source)
com.kms.katalon.core.webui.model.SeleniumActionRetryController.performAction(SeleniumActionRetryController.java:96)
com.kms.katalon.core.webui.model.SeleniumActionRetryController.performAction(SeleniumActionRetryController.java:83)
com.kms.katalon.core.webui.keyword.internal.WebUIKeywordMain$_runKeywordUntilTimeout_closure2.doCall(WebUIKeywordMain.groovy:155)
com.kms.katalon.core.webui.keyword.internal.WebUIKeywordMain$_runKeywordUntilTimeout_closure2.call(WebUIKeywordMain.groovy)
com.kms.katalon.core.webui.keyword.internal.WebUIKeywordMain.runKeyword(WebUIKeywordMain.groovy:41)
com.kms.katalon.core.webui.keyword.internal.WebUIKeywordMain.runKeywordUntilTimeout(WebUIKeywordMain.groovy:152)
com.kms.katalon.core.webui.keyword.internal.WebUIKeywordMain$runKeywordUntilTimeout$0.call(Unknown Source)
com.kms.katalon.core.webui.keyword.builtin.WaitForElementClickableKeyword.waitForElementClickable(WaitForElementClickableKeyword.groovy:76)
com.kms.katalon.core.webui.keyword.builtin.WaitForElementClickableKeyword.execute(WaitForElementClickableKeyword.groovy:42)
com.kms.katalon.core.keyword.internal.KeywordExecutor.executeKeywordForPlatform(KeywordExecutor.groovy:90)
com.kms.katalon.core.webui.keyword.WebUiBuiltInKeywords.waitForElementClickable(WebUiBuiltInKeywords.groovy:580)
ActivityDashBoard.run(ActivityDashBoard:21)
</property>
</record>
<record>
  <date>2026-01-27T10:56:19.223569800Z</date>
  <millis>1769511379223</millis>
  <nanos>569800</nanos>
  <sequence>178</sequence>
  <level>END</level>
  <class>com.kms.katalon.core.logging.XmlKeywordLogger</class>
  <method>endKeyword</method>
  <thread>1</thread>
  <message>End action : waitForElementClickable(findTestObject(&amp;quot;Object Repository/Organization Settings/New Folder/Page_ProHance/a_ACTIVITY DASHBOARD&amp;quot;), Delay)</message>
  <nestedLevel>2</nestedLevel>
  <escapedJava>false</escapedJava>
</record>
<record>
  <date>2026-01-27T10:56:19.224566800Z</date>
  <millis>1769511379224</millis>
  <nanos>566800</nanos>
  <sequence>179</sequence>
  <level>START</level>
  <class>com.kms.katalon.core.logging.XmlKeywordLogger</class>
  <method>startKeyword</method>
  <thread>1</thread>
  <message>Start action : click(findTestObject(&amp;quot;Object Repository/Organization Settings/New Folder/Page_ProHance/a_ACTIVITY DASHBOARD&amp;quot;))</message>
  <nestedLevel>2</nestedLevel>
  <escapedJava>false</escapedJava>
  <property name="startLine">24</property>
  <property name="stepIndex">4</property>
</record>
<record>
  <date>2026-01-27T10:56:19.588351200Z</date>
  <millis>1769511379588</millis>
  <nanos>351200</nanos>
  <sequence>190</sequence>
  <level>PASSED</level>
  <class>com.kms.katalon.core.logging.XmlKeywordLogger</class>
  <method>logMessage</method>
  <thread>1</thread>
  <message>Object: &amp;apos;Object Repository/Organization Settings/New Folder/Page_ProHance/a_ACTIVITY DASHBOARD&amp;apos; is clicked on</message>
  <nestedLevel>1</nestedLevel>
  <escapedJava>false</escapedJava>
  <property name="testops-method-name">com.kms.katalon.core.webui.keyword.internal.WebUIKeywordMain.runKeywordUntilTimeout</property>
  <property name="testops-execution-stacktrace">com.kms.katalon.core.logging.KeywordLogger.logPassed(KeywordLogger.java:332)
com.kms.katalon.core.logging.KeywordLogger.logPassed(KeywordLogger.java:327)
com.kms.katalon.core.webui.keyword.builtin.ClickKeyword$_click_closure1.doCall(ClickKeyword.groovy:66)
java.base/jdk.internal.reflect.NativeMethodAccessorImpl.invoke0(Native Method)
java.base/jdk.internal.reflect.NativeMethodAccessorImpl.invoke(NativeMethodAccessorImpl.java:77)
java.base/jdk.internal.reflect.DelegatingMethodAccessorImpl.invoke(DelegatingMethodAccessorImpl.java:43)
jdk.proxy2/jdk.proxy2.$Proxy50.execute(Unknown Source)
com.kms.katalon.core.webui.model.SeleniumActionRetryController.performAction(SeleniumActionRetryController.java:96)
com.kms.katalon.core.webui.model.SeleniumActionRetryController.performAction(SeleniumActionRetryController.java:83)
com.kms.katalon.core.webui.keyword.internal.WebUIKeywordMain$_runKeywordUntilTimeout_closure1.doCall(WebUIKeywordMain.groovy:135)
com.kms.katalon.core.webui.keyword.internal.WebUIKeywordMain$_runKeywordUntilTimeout_closure1.call(WebUIKeywordMain.groovy)
com.kms.katalon.core.webui.keyword.internal.WebUIKeywordMain.runKeyword(WebUIKeywordMain.groovy:41)
com.kms.katalon.core.webui.keyword.internal.WebUIKeywordMain.runKeywordUntilTimeout(WebUIKeywordMain.groovy:133)
com.kms.katalon.core.webui.keyword.builtin.ClickKeyword.click(ClickKeyword.groovy:72)
com.kms.katalon.core.webui.keyword.builtin.ClickKeyword.execute(ClickKeyword.groovy:38)
com.kms.katalon.core.keyword.internal.KeywordExecutor.executeKeywordForPlatform(KeywordExecutor.groovy:90)
com.kms.katalon.core.webui.keyword.WebUiBuiltInKeywords.click(WebUiBuiltInKeywords.groovy:721)
ActivityDashBoard.run(ActivityDashBoard:24)
</property>
</record>
<record>
  <date>2026-01-27T10:56:19.588351200Z</date>
  <millis>1769511379588</millis>
  <nanos>351200</nanos>
  <sequence>191</sequence>
  <level>END</level>
  <class>com.kms.katalon.core.logging.XmlKeywordLogger</class>
  <method>endKeyword</method>
  <thread>1</thread>
  <message>End action : click(findTestObject(&amp;quot;Object Repository/Organization Settings/New Folder/Page_ProHance/a_ACTIVITY DASHBOARD&amp;quot;))</message>
  <nestedLevel>2</nestedLevel>
  <escapedJava>false</escapedJava>
</record>
<record>
  <date>2026-01-27T10:56:19.588351200Z</date>
  <millis>1769511379588</millis>
  <nanos>351200</nanos>
  <sequence>192</sequence>
  <level>START</level>
  <class>com.kms.katalon.core.logging.XmlKeywordLogger</class>
  <method>startKeyword</method>
  <thread>1</thread>
  <message>Start action : waitForElementClickable(findTestObject(&amp;quot;Object Repository/Organization Settings/New Folder/Page_ProHance/span_Top Applications For All Groups_drilld_ef368b&amp;quot;), Delay)</message>
  <nestedLevel>2</nestedLevel>
  <escapedJava>false</escapedJava>
  <property name="startLine">26</property>
  <property name="stepIndex">5</property>
</record>
<record>
  <date>2026-01-27T10:56:21.713735300Z</date>
  <millis>1769511381713</millis>
  <nanos>735300</nanos>
  <sequence>199</sequence>
  <level>PASSED</level>
  <class>com.kms.katalon.core.logging.XmlKeywordLogger</class>
  <method>logMessage</method>
  <thread>1</thread>
  <message>Object &amp;apos;Object Repository/Organization Settings/New Folder/Page_ProHance/span_Top Applications For All Groups_drilld_ef368b&amp;apos; is clickable</message>
  <nestedLevel>1</nestedLevel>
  <escapedJava>false</escapedJava>
  <property name="testops-method-name">com.kms.katalon.core.webui.keyword.internal.WebUIKeywordMain.runKeywordUntilTimeout</property>
  <property name="testops-execution-stacktrace">com.kms.katalon.core.logging.KeywordLogger.logPassed(KeywordLogger.java:332)
com.kms.katalon.core.logging.KeywordLogger.logPassed(KeywordLogger.java:327)
com.kms.katalon.core.logging.KeywordLogger$logPassed$0.call(Unknown Source)
com.kms.katalon.core.webui.keyword.builtin.WaitForElementClickableKeyword$_waitForElementClickable_closure1.doCall(WaitForElementClickableKeyword.groovy:59)
java.base/jdk.internal.reflect.NativeMethodAccessorImpl.invoke0(Native Method)
java.base/jdk.internal.reflect.NativeMethodAccessorImpl.invoke(NativeMethodAccessorImpl.java:77)
java.base/jdk.internal.reflect.DelegatingMethodAccessorImpl.invoke(DelegatingMethodAccessorImpl.java:43)
jdk.proxy2/jdk.proxy2.$Proxy50.execute(Unknown Source)
com.kms.katalon.core.webui.model.SeleniumActionRetryController.performAction(SeleniumActionRetryController.java:96)
com.kms.katalon.core.webui.model.SeleniumActionRetryController.performAction(SeleniumActionRetryController.java:83)
com.kms.katalon.core.webui.keyword.internal.WebUIKeywordMain$_runKeywordUntilTimeout_closure2.doCall(WebUIKeywordMain.groovy:155)
com.kms.katalon.core.webui.keyword.internal.WebUIKeywordMain$_runKeywordUntilTimeout_closure2.call(WebUIKeywordMain.groovy)
com.kms.katalon.core.webui.keyword.internal.WebUIKeywordMain.runKeyword(WebUIKeywordMain.groovy:41)
com.kms.katalon.core.webui.keyword.internal.WebUIKeywordMain.runKeywordUntilTimeout(WebUIKeywordMain.groovy:152)
com.kms.katalon.core.webui.keyword.internal.WebUIKeywordMain$runKeywordUntilTimeout$0.call(Unknown Source)
com.kms.katalon.core.webui.keyword.builtin.WaitForElementClickableKeyword.waitForElementClickable(WaitForElementClickableKeyword.groovy:76)
com.kms.katalon.core.webui.keyword.builtin.WaitForElementClickableKeyword.execute(WaitForElementClickableKeyword.groovy:42)
com.kms.katalon.core.keyword.internal.KeywordExecutor.executeKeywordForPlatform(KeywordExecutor.groovy:90)
com.kms.katalon.core.webui.keyword.WebUiBuiltInKeywords.waitForElementClickable(WebUiBuiltInKeywords.groovy:580)
ActivityDashBoard.run(ActivityDashBoard:26)
</property>
</record>
<record>
  <date>2026-01-27T10:56:21.713735300Z</date>
  <millis>1769511381713</millis>
  <nanos>735300</nanos>
  <sequence>200</sequence>
  <level>END</level>
  <class>com.kms.katalon.core.logging.XmlKeywordLogger</class>
  <method>endKeyword</method>
  <thread>1</thread>
  <message>End action : waitForElementClickable(findTestObject(&amp;quot;Object Repository/Organization Settings/New Folder/Page_ProHance/span_Top Applications For All Groups_drilld_ef368b&amp;quot;), Delay)</message>
  <nestedLevel>2</nestedLevel>
  <escapedJava>false</escapedJava>
</record>
<record>
  <date>2026-01-27T10:56:21.722154100Z</date>
  <millis>1769511381722</millis>
  <nanos>154100</nanos>
  <sequence>201</sequence>
  <level>START</level>
  <class>com.kms.katalon.core.logging.XmlKeywordLogger</class>
  <method>startKeyword</method>
  <thread>1</thread>
  <message>Start action : click(findTestObject(&amp;quot;Object Repository/Organization Settings/New Folder/Page_ProHance/span_Top Applications For All Groups_drilld_ef368b&amp;quot;))</message>
  <nestedLevel>2</nestedLevel>
  <escapedJava>false</escapedJava>
  <property name="startLine">29</property>
  <property name="stepIndex">6</property>
</record>
<record>
  <date>2026-01-27T10:56:22.846864900Z</date>
  <millis>1769511382846</millis>
  <nanos>864900</nanos>
  <sequence>212</sequence>
  <level>PASSED</level>
  <class>com.kms.katalon.core.logging.XmlKeywordLogger</class>
  <method>logMessage</method>
  <thread>1</thread>
  <message>Object: &amp;apos;Object Repository/Organization Settings/New Folder/Page_ProHance/span_Top Applications For All Groups_drilld_ef368b&amp;apos; is clicked on</message>
  <nestedLevel>1</nestedLevel>
  <escapedJava>false</escapedJava>
  <property name="testops-method-name">com.kms.katalon.core.webui.keyword.internal.WebUIKeywordMain.runKeywordUntilTimeout</property>
  <property name="testops-execution-stacktrace">com.kms.katalon.core.logging.KeywordLogger.logPassed(KeywordLogger.java:332)
com.kms.katalon.core.logging.KeywordLogger.logPassed(KeywordLogger.java:327)
com.kms.katalon.core.webui.keyword.builtin.ClickKeyword$_click_closure1.doCall(ClickKeyword.groovy:66)
java.base/jdk.internal.reflect.NativeMethodAccessorImpl.invoke0(Native Method)
java.base/jdk.internal.reflect.NativeMethodAccessorImpl.invoke(NativeMethodAccessorImpl.java:77)
java.base/jdk.internal.reflect.DelegatingMethodAccessorImpl.invoke(DelegatingMethodAccessorImpl.java:43)
jdk.proxy2/jdk.proxy2.$Proxy50.execute(Unknown Source)
com.kms.katalon.core.webui.model.SeleniumActionRetryController.performAction(SeleniumActionRetryController.java:96)
com.kms.katalon.core.webui.model.SeleniumActionRetryController.performAction(SeleniumActionRetryController.java:83)
com.kms.katalon.core.webui.keyword.internal.WebUIKeywordMain$_runKeywordUntilTimeout_closure1.doCall(WebUIKeywordMain.groovy:135)
com.kms.katalon.core.webui.keyword.internal.WebUIKeywordMain$_runKeywordUntilTimeout_closure1.call(WebUIKeywordMain.groovy)
com.kms.katalon.core.webui.keyword.internal.WebUIKeywordMain.runKeyword(WebUIKeywordMain.groovy:41)
com.kms.katalon.core.webui.keyword.internal.WebUIKeywordMain.runKeywordUntilTimeout(WebUIKeywordMain.groovy:133)
com.kms.katalon.core.webui.keyword.builtin.ClickKeyword.click(ClickKeyword.groovy:72)
com.kms.katalon.core.webui.keyword.builtin.ClickKeyword.execute(ClickKeyword.groovy:38)
com.kms.katalon.core.keyword.internal.KeywordExecutor.executeKeywordForPlatform(KeywordExecutor.groovy:90)
com.kms.katalon.core.webui.keyword.WebUiBuiltInKeywords.click(WebUiBuiltInKeywords.groovy:721)
ActivityDashBoard.run(ActivityDashBoard:29)
</property>
</record>
<record>
  <date>2026-01-27T10:56:22.853035400Z</date>
  <millis>1769511382853</millis>
  <nanos>35400</nanos>
  <sequence>213</sequence>
  <level>END</level>
  <class>com.kms.katalon.core.logging.XmlKeywordLogger</class>
  <method>endKeyword</method>
  <thread>1</thread>
  <message>End action : click(findTestObject(&amp;quot;Object Repository/Organization Settings/New Folder/Page_ProHance/span_Top Applications For All Groups_drilld_ef368b&amp;quot;))</message>
  <nestedLevel>2</nestedLevel>
  <escapedJava>false</escapedJava>
</record>
<record>
  <date>2026-01-27T10:56:22.854031500Z</date>
  <millis>1769511382854</millis>
  <nanos>31500</nanos>
  <sequence>214</sequence>
  <level>START</level>
  <class>com.kms.katalon.core.logging.XmlKeywordLogger</class>
  <method>startKeyword</method>
  <thread>1</thread>
  <message>Start action : switchToWindowIndex(1)</message>
  <nestedLevel>2</nestedLevel>
  <escapedJava>false</escapedJava>
  <property name="startLine">31</property>
  <property name="stepIndex">7</property>
</record>
<record>
  <date>2026-01-27T10:56:23.021124500Z</date>
  <millis>1769511383021</millis>
  <nanos>124500</nanos>
  <sequence>219</sequence>
  <level>PASSED</level>
  <class>com.kms.katalon.core.logging.XmlKeywordLogger</class>
  <method>logMessage</method>
  <thread>1</thread>
  <message>Switched to window with index: &amp;apos;1&amp;apos;</message>
  <nestedLevel>1</nestedLevel>
  <escapedJava>false</escapedJava>
  <property name="testops-method-name">com.kms.katalon.core.webui.keyword.builtin.SwitchToWindowIndexKeyword.switchToWindowIndex</property>
  <property name="testops-execution-stacktrace"></property>
</record>
<record>
  <date>2026-01-27T10:56:23.024114800Z</date>
  <millis>1769511383024</millis>
  <nanos>114800</nanos>
  <sequence>220</sequence>
  <level>END</level>
  <class>com.kms.katalon.core.logging.XmlKeywordLogger</class>
  <method>endKeyword</method>
  <thread>1</thread>
  <message>End action : switchToWindowIndex(1)</message>
  <nestedLevel>2</nestedLevel>
  <escapedJava>false</escapedJava>
</record>
<record>
  <date>2026-01-27T10:56:23.026109200Z</date>
  <millis>1769511383026</millis>
  <nanos>109200</nanos>
  <sequence>221</sequence>
  <level>START</level>
  <class>com.kms.katalon.core.logging.XmlKeywordLogger</class>
  <method>startKeyword</method>
  <thread>1</thread>
  <message>Start action : waitForPageLoad(Delay, STOP_ON_FAILURE)</message>
  <nestedLevel>2</nestedLevel>
  <escapedJava>false</escapedJava>
  <property name="startLine">33</property>
  <property name="stepIndex">8</property>
</record>
<record>
  <date>2026-01-27T10:56:23.108734300Z</date>
  <millis>1769511383108</millis>
  <nanos>734300</nanos>
  <sequence>225</sequence>
  <level>PASSED</level>
  <class>com.kms.katalon.core.logging.XmlKeywordLogger</class>
  <method>logMessage</method>
  <thread>1</thread>
  <message>Wait for page load successfully</message>
  <nestedLevel>1</nestedLevel>
  <escapedJava>false</escapedJava>
  <property name="testops-method-name">com.kms.katalon.core.webui.keyword.internal.WebUIKeywordMain$runKeyword.call</property>
  <property name="testops-execution-stacktrace">com.kms.katalon.core.logging.KeywordLogger.logPassed(KeywordLogger.java:332)
com.kms.katalon.core.logging.KeywordLogger.logPassed(KeywordLogger.java:327)
com.kms.katalon.core.logging.KeywordLogger$logPassed$0.call(Unknown Source)
com.kms.katalon.core.webui.keyword.builtin.WaitForPageLoadKeyword$_waitForPageLoad_closure1.doCall(WaitForPageLoadKeyword.groovy:94)
com.kms.katalon.core.webui.keyword.builtin.WaitForPageLoadKeyword$_waitForPageLoad_closure1.doCall(WaitForPageLoadKeyword.groovy)
java.base/jdk.internal.reflect.NativeMethodAccessorImpl.invoke0(Native Method)
java.base/jdk.internal.reflect.NativeMethodAccessorImpl.invoke(NativeMethodAccessorImpl.java:77)
java.base/jdk.internal.reflect.DelegatingMethodAccessorImpl.invoke(DelegatingMethodAccessorImpl.java:43)
com.kms.katalon.core.webui.keyword.internal.WebUIKeywordMain.runKeyword(WebUIKeywordMain.groovy:41)
com.kms.katalon.core.webui.keyword.internal.WebUIKeywordMain$runKeyword.call(Unknown Source)
com.kms.katalon.core.webui.keyword.builtin.WaitForPageLoadKeyword.waitForPageLoad(WaitForPageLoadKeyword.groovy:95)
com.kms.katalon.core.webui.keyword.builtin.WaitForPageLoadKeyword.execute(WaitForPageLoadKeyword.groovy:68)
com.kms.katalon.core.keyword.internal.KeywordExecutor.executeKeywordForPlatform(KeywordExecutor.groovy:90)
com.kms.katalon.core.webui.keyword.WebUiBuiltInKeywords.waitForPageLoad(WebUiBuiltInKeywords.groovy:2545)
ActivityDashBoard.run(ActivityDashBoard:33)
</property>
</record>
<record>
  <date>2026-01-27T10:56:23.113912600Z</date>
  <millis>1769511383113</millis>
  <nanos>912600</nanos>
  <sequence>226</sequence>
  <level>END</level>
  <class>com.kms.katalon.core.logging.XmlKeywordLogger</class>
  <method>endKeyword</method>
  <thread>1</thread>
  <message>End action : waitForPageLoad(Delay, STOP_ON_FAILURE)</message>
  <nestedLevel>2</nestedLevel>
  <escapedJava>false</escapedJava>
</record>
<record>
  <date>2026-01-27T10:56:23.113912600Z</date>
  <millis>1769511383113</millis>
  <nanos>912600</nanos>
  <sequence>227</sequence>
  <level>START</level>
  <class>com.kms.katalon.core.logging.XmlKeywordLogger</class>
  <method>startKeyword</method>
  <thread>1</thread>
  <message>Start action : waitForElementVisible(TestObject().addProperty(&amp;quot;xpath&amp;quot;, EQUALS, &amp;quot;//table[@id =&amp;apos;topAppsDetailsList&amp;apos;]&amp;quot;), Delay)</message>
  <nestedLevel>2</nestedLevel>
  <escapedJava>false</escapedJava>
  <property name="startLine">35</property>
  <property name="stepIndex">9</property>
</record>
<record>
  <date>2026-01-27T10:56:25.435979800Z</date>
  <millis>1769511385435</millis>
  <nanos>979800</nanos>
  <sequence>233</sequence>
  <level>PASSED</level>
  <class>com.kms.katalon.core.logging.XmlKeywordLogger</class>
  <method>logMessage</method>
  <thread>1</thread>
  <message>Object &amp;apos;&amp;apos; is visible</message>
  <nestedLevel>1</nestedLevel>
  <escapedJava>false</escapedJava>
  <property name="testops-method-name">com.kms.katalon.core.webui.keyword.internal.WebUIKeywordMain.runKeywordUntilTimeout</property>
  <property name="testops-execution-stacktrace">com.kms.katalon.core.logging.KeywordLogger.logPassed(KeywordLogger.java:332)
com.kms.katalon.core.logging.KeywordLogger.logPassed(KeywordLogger.java:327)
com.kms.katalon.core.logging.KeywordLogger$logPassed$0.call(Unknown Source)
com.kms.katalon.core.webui.keyword.builtin.WaitForElementVisibleKeyword$_waitForElementVisible_closure1.doCall(WaitForElementVisibleKeyword.groovy:86)
java.base/jdk.internal.reflect.NativeMethodAccessorImpl.invoke0(Native Method)
java.base/jdk.internal.reflect.NativeMethodAccessorImpl.invoke(NativeMethodAccessorImpl.java:77)
java.base/jdk.internal.reflect.DelegatingMethodAccessorImpl.invoke(DelegatingMethodAccessorImpl.java:43)
jdk.proxy2/jdk.proxy2.$Proxy50.execute(Unknown Source)
com.kms.katalon.core.webui.model.SeleniumActionRetryController.performAction(SeleniumActionRetryController.java:96)
com.kms.katalon.core.webui.model.SeleniumActionRetryController.performAction(SeleniumActionRetryController.java:83)
com.kms.katalon.core.webui.keyword.internal.WebUIKeywordMain$_runKeywordUntilTimeout_closure2.doCall(WebUIKeywordMain.groovy:155)
com.kms.katalon.core.webui.keyword.internal.WebUIKeywordMain$_runKeywordUntilTimeout_closure2.call(WebUIKeywordMain.groovy)
com.kms.katalon.core.webui.keyword.internal.WebUIKeywordMain.runKeyword(WebUIKeywordMain.groovy:41)
com.kms.katalon.core.webui.keyword.internal.WebUIKeywordMain.runKeywordUntilTimeout(WebUIKeywordMain.groovy:152)
com.kms.katalon.core.webui.keyword.internal.WebUIKeywordMain$runKeywordUntilTimeout$0.call(Unknown Source)
com.kms.katalon.core.webui.keyword.builtin.WaitForElementVisibleKeyword.waitForElementVisible(WaitForElementVisibleKeyword.groovy:101)
com.kms.katalon.core.webui.keyword.builtin.WaitForElementVisibleKeyword.execute(WaitForElementVisibleKeyword.groovy:69)
com.kms.katalon.core.keyword.internal.KeywordExecutor.executeKeywordForPlatform(KeywordExecutor.groovy:90)
com.kms.katalon.core.webui.keyword.WebUiBuiltInKeywords.waitForElementVisible(WebUiBuiltInKeywords.groovy:514)
ActivityDashBoard.run(ActivityDashBoard:35)
</property>
</record>
<record>
  <date>2026-01-27T10:56:25.437989900Z</date>
  <millis>1769511385437</millis>
  <nanos>989900</nanos>
  <sequence>234</sequence>
  <level>END</level>
  <class>com.kms.katalon.core.logging.XmlKeywordLogger</class>
  <method>endKeyword</method>
  <thread>1</thread>
  <message>End action : waitForElementVisible(TestObject().addProperty(&amp;quot;xpath&amp;quot;, EQUALS, &amp;quot;//table[@id =&amp;apos;topAppsDetailsList&amp;apos;]&amp;quot;), Delay)</message>
  <nestedLevel>2</nestedLevel>
  <escapedJava>false</escapedJava>
</record>
<record>
  <date>2026-01-27T10:56:25.439998800Z</date>
  <millis>1769511385439</millis>
  <nanos>998800</nanos>
  <sequence>235</sequence>
  <level>START</level>
  <class>com.kms.katalon.core.logging.XmlKeywordLogger</class>
  <method>startKeyword</method>
  <thread>1</thread>
  <message>Start action : rows = findWebElements(TestObject().addProperty(&amp;quot;xpath&amp;quot;, EQUALS, &amp;quot;//table[@id=&amp;apos;topAppsDetailsList&amp;apos;]//tr&amp;quot;), Delay)</message>
  <nestedLevel>2</nestedLevel>
  <escapedJava>false</escapedJava>
  <property name="startLine">38</property>
  <property name="stepIndex">10</property>
</record>
<record>
  <date>2026-01-27T10:56:25.699775500Z</date>
  <millis>1769511385699</millis>
  <nanos>775500</nanos>
  <sequence>241</sequence>
  <level>PASSED</level>
  <class>com.kms.katalon.core.logging.XmlKeywordLogger</class>
  <method>logMessage</method>
  <thread>1</thread>
  <message>Found web elements by test object </message>
  <nestedLevel>1</nestedLevel>
  <escapedJava>false</escapedJava>
  <property name="testops-method-name">com.kms.katalon.core.webui.keyword.builtin.FindWebElementKeywords.findWebElements</property>
  <property name="testops-execution-stacktrace"></property>
</record>
<record>
  <date>2026-01-27T10:56:25.699775500Z</date>
  <millis>1769511385699</millis>
  <nanos>775500</nanos>
  <sequence>242</sequence>
  <level>END</level>
  <class>com.kms.katalon.core.logging.XmlKeywordLogger</class>
  <method>endKeyword</method>
  <thread>1</thread>
  <message>End action : rows = findWebElements(TestObject().addProperty(&amp;quot;xpath&amp;quot;, EQUALS, &amp;quot;//table[@id=&amp;apos;topAppsDetailsList&amp;apos;]//tr&amp;quot;), Delay)</message>
  <nestedLevel>2</nestedLevel>
  <escapedJava>false</escapedJava>
</record>
<record>
  <date>2026-01-27T10:56:25.706231600Z</date>
  <millis>1769511385706</millis>
  <nanos>231600</nanos>
  <sequence>243</sequence>
  <level>START</level>
  <class>com.kms.katalon.core.logging.XmlKeywordLogger</class>
  <method>startKeyword</method>
  <thread>1</thread>
  <message>Start action : for ([i = 0, i &amp;lt; rows.size(), (i++)])</message>
  <nestedLevel>2</nestedLevel>
  <escapedJava>false</escapedJava>
  <property name="startLine">41</property>
  <property name="stepIndex">11</property>
</record>
<record>
  <date>2026-01-27T10:56:25.706231600Z</date>
  <millis>1769511385706</millis>
  <nanos>231600</nanos>
  <sequence>244</sequence>
  <level>START</level>
  <class>com.kms.katalon.core.logging.XmlKeywordLogger</class>
  <method>startKeyword</method>
  <thread>1</thread>
  <message>Start action : cols = get(i).findElements(By.tagName(&amp;quot;td&amp;quot;))</message>
  <nestedLevel>3</nestedLevel>
  <escapedJava>false</escapedJava>
  <property name="startLine">42</property>
  <property name="stepIndex">1</property>
</record>
<record>
  <date>2026-01-27T10:56:25.989389900Z</date>
  <millis>1769511385989</millis>
  <nanos>389900</nanos>
  <sequence>245</sequence>
  <level>END</level>
  <class>com.kms.katalon.core.logging.XmlKeywordLogger</class>
  <method>endKeyword</method>
  <thread>1</thread>
  <message>End action : cols = get(i).findElements(By.tagName(&amp;quot;td&amp;quot;))</message>
  <nestedLevel>3</nestedLevel>
  <escapedJava>false</escapedJava>
</record>
<record>
  <date>2026-01-27T10:56:25.989389900Z</date>
  <millis>1769511385989</millis>
  <nanos>389900</nanos>
  <sequence>246</sequence>
  <level>START</level>
  <class>com.kms.katalon.core.logging.XmlKeywordLogger</class>
  <method>startKeyword</method>
  <thread>1</thread>
  <message>Start action : if (cols.size() == 0)</message>
  <nestedLevel>3</nestedLevel>
  <escapedJava>false</escapedJava>
  <property name="startLine">45</property>
  <property name="stepIndex">2</property>
</record>
<record>
  <date>2026-01-27T10:56:25.990402400Z</date>
  <millis>1769511385990</millis>
  <nanos>402400</nanos>
  <sequence>247</sequence>
  <level>START</level>
  <class>com.kms.katalon.core.logging.XmlKeywordLogger</class>
  <method>startKeyword</method>
  <thread>1</thread>
  <message>Start action : cols = get(i).findElements(By.tagName(&amp;quot;th&amp;quot;))</message>
  <nestedLevel>4</nestedLevel>
  <escapedJava>false</escapedJava>
  <property name="startLine">46</property>
  <property name="stepIndex">1</property>
</record>
<record>
  <date>2026-01-27T10:56:26.238945200Z</date>
  <millis>1769511386238</millis>
  <nanos>945200</nanos>
  <sequence>248</sequence>
  <level>END</level>
  <class>com.kms.katalon.core.logging.XmlKeywordLogger</class>
  <method>endKeyword</method>
  <thread>1</thread>
  <message>End action : cols = get(i).findElements(By.tagName(&amp;quot;th&amp;quot;))</message>
  <nestedLevel>4</nestedLevel>
  <escapedJava>false</escapedJava>
</record>
<record>
  <date>2026-01-27T10:56:26.238945200Z</date>
  <millis>1769511386238</millis>
  <nanos>945200</nanos>
  <sequence>249</sequence>
  <level>END</level>
  <class>com.kms.katalon.core.logging.XmlKeywordLogger</class>
  <method>endKeyword</method>
  <thread>1</thread>
  <message>End action : if (cols.size() == 0)</message>
  <nestedLevel>3</nestedLevel>
  <escapedJava>false</escapedJava>
</record>
<record>
  <date>2026-01-27T10:56:26.238945200Z</date>
  <millis>1769511386238</millis>
  <nanos>945200</nanos>
  <sequence>250</sequence>
  <level>START</level>
  <class>com.kms.katalon.core.logging.XmlKeywordLogger</class>
  <method>startKeyword</method>
  <thread>1</thread>
  <message>Start action : rowText = &amp;quot;&amp;quot;</message>
  <nestedLevel>3</nestedLevel>
  <escapedJava>false</escapedJava>
  <property name="startLine">49</property>
  <property name="stepIndex">3</property>
</record>
<record>
  <date>2026-01-27T10:56:26.238945200Z</date>
  <millis>1769511386238</millis>
  <nanos>945200</nanos>
  <sequence>251</sequence>
  <level>END</level>
  <class>com.kms.katalon.core.logging.XmlKeywordLogger</class>
  <method>endKeyword</method>
  <thread>1</thread>
  <message>End action : rowText = &amp;quot;&amp;quot;</message>
  <nestedLevel>3</nestedLevel>
  <escapedJava>false</escapedJava>
</record>
<record>
  <date>2026-01-27T10:56:26.238945200Z</date>
  <millis>1769511386238</millis>
  <nanos>945200</nanos>
  <sequence>252</sequence>
  <level>START</level>
  <class>com.kms.katalon.core.logging.XmlKeywordLogger</class>
  <method>startKeyword</method>
  <thread>1</thread>
  <message>Start action : for (org.openqa.selenium.WebElement col : cols)</message>
  <nestedLevel>3</nestedLevel>
  <escapedJava>false</escapedJava>
  <property name="startLine">51</property>
  <property name="stepIndex">4</property>
</record>
<record>
  <date>2026-01-27T10:56:26.246459500Z</date>
  <millis>1769511386246</millis>
  <nanos>459500</nanos>
  <sequence>253</sequence>
  <level>START</level>
  <class>com.kms.katalon.core.logging.XmlKeywordLogger</class>
  <method>startKeyword</method>
  <thread>1</thread>
  <message>Start action : rowText += col.getText() + &amp;quot; | &amp;quot;</message>
  <nestedLevel>4</nestedLevel>
  <escapedJava>false</escapedJava>
  <property name="startLine">52</property>
  <property name="stepIndex">1</property>
</record>
<record>
  <date>2026-01-27T10:56:26.264881800Z</date>
  <millis>1769511386264</millis>
  <nanos>881800</nanos>
  <sequence>254</sequence>
  <level>END</level>
  <class>com.kms.katalon.core.logging.XmlKeywordLogger</class>
  <method>endKeyword</method>
  <thread>1</thread>
  <message>End action : rowText += col.getText() + &amp;quot; | &amp;quot;</message>
  <nestedLevel>4</nestedLevel>
  <escapedJava>false</escapedJava>
</record>
<record>
  <date>2026-01-27T10:56:26.264881800Z</date>
  <millis>1769511386264</millis>
  <nanos>881800</nanos>
  <sequence>255</sequence>
  <level>START</level>
  <class>com.kms.katalon.core.logging.XmlKeywordLogger</class>
  <method>startKeyword</method>
  <thread>1</thread>
  <message>Start action : rowText += col.getText() + &amp;quot; | &amp;quot;</message>
  <nestedLevel>4</nestedLevel>
  <escapedJava>false</escapedJava>
  <property name="startLine">52</property>
  <property name="stepIndex">1</property>
</record>
<record>
  <date>2026-01-27T10:56:26.286178400Z</date>
  <millis>1769511386286</millis>
  <nanos>178400</nanos>
  <sequence>256</sequence>
  <level>END</level>
  <class>com.kms.katalon.core.logging.XmlKeywordLogger</class>
  <method>endKeyword</method>
  <thread>1</thread>
  <message>End action : rowText += col.getText() + &amp;quot; | &amp;quot;</message>
  <nestedLevel>4</nestedLevel>
  <escapedJava>false</escapedJava>
</record>
<record>
  <date>2026-01-27T10:56:26.286178400Z</date>
  <millis>1769511386286</millis>
  <nanos>178400</nanos>
  <sequence>257</sequence>
  <level>START</level>
  <class>com.kms.katalon.core.logging.XmlKeywordLogger</class>
  <method>startKeyword</method>
  <thread>1</thread>
  <message>Start action : rowText += col.getText() + &amp;quot; | &amp;quot;</message>
  <nestedLevel>4</nestedLevel>
  <escapedJava>false</escapedJava>
  <property name="startLine">52</property>
  <property name="stepIndex">1</property>
</record>
<record>
  <date>2026-01-27T10:56:26.301079300Z</date>
  <millis>1769511386301</millis>
  <nanos>79300</nanos>
  <sequence>258</sequence>
  <level>END</level>
  <class>com.kms.katalon.core.logging.XmlKeywordLogger</class>
  <method>endKeyword</method>
  <thread>1</thread>
  <message>End action : rowText += col.getText() + &amp;quot; | &amp;quot;</message>
  <nestedLevel>4</nestedLevel>
  <escapedJava>false</escapedJava>
</record>
<record>
  <date>2026-01-27T10:56:26.302169900Z</date>
  <millis>1769511386302</millis>
  <nanos>169900</nanos>
  <sequence>259</sequence>
  <level>START</level>
  <class>com.kms.katalon.core.logging.XmlKeywordLogger</class>
  <method>startKeyword</method>
  <thread>1</thread>
  <message>Start action : rowText += col.getText() + &amp;quot; | &amp;quot;</message>
  <nestedLevel>4</nestedLevel>
  <escapedJava>false</escapedJava>
  <property name="startLine">52</property>
  <property name="stepIndex">1</property>
</record>
<record>
  <date>2026-01-27T10:56:26.317745800Z</date>
  <millis>1769511386317</millis>
  <nanos>745800</nanos>
  <sequence>260</sequence>
  <level>END</level>
  <class>com.kms.katalon.core.logging.XmlKeywordLogger</class>
  <method>endKeyword</method>
  <thread>1</thread>
  <message>End action : rowText += col.getText() + &amp;quot; | &amp;quot;</message>
  <nestedLevel>4</nestedLevel>
  <escapedJava>false</escapedJava>
</record>
<record>
  <date>2026-01-27T10:56:26.319754800Z</date>
  <millis>1769511386319</millis>
  <nanos>754800</nanos>
  <sequence>261</sequence>
  <level>START</level>
  <class>com.kms.katalon.core.logging.XmlKeywordLogger</class>
  <method>startKeyword</method>
  <thread>1</thread>
  <message>Start action : rowText += col.getText() + &amp;quot; | &amp;quot;</message>
  <nestedLevel>4</nestedLevel>
  <escapedJava>false</escapedJava>
  <property name="startLine">52</property>
  <property name="stepIndex">1</property>
</record>
<record>
  <date>2026-01-27T10:56:26.333189500Z</date>
  <millis>1769511386333</millis>
  <nanos>189500</nanos>
  <sequence>262</sequence>
  <level>END</level>
  <class>com.kms.katalon.core.logging.XmlKeywordLogger</class>
  <method>endKeyword</method>
  <thread>1</thread>
  <message>End action : rowText += col.getText() + &amp;quot; | &amp;quot;</message>
  <nestedLevel>4</nestedLevel>
  <escapedJava>false</escapedJava>
</record>
<record>
  <date>2026-01-27T10:56:26.333189500Z</date>
  <millis>1769511386333</millis>
  <nanos>189500</nanos>
  <sequence>263</sequence>
  <level>START</level>
  <class>com.kms.katalon.core.logging.XmlKeywordLogger</class>
  <method>startKeyword</method>
  <thread>1</thread>
  <message>Start action : rowText += col.getText() + &amp;quot; | &amp;quot;</message>
  <nestedLevel>4</nestedLevel>
  <escapedJava>false</escapedJava>
  <property name="startLine">52</property>
  <property name="stepIndex">1</property>
</record>
<record>
  <date>2026-01-27T10:56:26.346961Z</date>
  <millis>1769511386346</millis>
  <nanos>961000</nanos>
  <sequence>264</sequence>
  <level>END</level>
  <class>com.kms.katalon.core.logging.XmlKeywordLogger</class>
  <method>endKeyword</method>
  <thread>1</thread>
  <message>End action : rowText += col.getText() + &amp;quot; | &amp;quot;</message>
  <nestedLevel>4</nestedLevel>
  <escapedJava>false</escapedJava>
</record>
<record>
  <date>2026-01-27T10:56:26.346961Z</date>
  <millis>1769511386346</millis>
  <nanos>961000</nanos>
  <sequence>265</sequence>
  <level>START</level>
  <class>com.kms.katalon.core.logging.XmlKeywordLogger</class>
  <method>startKeyword</method>
  <thread>1</thread>
  <message>Start action : rowText += col.getText() + &amp;quot; | &amp;quot;</message>
  <nestedLevel>4</nestedLevel>
  <escapedJava>false</escapedJava>
  <property name="startLine">52</property>
  <property name="stepIndex">1</property>
</record>
<record>
  <date>2026-01-27T10:56:26.363695700Z</date>
  <millis>1769511386363</millis>
  <nanos>695700</nanos>
  <sequence>266</sequence>
  <level>END</level>
  <class>com.kms.katalon.core.logging.XmlKeywordLogger</class>
  <method>endKeyword</method>
  <thread>1</thread>
  <message>End action : rowText += col.getText() + &amp;quot; | &amp;quot;</message>
  <nestedLevel>4</nestedLevel>
  <escapedJava>false</escapedJava>
</record>
<record>
  <date>2026-01-27T10:56:26.363695700Z</date>
  <millis>1769511386363</millis>
  <nanos>695700</nanos>
  <sequence>267</sequence>
  <level>START</level>
  <class>com.kms.katalon.core.logging.XmlKeywordLogger</class>
  <method>startKeyword</method>
  <thread>1</thread>
  <message>Start action : rowText += col.getText() + &amp;quot; | &amp;quot;</message>
  <nestedLevel>4</nestedLevel>
  <escapedJava>false</escapedJava>
  <property name="startLine">52</property>
  <property name="stepIndex">1</property>
</record>
<record>
  <date>2026-01-27T10:56:26.381518500Z</date>
  <millis>1769511386381</millis>
  <nanos>518500</nanos>
  <sequence>268</sequence>
  <level>END</level>
  <class>com.kms.katalon.core.logging.XmlKeywordLogger</class>
  <method>endKeyword</method>
  <thread>1</thread>
  <message>End action : rowText += col.getText() + &amp;quot; | &amp;quot;</message>
  <nestedLevel>4</nestedLevel>
  <escapedJava>false</escapedJava>
</record>
<record>
  <date>2026-01-27T10:56:26.381518500Z</date>
  <millis>1769511386381</millis>
  <nanos>518500</nanos>
  <sequence>269</sequence>
  <level>END</level>
  <class>com.kms.katalon.core.logging.XmlKeywordLogger</class>
  <method>endKeyword</method>
  <thread>1</thread>
  <message>End action : for (org.openqa.selenium.WebElement col : cols)</message>
  <nestedLevel>3</nestedLevel>
  <escapedJava>false</escapedJava>
</record>
<record>
  <date>2026-01-27T10:56:26.386277300Z</date>
  <millis>1769511386386</millis>
  <nanos>277300</nanos>
  <sequence>270</sequence>
  <level>START</level>
  <class>com.kms.katalon.core.logging.XmlKeywordLogger</class>
  <method>startKeyword</method>
  <thread>1</thread>
  <message>Start action : logInfo(&amp;quot;Row &amp;quot; + i + &amp;quot;: &amp;quot; + rowText)</message>
  <nestedLevel>3</nestedLevel>
  <escapedJava>false</escapedJava>
  <property name="startLine">55</property>
  <property name="stepIndex">5</property>
</record>
<record>
  <date>2026-01-27T10:56:26.388921Z</date>
  <millis>1769511386388</millis>
  <nanos>921000</nanos>
  <sequence>271</sequence>
  <level>INFO</level>
  <class>com.kms.katalon.core.logging.XmlKeywordLogger</class>
  <method>logMessage</method>
  <thread>1</thread>
  <message>Row 0:  | Rank | Activity | Duration | #Users | #Switches | Rating | Category | </message>
  <nestedLevel>1</nestedLevel>
  <escapedJava>false</escapedJava>
</record>
<record>
  <date>2026-01-27T10:56:26.398350400Z</date>
  <millis>1769511386398</millis>
  <nanos>350400</nanos>
  <sequence>272</sequence>
  <level>END</level>
  <class>com.kms.katalon.core.logging.XmlKeywordLogger</class>
  <method>endKeyword</method>
  <thread>1</thread>
  <message>End action : logInfo(&amp;quot;Row &amp;quot; + i + &amp;quot;: &amp;quot; + rowText)</message>
  <nestedLevel>3</nestedLevel>
  <escapedJava>false</escapedJava>
</record>
<record>
  <date>2026-01-27T10:56:26.398350400Z</date>
  <millis>1769511386398</millis>
  <nanos>350400</nanos>
  <sequence>273</sequence>
  <level>START</level>
  <class>com.kms.katalon.core.logging.XmlKeywordLogger</class>
  <method>startKeyword</method>
  <thread>1</thread>
  <message>Start action : cols = get(i).findElements(By.tagName(&amp;quot;td&amp;quot;))</message>
  <nestedLevel>3</nestedLevel>
  <escapedJava>false</escapedJava>
  <property name="startLine">42</property>
  <property name="stepIndex">1</property>
</record>
<record>
  <date>2026-01-27T10:56:26.626126500Z</date>
  <millis>1769511386626</millis>
  <nanos>126500</nanos>
  <sequence>274</sequence>
  <level>END</level>
  <class>com.kms.katalon.core.logging.XmlKeywordLogger</class>
  <method>endKeyword</method>
  <thread>1</thread>
  <message>End action : cols = get(i).findElements(By.tagName(&amp;quot;td&amp;quot;))</message>
  <nestedLevel>3</nestedLevel>
  <escapedJava>false</escapedJava>
</record>
<record>
  <date>2026-01-27T10:56:26.626126500Z</date>
  <millis>1769511386626</millis>
  <nanos>126500</nanos>
  <sequence>275</sequence>
  <level>START</level>
  <class>com.kms.katalon.core.logging.XmlKeywordLogger</class>
  <method>startKeyword</method>
  <thread>1</thread>
  <message>Start action : if (cols.size() == 0)</message>
  <nestedLevel>3</nestedLevel>
  <escapedJava>false</escapedJava>
  <property name="startLine">45</property>
  <property name="stepIndex">2</property>
</record>
<record>
  <date>2026-01-27T10:56:26.626126500Z</date>
  <millis>1769511386626</millis>
  <nanos>126500</nanos>
  <sequence>276</sequence>
  <level>END</level>
  <class>com.kms.katalon.core.logging.XmlKeywordLogger</class>
  <method>endKeyword</method>
  <thread>1</thread>
  <message>End action : if (cols.size() == 0)</message>
  <nestedLevel>3</nestedLevel>
  <escapedJava>false</escapedJava>
</record>
<record>
  <date>2026-01-27T10:56:26.626126500Z</date>
  <millis>1769511386626</millis>
  <nanos>126500</nanos>
  <sequence>277</sequence>
  <level>START</level>
  <class>com.kms.katalon.core.logging.XmlKeywordLogger</class>
  <method>startKeyword</method>
  <thread>1</thread>
  <message>Start action : rowText = &amp;quot;&amp;quot;</message>
  <nestedLevel>3</nestedLevel>
  <escapedJava>false</escapedJava>
  <property name="startLine">49</property>
  <property name="stepIndex">3</property>
</record>
<record>
  <date>2026-01-27T10:56:26.626126500Z</date>
  <millis>1769511386626</millis>
  <nanos>126500</nanos>
  <sequence>278</sequence>
  <level>END</level>
  <class>com.kms.katalon.core.logging.XmlKeywordLogger</class>
  <method>endKeyword</method>
  <thread>1</thread>
  <message>End action : rowText = &amp;quot;&amp;quot;</message>
  <nestedLevel>3</nestedLevel>
  <escapedJava>false</escapedJava>
</record>
<record>
  <date>2026-01-27T10:56:26.642153200Z</date>
  <millis>1769511386642</millis>
  <nanos>153200</nanos>
  <sequence>279</sequence>
  <level>START</level>
  <class>com.kms.katalon.core.logging.XmlKeywordLogger</class>
  <method>startKeyword</method>
  <thread>1</thread>
  <message>Start action : for (org.openqa.selenium.WebElement col : cols)</message>
  <nestedLevel>3</nestedLevel>
  <escapedJava>false</escapedJava>
  <property name="startLine">51</property>
  <property name="stepIndex">4</property>
</record>
<record>
  <date>2026-01-27T10:56:26.642153200Z</date>
  <millis>1769511386642</millis>
  <nanos>153200</nanos>
  <sequence>280</sequence>
  <level>START</level>
  <class>com.kms.katalon.core.logging.XmlKeywordLogger</class>
  <method>startKeyword</method>
  <thread>1</thread>
  <message>Start action : rowText += col.getText() + &amp;quot; | &amp;quot;</message>
  <nestedLevel>4</nestedLevel>
  <escapedJava>false</escapedJava>
  <property name="startLine">52</property>
  <property name="stepIndex">1</property>
</record>
<record>
  <date>2026-01-27T10:56:26.657851Z</date>
  <millis>1769511386657</millis>
  <nanos>851000</nanos>
  <sequence>281</sequence>
  <level>END</level>
  <class>com.kms.katalon.core.logging.XmlKeywordLogger</class>
  <method>endKeyword</method>
  <thread>1</thread>
  <message>End action : rowText += col.getText() + &amp;quot; | &amp;quot;</message>
  <nestedLevel>4</nestedLevel>
  <escapedJava>false</escapedJava>
</record>
<record>
  <date>2026-01-27T10:56:26.657851Z</date>
  <millis>1769511386657</millis>
  <nanos>851000</nanos>
  <sequence>282</sequence>
  <level>START</level>
  <class>com.kms.katalon.core.logging.XmlKeywordLogger</class>
  <method>startKeyword</method>
  <thread>1</thread>
  <message>Start action : rowText += col.getText() + &amp;quot; | &amp;quot;</message>
  <nestedLevel>4</nestedLevel>
  <escapedJava>false</escapedJava>
  <property name="startLine">52</property>
  <property name="stepIndex">1</property>
</record>
<record>
  <date>2026-01-27T10:56:26.666161800Z</date>
  <millis>1769511386666</millis>
  <nanos>161800</nanos>
  <sequence>283</sequence>
  <level>END</level>
  <class>com.kms.katalon.core.logging.XmlKeywordLogger</class>
  <method>endKeyword</method>
  <thread>1</thread>
  <message>End action : rowText += col.getText() + &amp;quot; | &amp;quot;</message>
  <nestedLevel>4</nestedLevel>
  <escapedJava>false</escapedJava>
</record>
<record>
  <date>2026-01-27T10:56:26.666161800Z</date>
  <millis>1769511386666</millis>
  <nanos>161800</nanos>
  <sequence>284</sequence>
  <level>START</level>
  <class>com.kms.katalon.core.logging.XmlKeywordLogger</class>
  <method>startKeyword</method>
  <thread>1</thread>
  <message>Start action : rowText += col.getText() + &amp;quot; | &amp;quot;</message>
  <nestedLevel>4</nestedLevel>
  <escapedJava>false</escapedJava>
  <property name="startLine">52</property>
  <property name="stepIndex">1</property>
</record>
<record>
  <date>2026-01-27T10:56:26.681803600Z</date>
  <millis>1769511386681</millis>
  <nanos>803600</nanos>
  <sequence>285</sequence>
  <level>END</level>
  <class>com.kms.katalon.core.logging.XmlKeywordLogger</class>
  <method>endKeyword</method>
  <thread>1</thread>
  <message>End action : rowText += col.getText() + &amp;quot; | &amp;quot;</message>
  <nestedLevel>4</nestedLevel>
  <escapedJava>false</escapedJava>
</record>
<record>
  <date>2026-01-27T10:56:26.681803600Z</date>
  <millis>1769511386681</millis>
  <nanos>803600</nanos>
  <sequence>286</sequence>
  <level>START</level>
  <class>com.kms.katalon.core.logging.XmlKeywordLogger</class>
  <method>startKeyword</method>
  <thread>1</thread>
  <message>Start action : rowText += col.getText() + &amp;quot; | &amp;quot;</message>
  <nestedLevel>4</nestedLevel>
  <escapedJava>false</escapedJava>
  <property name="startLine">52</property>
  <property name="stepIndex">1</property>
</record>
<record>
  <date>2026-01-27T10:56:26.698847900Z</date>
  <millis>1769511386698</millis>
  <nanos>847900</nanos>
  <sequence>287</sequence>
  <level>END</level>
  <class>com.kms.katalon.core.logging.XmlKeywordLogger</class>
  <method>endKeyword</method>
  <thread>1</thread>
  <message>End action : rowText += col.getText() + &amp;quot; | &amp;quot;</message>
  <nestedLevel>4</nestedLevel>
  <escapedJava>false</escapedJava>
</record>
<record>
  <date>2026-01-27T10:56:26.698847900Z</date>
  <millis>1769511386698</millis>
  <nanos>847900</nanos>
  <sequence>288</sequence>
  <level>START</level>
  <class>com.kms.katalon.core.logging.XmlKeywordLogger</class>
  <method>startKeyword</method>
  <thread>1</thread>
  <message>Start action : rowText += col.getText() + &amp;quot; | &amp;quot;</message>
  <nestedLevel>4</nestedLevel>
  <escapedJava>false</escapedJava>
  <property name="startLine">52</property>
  <property name="stepIndex">1</property>
</record>
<record>
  <date>2026-01-27T10:56:26.715376500Z</date>
  <millis>1769511386715</millis>
  <nanos>376500</nanos>
  <sequence>289</sequence>
  <level>END</level>
  <class>com.kms.katalon.core.logging.XmlKeywordLogger</class>
  <method>endKeyword</method>
  <thread>1</thread>
  <message>End action : rowText += col.getText() + &amp;quot; | &amp;quot;</message>
  <nestedLevel>4</nestedLevel>
  <escapedJava>false</escapedJava>
</record>
<record>
  <date>2026-01-27T10:56:26.715376500Z</date>
  <millis>1769511386715</millis>
  <nanos>376500</nanos>
  <sequence>290</sequence>
  <level>START</level>
  <class>com.kms.katalon.core.logging.XmlKeywordLogger</class>
  <method>startKeyword</method>
  <thread>1</thread>
  <message>Start action : rowText += col.getText() + &amp;quot; | &amp;quot;</message>
  <nestedLevel>4</nestedLevel>
  <escapedJava>false</escapedJava>
  <property name="startLine">52</property>
  <property name="stepIndex">1</property>
</record>
<record>
  <date>2026-01-27T10:56:26.731451Z</date>
  <millis>1769511386731</millis>
  <nanos>451000</nanos>
  <sequence>291</sequence>
  <level>END</level>
  <class>com.kms.katalon.core.logging.XmlKeywordLogger</class>
  <method>endKeyword</method>
  <thread>1</thread>
  <message>End action : rowText += col.getText() + &amp;quot; | &amp;quot;</message>
  <nestedLevel>4</nestedLevel>
  <escapedJava>false</escapedJava>
</record>
<record>
  <date>2026-01-27T10:56:26.732169600Z</date>
  <millis>1769511386732</millis>
  <nanos>169600</nanos>
  <sequence>292</sequence>
  <level>START</level>
  <class>com.kms.katalon.core.logging.XmlKeywordLogger</class>
  <method>startKeyword</method>
  <thread>1</thread>
  <message>Start action : rowText += col.getText() + &amp;quot; | &amp;quot;</message>
  <nestedLevel>4</nestedLevel>
  <escapedJava>false</escapedJava>
  <property name="startLine">52</property>
  <property name="stepIndex">1</property>
</record>
<record>
  <date>2026-01-27T10:56:26.745686900Z</date>
  <millis>1769511386745</millis>
  <nanos>686900</nanos>
  <sequence>293</sequence>
  <level>END</level>
  <class>com.kms.katalon.core.logging.XmlKeywordLogger</class>
  <method>endKeyword</method>
  <thread>1</thread>
  <message>End action : rowText += col.getText() + &amp;quot; | &amp;quot;</message>
  <nestedLevel>4</nestedLevel>
  <escapedJava>false</escapedJava>
</record>
<record>
  <date>2026-01-27T10:56:26.746802500Z</date>
  <millis>1769511386746</millis>
  <nanos>802500</nanos>
  <sequence>294</sequence>
  <level>START</level>
  <class>com.kms.katalon.core.logging.XmlKeywordLogger</class>
  <method>startKeyword</method>
  <thread>1</thread>
  <message>Start action : rowText += col.getText() + &amp;quot; | &amp;quot;</message>
  <nestedLevel>4</nestedLevel>
  <escapedJava>false</escapedJava>
  <property name="startLine">52</property>
  <property name="stepIndex">1</property>
</record>
<record>
  <date>2026-01-27T10:56:26.763145400Z</date>
  <millis>1769511386763</millis>
  <nanos>145400</nanos>
  <sequence>295</sequence>
  <level>END</level>
  <class>com.kms.katalon.core.logging.XmlKeywordLogger</class>
  <method>endKeyword</method>
  <thread>1</thread>
  <message>End action : rowText += col.getText() + &amp;quot; | &amp;quot;</message>
  <nestedLevel>4</nestedLevel>
  <escapedJava>false</escapedJava>
</record>
<record>
  <date>2026-01-27T10:56:26.764147700Z</date>
  <millis>1769511386764</millis>
  <nanos>147700</nanos>
  <sequence>296</sequence>
  <level>END</level>
  <class>com.kms.katalon.core.logging.XmlKeywordLogger</class>
  <method>endKeyword</method>
  <thread>1</thread>
  <message>End action : for (org.openqa.selenium.WebElement col : cols)</message>
  <nestedLevel>3</nestedLevel>
  <escapedJava>false</escapedJava>
</record>
<record>
  <date>2026-01-27T10:56:26.765143300Z</date>
  <millis>1769511386765</millis>
  <nanos>143300</nanos>
  <sequence>297</sequence>
  <level>START</level>
  <class>com.kms.katalon.core.logging.XmlKeywordLogger</class>
  <method>startKeyword</method>
  <thread>1</thread>
  <message>Start action : logInfo(&amp;quot;Row &amp;quot; + i + &amp;quot;: &amp;quot; + rowText)</message>
  <nestedLevel>3</nestedLevel>
  <escapedJava>false</escapedJava>
  <property name="startLine">55</property>
  <property name="stepIndex">5</property>
</record>
<record>
  <date>2026-01-27T10:56:26.765143300Z</date>
  <millis>1769511386765</millis>
  <nanos>143300</nanos>
  <sequence>298</sequence>
  <level>INFO</level>
  <class>com.kms.katalon.core.logging.XmlKeywordLogger</class>
  <method>logMessage</method>
  <thread>1</thread>
  <message>Row 1:  | 1 | Eclipse | 2270.26h | 42 | 455896 | +2 | Development Tools | </message>
  <nestedLevel>1</nestedLevel>
  <escapedJava>false</escapedJava>
</record>
<record>
  <date>2026-01-27T10:56:26.768135400Z</date>
  <millis>1769511386768</millis>
  <nanos>135400</nanos>
  <sequence>299</sequence>
  <level>END</level>
  <class>com.kms.katalon.core.logging.XmlKeywordLogger</class>
  <method>endKeyword</method>
  <thread>1</thread>
  <message>End action : logInfo(&amp;quot;Row &amp;quot; + i + &amp;quot;: &amp;quot; + rowText)</message>
  <nestedLevel>3</nestedLevel>
  <escapedJava>false</escapedJava>
</record>
<record>
  <date>2026-01-27T10:56:26.768135400Z</date>
  <millis>1769511386768</millis>
  <nanos>135400</nanos>
  <sequence>300</sequence>
  <level>START</level>
  <class>com.kms.katalon.core.logging.XmlKeywordLogger</class>
  <method>startKeyword</method>
  <thread>1</thread>
  <message>Start action : cols = get(i).findElements(By.tagName(&amp;quot;td&amp;quot;))</message>
  <nestedLevel>3</nestedLevel>
  <escapedJava>false</escapedJava>
  <property name="startLine">42</property>
  <property name="stepIndex">1</property>
</record>
<record>
  <date>2026-01-27T10:56:27.024378900Z</date>
  <millis>1769511387024</millis>
  <nanos>378900</nanos>
  <sequence>301</sequence>
  <level>END</level>
  <class>com.kms.katalon.core.logging.XmlKeywordLogger</class>
  <method>endKeyword</method>
  <thread>1</thread>
  <message>End action : cols = get(i).findElements(By.tagName(&amp;quot;td&amp;quot;))</message>
  <nestedLevel>3</nestedLevel>
  <escapedJava>false</escapedJava>
</record>
<record>
  <date>2026-01-27T10:56:27.024378900Z</date>
  <millis>1769511387024</millis>
  <nanos>378900</nanos>
  <sequence>302</sequence>
  <level>START</level>
  <class>com.kms.katalon.core.logging.XmlKeywordLogger</class>
  <method>startKeyword</method>
  <thread>1</thread>
  <message>Start action : if (cols.size() == 0)</message>
  <nestedLevel>3</nestedLevel>
  <escapedJava>false</escapedJava>
  <property name="startLine">45</property>
  <property name="stepIndex">2</property>
</record>
<record>
  <date>2026-01-27T10:56:27.024378900Z</date>
  <millis>1769511387024</millis>
  <nanos>378900</nanos>
  <sequence>303</sequence>
  <level>END</level>
  <class>com.kms.katalon.core.logging.XmlKeywordLogger</class>
  <method>endKeyword</method>
  <thread>1</thread>
  <message>End action : if (cols.size() == 0)</message>
  <nestedLevel>3</nestedLevel>
  <escapedJava>false</escapedJava>
</record>
<record>
  <date>2026-01-27T10:56:27.024378900Z</date>
  <millis>1769511387024</millis>
  <nanos>378900</nanos>
  <sequence>304</sequence>
  <level>START</level>
  <class>com.kms.katalon.core.logging.XmlKeywordLogger</class>
  <method>startKeyword</method>
  <thread>1</thread>
  <message>Start action : rowText = &amp;quot;&amp;quot;</message>
  <nestedLevel>3</nestedLevel>
  <escapedJava>false</escapedJava>
  <property name="startLine">49</property>
  <property name="stepIndex">3</property>
</record>
<record>
  <date>2026-01-27T10:56:27.024378900Z</date>
  <millis>1769511387024</millis>
  <nanos>378900</nanos>
  <sequence>305</sequence>
  <level>END</level>
  <class>com.kms.katalon.core.logging.XmlKeywordLogger</class>
  <method>endKeyword</method>
  <thread>1</thread>
  <message>End action : rowText = &amp;quot;&amp;quot;</message>
  <nestedLevel>3</nestedLevel>
  <escapedJava>false</escapedJava>
</record>
<record>
  <date>2026-01-27T10:56:27.024378900Z</date>
  <millis>1769511387024</millis>
  <nanos>378900</nanos>
  <sequence>306</sequence>
  <level>START</level>
  <class>com.kms.katalon.core.logging.XmlKeywordLogger</class>
  <method>startKeyword</method>
  <thread>1</thread>
  <message>Start action : for (org.openqa.selenium.WebElement col : cols)</message>
  <nestedLevel>3</nestedLevel>
  <escapedJava>false</escapedJava>
  <property name="startLine">51</property>
  <property name="stepIndex">4</property>
</record>
<record>
  <date>2026-01-27T10:56:27.024378900Z</date>
  <millis>1769511387024</millis>
  <nanos>378900</nanos>
  <sequence>307</sequence>
  <level>START</level>
  <class>com.kms.katalon.core.logging.XmlKeywordLogger</class>
  <method>startKeyword</method>
  <thread>1</thread>
  <message>Start action : rowText += col.getText() + &amp;quot; | &amp;quot;</message>
  <nestedLevel>4</nestedLevel>
  <escapedJava>false</escapedJava>
  <property name="startLine">52</property>
  <property name="stepIndex">1</property>
</record>
<record>
  <date>2026-01-27T10:56:27.040390800Z</date>
  <millis>1769511387040</millis>
  <nanos>390800</nanos>
  <sequence>308</sequence>
  <level>END</level>
  <class>com.kms.katalon.core.logging.XmlKeywordLogger</class>
  <method>endKeyword</method>
  <thread>1</thread>
  <message>End action : rowText += col.getText() + &amp;quot; | &amp;quot;</message>
  <nestedLevel>4</nestedLevel>
  <escapedJava>false</escapedJava>
</record>
<record>
  <date>2026-01-27T10:56:27.040390800Z</date>
  <millis>1769511387040</millis>
  <nanos>390800</nanos>
  <sequence>309</sequence>
  <level>START</level>
  <class>com.kms.katalon.core.logging.XmlKeywordLogger</class>
  <method>startKeyword</method>
  <thread>1</thread>
  <message>Start action : rowText += col.getText() + &amp;quot; | &amp;quot;</message>
  <nestedLevel>4</nestedLevel>
  <escapedJava>false</escapedJava>
  <property name="startLine">52</property>
  <property name="stepIndex">1</property>
</record>
<record>
  <date>2026-01-27T10:56:27.048975100Z</date>
  <millis>1769511387048</millis>
  <nanos>975100</nanos>
  <sequence>310</sequence>
  <level>END</level>
  <class>com.kms.katalon.core.logging.XmlKeywordLogger</class>
  <method>endKeyword</method>
  <thread>1</thread>
  <message>End action : rowText += col.getText() + &amp;quot; | &amp;quot;</message>
  <nestedLevel>4</nestedLevel>
  <escapedJava>false</escapedJava>
</record>
<record>
  <date>2026-01-27T10:56:27.048975100Z</date>
  <millis>1769511387048</millis>
  <nanos>975100</nanos>
  <sequence>311</sequence>
  <level>START</level>
  <class>com.kms.katalon.core.logging.XmlKeywordLogger</class>
  <method>startKeyword</method>
  <thread>1</thread>
  <message>Start action : rowText += col.getText() + &amp;quot; | &amp;quot;</message>
  <nestedLevel>4</nestedLevel>
  <escapedJava>false</escapedJava>
  <property name="startLine">52</property>
  <property name="stepIndex">1</property>
</record>
<record>
  <date>2026-01-27T10:56:27.066877700Z</date>
  <millis>1769511387066</millis>
  <nanos>877700</nanos>
  <sequence>312</sequence>
  <level>END</level>
  <class>com.kms.katalon.core.logging.XmlKeywordLogger</class>
  <method>endKeyword</method>
  <thread>1</thread>
  <message>End action : rowText += col.getText() + &amp;quot; | &amp;quot;</message>
  <nestedLevel>4</nestedLevel>
  <escapedJava>false</escapedJava>
</record>
<record>
  <date>2026-01-27T10:56:27.066877700Z</date>
  <millis>1769511387066</millis>
  <nanos>877700</nanos>
  <sequence>313</sequence>
  <level>START</level>
  <class>com.kms.katalon.core.logging.XmlKeywordLogger</class>
  <method>startKeyword</method>
  <thread>1</thread>
  <message>Start action : rowText += col.getText() + &amp;quot; | &amp;quot;</message>
  <nestedLevel>4</nestedLevel>
  <escapedJava>false</escapedJava>
  <property name="startLine">52</property>
  <property name="stepIndex">1</property>
</record>
<record>
  <date>2026-01-27T10:56:27.079306400Z</date>
  <millis>1769511387079</millis>
  <nanos>306400</nanos>
  <sequence>314</sequence>
  <level>END</level>
  <class>com.kms.katalon.core.logging.XmlKeywordLogger</class>
  <method>endKeyword</method>
  <thread>1</thread>
  <message>End action : rowText += col.getText() + &amp;quot; | &amp;quot;</message>
  <nestedLevel>4</nestedLevel>
  <escapedJava>false</escapedJava>
</record>
<record>
  <date>2026-01-27T10:56:27.080895800Z</date>
  <millis>1769511387080</millis>
  <nanos>895800</nanos>
  <sequence>315</sequence>
  <level>START</level>
  <class>com.kms.katalon.core.logging.XmlKeywordLogger</class>
  <method>startKeyword</method>
  <thread>1</thread>
  <message>Start action : rowText += col.getText() + &amp;quot; | &amp;quot;</message>
  <nestedLevel>4</nestedLevel>
  <escapedJava>false</escapedJava>
  <property name="startLine">52</property>
  <property name="stepIndex">1</property>
</record>
<record>
  <date>2026-01-27T10:56:27.085226Z</date>
  <millis>1769511387085</millis>
  <nanos>226000</nanos>
  <sequence>316</sequence>
  <level>END</level>
  <class>com.kms.katalon.core.logging.XmlKeywordLogger</class>
  <method>endKeyword</method>
  <thread>1</thread>
  <message>End action : rowText += col.getText() + &amp;quot; | &amp;quot;</message>
  <nestedLevel>4</nestedLevel>
  <escapedJava>false</escapedJava>
</record>
<record>
  <date>2026-01-27T10:56:27.085226Z</date>
  <millis>1769511387085</millis>
  <nanos>226000</nanos>
  <sequence>317</sequence>
  <level>START</level>
  <class>com.kms.katalon.core.logging.XmlKeywordLogger</class>
  <method>startKeyword</method>
  <thread>1</thread>
  <message>Start action : rowText += col.getText() + &amp;quot; | &amp;quot;</message>
  <nestedLevel>4</nestedLevel>
  <escapedJava>false</escapedJava>
  <property name="startLine">52</property>
  <property name="stepIndex">1</property>
</record>
<record>
  <date>2026-01-27T10:56:27.117325Z</date>
  <millis>1769511387117</millis>
  <nanos>325000</nanos>
  <sequence>318</sequence>
  <level>END</level>
  <class>com.kms.katalon.core.logging.XmlKeywordLogger</class>
  <method>endKeyword</method>
  <thread>1</thread>
  <message>End action : rowText += col.getText() + &amp;quot; | &amp;quot;</message>
  <nestedLevel>4</nestedLevel>
  <escapedJava>false</escapedJava>
</record>
<record>
  <date>2026-01-27T10:56:27.118322600Z</date>
  <millis>1769511387118</millis>
  <nanos>322600</nanos>
  <sequence>319</sequence>
  <level>START</level>
  <class>com.kms.katalon.core.logging.XmlKeywordLogger</class>
  <method>startKeyword</method>
  <thread>1</thread>
  <message>Start action : rowText += col.getText() + &amp;quot; | &amp;quot;</message>
  <nestedLevel>4</nestedLevel>
  <escapedJava>false</escapedJava>
  <property name="startLine">52</property>
  <property name="stepIndex">1</property>
</record>
<record>
  <date>2026-01-27T10:56:27.140227800Z</date>
  <millis>1769511387140</millis>
  <nanos>227800</nanos>
  <sequence>320</sequence>
  <level>END</level>
  <class>com.kms.katalon.core.logging.XmlKeywordLogger</class>
  <method>endKeyword</method>
  <thread>1</thread>
  <message>End action : rowText += col.getText() + &amp;quot; | &amp;quot;</message>
  <nestedLevel>4</nestedLevel>
  <escapedJava>false</escapedJava>
</record>
<record>
  <date>2026-01-27T10:56:27.140227800Z</date>
  <millis>1769511387140</millis>
  <nanos>227800</nanos>
  <sequence>321</sequence>
  <level>START</level>
  <class>com.kms.katalon.core.logging.XmlKeywordLogger</class>
  <method>startKeyword</method>
  <thread>1</thread>
  <message>Start action : rowText += col.getText() + &amp;quot; | &amp;quot;</message>
  <nestedLevel>4</nestedLevel>
  <escapedJava>false</escapedJava>
  <property name="startLine">52</property>
  <property name="stepIndex">1</property>
</record>
<record>
  <date>2026-01-27T10:56:27.160366800Z</date>
  <millis>1769511387160</millis>
  <nanos>366800</nanos>
  <sequence>322</sequence>
  <level>END</level>
  <class>com.kms.katalon.core.logging.XmlKeywordLogger</class>
  <method>endKeyword</method>
  <thread>1</thread>
  <message>End action : rowText += col.getText() + &amp;quot; | &amp;quot;</message>
  <nestedLevel>4</nestedLevel>
  <escapedJava>false</escapedJava>
</record>
<record>
  <date>2026-01-27T10:56:27.160366800Z</date>
  <millis>1769511387160</millis>
  <nanos>366800</nanos>
  <sequence>323</sequence>
  <level>END</level>
  <class>com.kms.katalon.core.logging.XmlKeywordLogger</class>
  <method>endKeyword</method>
  <thread>1</thread>
  <message>End action : for (org.openqa.selenium.WebElement col : cols)</message>
  <nestedLevel>3</nestedLevel>
  <escapedJava>false</escapedJava>
</record>
<record>
  <date>2026-01-27T10:56:27.160366800Z</date>
  <millis>1769511387160</millis>
  <nanos>366800</nanos>
  <sequence>324</sequence>
  <level>START</level>
  <class>com.kms.katalon.core.logging.XmlKeywordLogger</class>
  <method>startKeyword</method>
  <thread>1</thread>
  <message>Start action : logInfo(&amp;quot;Row &amp;quot; + i + &amp;quot;: &amp;quot; + rowText)</message>
  <nestedLevel>3</nestedLevel>
  <escapedJava>false</escapedJava>
  <property name="startLine">55</property>
  <property name="stepIndex">5</property>
</record>
<record>
  <date>2026-01-27T10:56:27.162378500Z</date>
  <millis>1769511387162</millis>
  <nanos>378500</nanos>
  <sequence>325</sequence>
  <level>INFO</level>
  <class>com.kms.katalon.core.logging.XmlKeywordLogger</class>
  <method>logMessage</method>
  <thread>1</thread>
  <message>Row 2:  | 2 | ProHance | 2161.24h | 51 | 403891 | +2 | Business Tools | </message>
  <nestedLevel>1</nestedLevel>
  <escapedJava>false</escapedJava>
</record>
<record>
  <date>2026-01-27T10:56:27.162378500Z</date>
  <millis>1769511387162</millis>
  <nanos>378500</nanos>
  <sequence>326</sequence>
  <level>END</level>
  <class>com.kms.katalon.core.logging.XmlKeywordLogger</class>
  <method>endKeyword</method>
  <thread>1</thread>
  <message>End action : logInfo(&amp;quot;Row &amp;quot; + i + &amp;quot;: &amp;quot; + rowText)</message>
  <nestedLevel>3</nestedLevel>
  <escapedJava>false</escapedJava>
</record>
<record>
  <date>2026-01-27T10:56:27.166987600Z</date>
  <millis>1769511387166</millis>
  <nanos>987600</nanos>
  <sequence>327</sequence>
  <level>START</level>
  <class>com.kms.katalon.core.logging.XmlKeywordLogger</class>
  <method>startKeyword</method>
  <thread>1</thread>
  <message>Start action : cols = get(i).findElements(By.tagName(&amp;quot;td&amp;quot;))</message>
  <nestedLevel>3</nestedLevel>
  <escapedJava>false</escapedJava>
  <property name="startLine">42</property>
  <property name="stepIndex">1</property>
</record>
<record>
  <date>2026-01-27T10:56:27.422275700Z</date>
  <millis>1769511387422</millis>
  <nanos>275700</nanos>
  <sequence>328</sequence>
  <level>END</level>
  <class>com.kms.katalon.core.logging.XmlKeywordLogger</class>
  <method>endKeyword</method>
  <thread>1</thread>
  <message>End action : cols = get(i).findElements(By.tagName(&amp;quot;td&amp;quot;))</message>
  <nestedLevel>3</nestedLevel>
  <escapedJava>false</escapedJava>
</record>
<record>
  <date>2026-01-27T10:56:27.422275700Z</date>
  <millis>1769511387422</millis>
  <nanos>275700</nanos>
  <sequence>329</sequence>
  <level>START</level>
  <class>com.kms.katalon.core.logging.XmlKeywordLogger</class>
  <method>startKeyword</method>
  <thread>1</thread>
  <message>Start action : if (cols.size() == 0)</message>
  <nestedLevel>3</nestedLevel>
  <escapedJava>false</escapedJava>
  <property name="startLine">45</property>
  <property name="stepIndex">2</property>
</record>
<record>
  <date>2026-01-27T10:56:27.422275700Z</date>
  <millis>1769511387422</millis>
  <nanos>275700</nanos>
  <sequence>330</sequence>
  <level>END</level>
  <class>com.kms.katalon.core.logging.XmlKeywordLogger</class>
  <method>endKeyword</method>
  <thread>1</thread>
  <message>End action : if (cols.size() == 0)</message>
  <nestedLevel>3</nestedLevel>
  <escapedJava>false</escapedJava>
</record>
<record>
  <date>2026-01-27T10:56:27.422275700Z</date>
  <millis>1769511387422</millis>
  <nanos>275700</nanos>
  <sequence>331</sequence>
  <level>START</level>
  <class>com.kms.katalon.core.logging.XmlKeywordLogger</class>
  <method>startKeyword</method>
  <thread>1</thread>
  <message>Start action : rowText = &amp;quot;&amp;quot;</message>
  <nestedLevel>3</nestedLevel>
  <escapedJava>false</escapedJava>
  <property name="startLine">49</property>
  <property name="stepIndex">3</property>
</record>
<record>
  <date>2026-01-27T10:56:27.422275700Z</date>
  <millis>1769511387422</millis>
  <nanos>275700</nanos>
  <sequence>332</sequence>
  <level>END</level>
  <class>com.kms.katalon.core.logging.XmlKeywordLogger</class>
  <method>endKeyword</method>
  <thread>1</thread>
  <message>End action : rowText = &amp;quot;&amp;quot;</message>
  <nestedLevel>3</nestedLevel>
  <escapedJava>false</escapedJava>
</record>
<record>
  <date>2026-01-27T10:56:27.422275700Z</date>
  <millis>1769511387422</millis>
  <nanos>275700</nanos>
  <sequence>333</sequence>
  <level>START</level>
  <class>com.kms.katalon.core.logging.XmlKeywordLogger</class>
  <method>startKeyword</method>
  <thread>1</thread>
  <message>Start action : for (org.openqa.selenium.WebElement col : cols)</message>
  <nestedLevel>3</nestedLevel>
  <escapedJava>false</escapedJava>
  <property name="startLine">51</property>
  <property name="stepIndex">4</property>
</record>
<record>
  <date>2026-01-27T10:56:27.422275700Z</date>
  <millis>1769511387422</millis>
  <nanos>275700</nanos>
  <sequence>334</sequence>
  <level>START</level>
  <class>com.kms.katalon.core.logging.XmlKeywordLogger</class>
  <method>startKeyword</method>
  <thread>1</thread>
  <message>Start action : rowText += col.getText() + &amp;quot; | &amp;quot;</message>
  <nestedLevel>4</nestedLevel>
  <escapedJava>false</escapedJava>
  <property name="startLine">52</property>
  <property name="stepIndex">1</property>
</record>
<record>
  <date>2026-01-27T10:56:27.441644800Z</date>
  <millis>1769511387441</millis>
  <nanos>644800</nanos>
  <sequence>335</sequence>
  <level>END</level>
  <class>com.kms.katalon.core.logging.XmlKeywordLogger</class>
  <method>endKeyword</method>
  <thread>1</thread>
  <message>End action : rowText += col.getText() + &amp;quot; | &amp;quot;</message>
  <nestedLevel>4</nestedLevel>
  <escapedJava>false</escapedJava>
</record>
<record>
  <date>2026-01-27T10:56:27.441644800Z</date>
  <millis>1769511387441</millis>
  <nanos>644800</nanos>
  <sequence>336</sequence>
  <level>START</level>
  <class>com.kms.katalon.core.logging.XmlKeywordLogger</class>
  <method>startKeyword</method>
  <thread>1</thread>
  <message>Start action : rowText += col.getText() + &amp;quot; | &amp;quot;</message>
  <nestedLevel>4</nestedLevel>
  <escapedJava>false</escapedJava>
  <property name="startLine">52</property>
  <property name="stepIndex">1</property>
</record>
<record>
  <date>2026-01-27T10:56:27.450917Z</date>
  <millis>1769511387450</millis>
  <nanos>917000</nanos>
  <sequence>337</sequence>
  <level>END</level>
  <class>com.kms.katalon.core.logging.XmlKeywordLogger</class>
  <method>endKeyword</method>
  <thread>1</thread>
  <message>End action : rowText += col.getText() + &amp;quot; | &amp;quot;</message>
  <nestedLevel>4</nestedLevel>
  <escapedJava>false</escapedJava>
</record>
<record>
  <date>2026-01-27T10:56:27.450917Z</date>
  <millis>1769511387450</millis>
  <nanos>917000</nanos>
  <sequence>338</sequence>
  <level>START</level>
  <class>com.kms.katalon.core.logging.XmlKeywordLogger</class>
  <method>startKeyword</method>
  <thread>1</thread>
  <message>Start action : rowText += col.getText() + &amp;quot; | &amp;quot;</message>
  <nestedLevel>4</nestedLevel>
  <escapedJava>false</escapedJava>
  <property name="startLine">52</property>
  <property name="stepIndex">1</property>
</record>
<record>
  <date>2026-01-27T10:56:27.467659400Z</date>
  <millis>1769511387467</millis>
  <nanos>659400</nanos>
  <sequence>339</sequence>
  <level>END</level>
  <class>com.kms.katalon.core.logging.XmlKeywordLogger</class>
  <method>endKeyword</method>
  <thread>1</thread>
  <message>End action : rowText += col.getText() + &amp;quot; | &amp;quot;</message>
  <nestedLevel>4</nestedLevel>
  <escapedJava>false</escapedJava>
</record>
<record>
  <date>2026-01-27T10:56:27.467659400Z</date>
  <millis>1769511387467</millis>
  <nanos>659400</nanos>
  <sequence>340</sequence>
  <level>START</level>
  <class>com.kms.katalon.core.logging.XmlKeywordLogger</class>
  <method>startKeyword</method>
  <thread>1</thread>
  <message>Start action : rowText += col.getText() + &amp;quot; | &amp;quot;</message>
  <nestedLevel>4</nestedLevel>
  <escapedJava>false</escapedJava>
  <property name="startLine">52</property>
  <property name="stepIndex">1</property>
</record>
<record>
  <date>2026-01-27T10:56:27.482339800Z</date>
  <millis>1769511387482</millis>
  <nanos>339800</nanos>
  <sequence>341</sequence>
  <level>END</level>
  <class>com.kms.katalon.core.logging.XmlKeywordLogger</class>
  <method>endKeyword</method>
  <thread>1</thread>
  <message>End action : rowText += col.getText() + &amp;quot; | &amp;quot;</message>
  <nestedLevel>4</nestedLevel>
  <escapedJava>false</escapedJava>
</record>
<record>
  <date>2026-01-27T10:56:27.482339800Z</date>
  <millis>1769511387482</millis>
  <nanos>339800</nanos>
  <sequence>342</sequence>
  <level>START</level>
  <class>com.kms.katalon.core.logging.XmlKeywordLogger</class>
  <method>startKeyword</method>
  <thread>1</thread>
  <message>Start action : rowText += col.getText() + &amp;quot; | &amp;quot;</message>
  <nestedLevel>4</nestedLevel>
  <escapedJava>false</escapedJava>
  <property name="startLine">52</property>
  <property name="stepIndex">1</property>
</record>
<record>
  <date>2026-01-27T10:56:27.486991900Z</date>
  <millis>1769511387486</millis>
  <nanos>991900</nanos>
  <sequence>343</sequence>
  <level>END</level>
  <class>com.kms.katalon.core.logging.XmlKeywordLogger</class>
  <method>endKeyword</method>
  <thread>1</thread>
  <message>End action : rowText += col.getText() + &amp;quot; | &amp;quot;</message>
  <nestedLevel>4</nestedLevel>
  <escapedJava>false</escapedJava>
</record>
<record>
  <date>2026-01-27T10:56:27.499068600Z</date>
  <millis>1769511387499</millis>
  <nanos>68600</nanos>
  <sequence>344</sequence>
  <level>START</level>
  <class>com.kms.katalon.core.logging.XmlKeywordLogger</class>
  <method>startKeyword</method>
  <thread>1</thread>
  <message>Start action : rowText += col.getText() + &amp;quot; | &amp;quot;</message>
  <nestedLevel>4</nestedLevel>
  <escapedJava>false</escapedJava>
  <property name="startLine">52</property>
  <property name="stepIndex">1</property>
</record>
<record>
  <date>2026-01-27T10:56:27.505149800Z</date>
  <millis>1769511387505</millis>
  <nanos>149800</nanos>
  <sequence>345</sequence>
  <level>END</level>
  <class>com.kms.katalon.core.logging.XmlKeywordLogger</class>
  <method>endKeyword</method>
  <thread>1</thread>
  <message>End action : rowText += col.getText() + &amp;quot; | &amp;quot;</message>
  <nestedLevel>4</nestedLevel>
  <escapedJava>false</escapedJava>
</record>
<record>
  <date>2026-01-27T10:56:27.505149800Z</date>
  <millis>1769511387505</millis>
  <nanos>149800</nanos>
  <sequence>346</sequence>
  <level>START</level>
  <class>com.kms.katalon.core.logging.XmlKeywordLogger</class>
  <method>startKeyword</method>
  <thread>1</thread>
  <message>Start action : rowText += col.getText() + &amp;quot; | &amp;quot;</message>
  <nestedLevel>4</nestedLevel>
  <escapedJava>false</escapedJava>
  <property name="startLine">52</property>
  <property name="stepIndex">1</property>
</record>
<record>
  <date>2026-01-27T10:56:27.518637300Z</date>
  <millis>1769511387518</millis>
  <nanos>637300</nanos>
  <sequence>347</sequence>
  <level>END</level>
  <class>com.kms.katalon.core.logging.XmlKeywordLogger</class>
  <method>endKeyword</method>
  <thread>1</thread>
  <message>End action : rowText += col.getText() + &amp;quot; | &amp;quot;</message>
  <nestedLevel>4</nestedLevel>
  <escapedJava>false</escapedJava>
</record>
<record>
  <date>2026-01-27T10:56:27.518637300Z</date>
  <millis>1769511387518</millis>
  <nanos>637300</nanos>
  <sequence>348</sequence>
  <level>START</level>
  <class>com.kms.katalon.core.logging.XmlKeywordLogger</class>
  <method>startKeyword</method>
  <thread>1</thread>
  <message>Start action : rowText += col.getText() + &amp;quot; | &amp;quot;</message>
  <nestedLevel>4</nestedLevel>
  <escapedJava>false</escapedJava>
  <property name="startLine">52</property>
  <property name="stepIndex">1</property>
</record>
<record>
  <date>2026-01-27T10:56:27.534806600Z</date>
  <millis>1769511387534</millis>
  <nanos>806600</nanos>
  <sequence>349</sequence>
  <level>END</level>
  <class>com.kms.katalon.core.logging.XmlKeywordLogger</class>
  <method>endKeyword</method>
  <thread>1</thread>
  <message>End action : rowText += col.getText() + &amp;quot; | &amp;quot;</message>
  <nestedLevel>4</nestedLevel>
  <escapedJava>false</escapedJava>
</record>
<record>
  <date>2026-01-27T10:56:27.534806600Z</date>
  <millis>1769511387534</millis>
  <nanos>806600</nanos>
  <sequence>350</sequence>
  <level>END</level>
  <class>com.kms.katalon.core.logging.XmlKeywordLogger</class>
  <method>endKeyword</method>
  <thread>1</thread>
  <message>End action : for (org.openqa.selenium.WebElement col : cols)</message>
  <nestedLevel>3</nestedLevel>
  <escapedJava>false</escapedJava>
</record>
<record>
  <date>2026-01-27T10:56:27.534806600Z</date>
  <millis>1769511387534</millis>
  <nanos>806600</nanos>
  <sequence>351</sequence>
  <level>START</level>
  <class>com.kms.katalon.core.logging.XmlKeywordLogger</class>
  <method>startKeyword</method>
  <thread>1</thread>
  <message>Start action : logInfo(&amp;quot;Row &amp;quot; + i + &amp;quot;: &amp;quot; + rowText)</message>
  <nestedLevel>3</nestedLevel>
  <escapedJava>false</escapedJava>
  <property name="startLine">55</property>
  <property name="stepIndex">5</property>
</record>
<record>
  <date>2026-01-27T10:56:27.534806600Z</date>
  <millis>1769511387534</millis>
  <nanos>806600</nanos>
  <sequence>352</sequence>
  <level>INFO</level>
  <class>com.kms.katalon.core.logging.XmlKeywordLogger</class>
  <method>logMessage</method>
  <thread>1</thread>
  <message>Row 3:  | 3 | UNKNOWN AOS | 702.41h | 51 | 217733 |  |  | </message>
  <nestedLevel>1</nestedLevel>
  <escapedJava>false</escapedJava>
</record>
<record>
  <date>2026-01-27T10:56:27.534806600Z</date>
  <millis>1769511387534</millis>
  <nanos>806600</nanos>
  <sequence>353</sequence>
  <level>END</level>
  <class>com.kms.katalon.core.logging.XmlKeywordLogger</class>
  <method>endKeyword</method>
  <thread>1</thread>
  <message>End action : logInfo(&amp;quot;Row &amp;quot; + i + &amp;quot;: &amp;quot; + rowText)</message>
  <nestedLevel>3</nestedLevel>
  <escapedJava>false</escapedJava>
</record>
<record>
  <date>2026-01-27T10:56:27.534806600Z</date>
  <millis>1769511387534</millis>
  <nanos>806600</nanos>
  <sequence>354</sequence>
  <level>START</level>
  <class>com.kms.katalon.core.logging.XmlKeywordLogger</class>
  <method>startKeyword</method>
  <thread>1</thread>
  <message>Start action : cols = get(i).findElements(By.tagName(&amp;quot;td&amp;quot;))</message>
  <nestedLevel>3</nestedLevel>
  <escapedJava>false</escapedJava>
  <property name="startLine">42</property>
  <property name="stepIndex">1</property>
</record>
<record>
  <date>2026-01-27T10:56:27.808049600Z</date>
  <millis>1769511387808</millis>
  <nanos>49600</nanos>
  <sequence>355</sequence>
  <level>END</level>
  <class>com.kms.katalon.core.logging.XmlKeywordLogger</class>
  <method>endKeyword</method>
  <thread>1</thread>
  <message>End action : cols = get(i).findElements(By.tagName(&amp;quot;td&amp;quot;))</message>
  <nestedLevel>3</nestedLevel>
  <escapedJava>false</escapedJava>
</record>
<record>
  <date>2026-01-27T10:56:27.808049600Z</date>
  <millis>1769511387808</millis>
  <nanos>49600</nanos>
  <sequence>356</sequence>
  <level>START</level>
  <class>com.kms.katalon.core.logging.XmlKeywordLogger</class>
  <method>startKeyword</method>
  <thread>1</thread>
  <message>Start action : if (cols.size() == 0)</message>
  <nestedLevel>3</nestedLevel>
  <escapedJava>false</escapedJava>
  <property name="startLine">45</property>
  <property name="stepIndex">2</property>
</record>
<record>
  <date>2026-01-27T10:56:27.808049600Z</date>
  <millis>1769511387808</millis>
  <nanos>49600</nanos>
  <sequence>357</sequence>
  <level>END</level>
  <class>com.kms.katalon.core.logging.XmlKeywordLogger</class>
  <method>endKeyword</method>
  <thread>1</thread>
  <message>End action : if (cols.size() == 0)</message>
  <nestedLevel>3</nestedLevel>
  <escapedJava>false</escapedJava>
</record>
<record>
  <date>2026-01-27T10:56:27.808049600Z</date>
  <millis>1769511387808</millis>
  <nanos>49600</nanos>
  <sequence>358</sequence>
  <level>START</level>
  <class>com.kms.katalon.core.logging.XmlKeywordLogger</class>
  <method>startKeyword</method>
  <thread>1</thread>
  <message>Start action : rowText = &amp;quot;&amp;quot;</message>
  <nestedLevel>3</nestedLevel>
  <escapedJava>false</escapedJava>
  <property name="startLine">49</property>
  <property name="stepIndex">3</property>
</record>
<record>
  <date>2026-01-27T10:56:27.808049600Z</date>
  <millis>1769511387808</millis>
  <nanos>49600</nanos>
  <sequence>359</sequence>
  <level>END</level>
  <class>com.kms.katalon.core.logging.XmlKeywordLogger</class>
  <method>endKeyword</method>
  <thread>1</thread>
  <message>End action : rowText = &amp;quot;&amp;quot;</message>
  <nestedLevel>3</nestedLevel>
  <escapedJava>false</escapedJava>
</record>
<record>
  <date>2026-01-27T10:56:27.808049600Z</date>
  <millis>1769511387808</millis>
  <nanos>49600</nanos>
  <sequence>360</sequence>
  <level>START</level>
  <class>com.kms.katalon.core.logging.XmlKeywordLogger</class>
  <method>startKeyword</method>
  <thread>1</thread>
  <message>Start action : for (org.openqa.selenium.WebElement col : cols)</message>
  <nestedLevel>3</nestedLevel>
  <escapedJava>false</escapedJava>
  <property name="startLine">51</property>
  <property name="stepIndex">4</property>
</record>
<record>
  <date>2026-01-27T10:56:27.808049600Z</date>
  <millis>1769511387808</millis>
  <nanos>49600</nanos>
  <sequence>361</sequence>
  <level>START</level>
  <class>com.kms.katalon.core.logging.XmlKeywordLogger</class>
  <method>startKeyword</method>
  <thread>1</thread>
  <message>Start action : rowText += col.getText() + &amp;quot; | &amp;quot;</message>
  <nestedLevel>4</nestedLevel>
  <escapedJava>false</escapedJava>
  <property name="startLine">52</property>
  <property name="stepIndex">1</property>
</record>
<record>
  <date>2026-01-27T10:56:27.836051800Z</date>
  <millis>1769511387836</millis>
  <nanos>51800</nanos>
  <sequence>362</sequence>
  <level>END</level>
  <class>com.kms.katalon.core.logging.XmlKeywordLogger</class>
  <method>endKeyword</method>
  <thread>1</thread>
  <message>End action : rowText += col.getText() + &amp;quot; | &amp;quot;</message>
  <nestedLevel>4</nestedLevel>
  <escapedJava>false</escapedJava>
</record>
<record>
  <date>2026-01-27T10:56:27.836051800Z</date>
  <millis>1769511387836</millis>
  <nanos>51800</nanos>
  <sequence>363</sequence>
  <level>START</level>
  <class>com.kms.katalon.core.logging.XmlKeywordLogger</class>
  <method>startKeyword</method>
  <thread>1</thread>
  <message>Start action : rowText += col.getText() + &amp;quot; | &amp;quot;</message>
  <nestedLevel>4</nestedLevel>
  <escapedJava>false</escapedJava>
  <property name="startLine">52</property>
  <property name="stepIndex">1</property>
</record>
<record>
  <date>2026-01-27T10:56:27.856143200Z</date>
  <millis>1769511387856</millis>
  <nanos>143200</nanos>
  <sequence>364</sequence>
  <level>END</level>
  <class>com.kms.katalon.core.logging.XmlKeywordLogger</class>
  <method>endKeyword</method>
  <thread>1</thread>
  <message>End action : rowText += col.getText() + &amp;quot; | &amp;quot;</message>
  <nestedLevel>4</nestedLevel>
  <escapedJava>false</escapedJava>
</record>
<record>
  <date>2026-01-27T10:56:27.856143200Z</date>
  <millis>1769511387856</millis>
  <nanos>143200</nanos>
  <sequence>365</sequence>
  <level>START</level>
  <class>com.kms.katalon.core.logging.XmlKeywordLogger</class>
  <method>startKeyword</method>
  <thread>1</thread>
  <message>Start action : rowText += col.getText() + &amp;quot; | &amp;quot;</message>
  <nestedLevel>4</nestedLevel>
  <escapedJava>false</escapedJava>
  <property name="startLine">52</property>
  <property name="stepIndex">1</property>
</record>
<record>
  <date>2026-01-27T10:56:27.888448300Z</date>
  <millis>1769511387888</millis>
  <nanos>448300</nanos>
  <sequence>366</sequence>
  <level>END</level>
  <class>com.kms.katalon.core.logging.XmlKeywordLogger</class>
  <method>endKeyword</method>
  <thread>1</thread>
  <message>End action : rowText += col.getText() + &amp;quot; | &amp;quot;</message>
  <nestedLevel>4</nestedLevel>
  <escapedJava>false</escapedJava>
</record>
<record>
  <date>2026-01-27T10:56:27.888448300Z</date>
  <millis>1769511387888</millis>
  <nanos>448300</nanos>
  <sequence>367</sequence>
  <level>START</level>
  <class>com.kms.katalon.core.logging.XmlKeywordLogger</class>
  <method>startKeyword</method>
  <thread>1</thread>
  <message>Start action : rowText += col.getText() + &amp;quot; | &amp;quot;</message>
  <nestedLevel>4</nestedLevel>
  <escapedJava>false</escapedJava>
  <property name="startLine">52</property>
  <property name="stepIndex">1</property>
</record>
<record>
  <date>2026-01-27T10:56:27.935300500Z</date>
  <millis>1769511387935</millis>
  <nanos>300500</nanos>
  <sequence>368</sequence>
  <level>END</level>
  <class>com.kms.katalon.core.logging.XmlKeywordLogger</class>
  <method>endKeyword</method>
  <thread>1</thread>
  <message>End action : rowText += col.getText() + &amp;quot; | &amp;quot;</message>
  <nestedLevel>4</nestedLevel>
  <escapedJava>false</escapedJava>
</record>
<record>
  <date>2026-01-27T10:56:27.935300500Z</date>
  <millis>1769511387935</millis>
  <nanos>300500</nanos>
  <sequence>369</sequence>
  <level>START</level>
  <class>com.kms.katalon.core.logging.XmlKeywordLogger</class>
  <method>startKeyword</method>
  <thread>1</thread>
  <message>Start action : rowText += col.getText() + &amp;quot; | &amp;quot;</message>
  <nestedLevel>4</nestedLevel>
  <escapedJava>false</escapedJava>
  <property name="startLine">52</property>
  <property name="stepIndex">1</property>
</record>
<record>
  <date>2026-01-27T10:56:27.949933800Z</date>
  <millis>1769511387949</millis>
  <nanos>933800</nanos>
  <sequence>370</sequence>
  <level>END</level>
  <class>com.kms.katalon.core.logging.XmlKeywordLogger</class>
  <method>endKeyword</method>
  <thread>1</thread>
  <message>End action : rowText += col.getText() + &amp;quot; | &amp;quot;</message>
  <nestedLevel>4</nestedLevel>
  <escapedJava>false</escapedJava>
</record>
<record>
  <date>2026-01-27T10:56:27.950934800Z</date>
  <millis>1769511387950</millis>
  <nanos>934800</nanos>
  <sequence>371</sequence>
  <level>START</level>
  <class>com.kms.katalon.core.logging.XmlKeywordLogger</class>
  <method>startKeyword</method>
  <thread>1</thread>
  <message>Start action : rowText += col.getText() + &amp;quot; | &amp;quot;</message>
  <nestedLevel>4</nestedLevel>
  <escapedJava>false</escapedJava>
  <property name="startLine">52</property>
  <property name="stepIndex">1</property>
</record>
<record>
  <date>2026-01-27T10:56:27.963306900Z</date>
  <millis>1769511387963</millis>
  <nanos>306900</nanos>
  <sequence>372</sequence>
  <level>END</level>
  <class>com.kms.katalon.core.logging.XmlKeywordLogger</class>
  <method>endKeyword</method>
  <thread>1</thread>
  <message>End action : rowText += col.getText() + &amp;quot; | &amp;quot;</message>
  <nestedLevel>4</nestedLevel>
  <escapedJava>false</escapedJava>
</record>
<record>
  <date>2026-01-27T10:56:27.963306900Z</date>
  <millis>1769511387963</millis>
  <nanos>306900</nanos>
  <sequence>373</sequence>
  <level>START</level>
  <class>com.kms.katalon.core.logging.XmlKeywordLogger</class>
  <method>startKeyword</method>
  <thread>1</thread>
  <message>Start action : rowText += col.getText() + &amp;quot; | &amp;quot;</message>
  <nestedLevel>4</nestedLevel>
  <escapedJava>false</escapedJava>
  <property name="startLine">52</property>
  <property name="stepIndex">1</property>
</record>
<record>
  <date>2026-01-27T10:56:27.973929700Z</date>
  <millis>1769511387973</millis>
  <nanos>929700</nanos>
  <sequence>374</sequence>
  <level>END</level>
  <class>com.kms.katalon.core.logging.XmlKeywordLogger</class>
  <method>endKeyword</method>
  <thread>1</thread>
  <message>End action : rowText += col.getText() + &amp;quot; | &amp;quot;</message>
  <nestedLevel>4</nestedLevel>
  <escapedJava>false</escapedJava>
</record>
<record>
  <date>2026-01-27T10:56:27.973929700Z</date>
  <millis>1769511387973</millis>
  <nanos>929700</nanos>
  <sequence>375</sequence>
  <level>START</level>
  <class>com.kms.katalon.core.logging.XmlKeywordLogger</class>
  <method>startKeyword</method>
  <thread>1</thread>
  <message>Start action : rowText += col.getText() + &amp;quot; | &amp;quot;</message>
  <nestedLevel>4</nestedLevel>
  <escapedJava>false</escapedJava>
  <property name="startLine">52</property>
  <property name="stepIndex">1</property>
</record>
<record>
  <date>2026-01-27T10:56:27.986081800Z</date>
  <millis>1769511387986</millis>
  <nanos>81800</nanos>
  <sequence>376</sequence>
  <level>END</level>
  <class>com.kms.katalon.core.logging.XmlKeywordLogger</class>
  <method>endKeyword</method>
  <thread>1</thread>
  <message>End action : rowText += col.getText() + &amp;quot; | &amp;quot;</message>
  <nestedLevel>4</nestedLevel>
  <escapedJava>false</escapedJava>
</record>
<record>
  <date>2026-01-27T10:56:27.986081800Z</date>
  <millis>1769511387986</millis>
  <nanos>81800</nanos>
  <sequence>377</sequence>
  <level>END</level>
  <class>com.kms.katalon.core.logging.XmlKeywordLogger</class>
  <method>endKeyword</method>
  <thread>1</thread>
  <message>End action : for (org.openqa.selenium.WebElement col : cols)</message>
  <nestedLevel>3</nestedLevel>
  <escapedJava>false</escapedJava>
</record>
<record>
  <date>2026-01-27T10:56:27.986081800Z</date>
  <millis>1769511387986</millis>
  <nanos>81800</nanos>
  <sequence>378</sequence>
  <level>START</level>
  <class>com.kms.katalon.core.logging.XmlKeywordLogger</class>
  <method>startKeyword</method>
  <thread>1</thread>
  <message>Start action : logInfo(&amp;quot;Row &amp;quot; + i + &amp;quot;: &amp;quot; + rowText)</message>
  <nestedLevel>3</nestedLevel>
  <escapedJava>false</escapedJava>
  <property name="startLine">55</property>
  <property name="stepIndex">5</property>
</record>
<record>
  <date>2026-01-27T10:56:27.986081800Z</date>
  <millis>1769511387986</millis>
  <nanos>81800</nanos>
  <sequence>379</sequence>
  <level>INFO</level>
  <class>com.kms.katalon.core.logging.XmlKeywordLogger</class>
  <method>logMessage</method>
  <thread>1</thread>
  <message>Row 4:  | 4 | MS Teams | 555.87h | 51 | 112945 | +2 | Communication Tools | </message>
  <nestedLevel>1</nestedLevel>
  <escapedJava>false</escapedJava>
</record>
<record>
  <date>2026-01-27T10:56:27.986081800Z</date>
  <millis>1769511387986</millis>
  <nanos>81800</nanos>
  <sequence>380</sequence>
  <level>END</level>
  <class>com.kms.katalon.core.logging.XmlKeywordLogger</class>
  <method>endKeyword</method>
  <thread>1</thread>
  <message>End action : logInfo(&amp;quot;Row &amp;quot; + i + &amp;quot;: &amp;quot; + rowText)</message>
  <nestedLevel>3</nestedLevel>
  <escapedJava>false</escapedJava>
</record>
<record>
  <date>2026-01-27T10:56:27.986081800Z</date>
  <millis>1769511387986</millis>
  <nanos>81800</nanos>
  <sequence>381</sequence>
  <level>START</level>
  <class>com.kms.katalon.core.logging.XmlKeywordLogger</class>
  <method>startKeyword</method>
  <thread>1</thread>
  <message>Start action : cols = get(i).findElements(By.tagName(&amp;quot;td&amp;quot;))</message>
  <nestedLevel>3</nestedLevel>
  <escapedJava>false</escapedJava>
  <property name="startLine">42</property>
  <property name="stepIndex">1</property>
</record>
<record>
  <date>2026-01-27T10:56:28.246743100Z</date>
  <millis>1769511388246</millis>
  <nanos>743100</nanos>
  <sequence>382</sequence>
  <level>END</level>
  <class>com.kms.katalon.core.logging.XmlKeywordLogger</class>
  <method>endKeyword</method>
  <thread>1</thread>
  <message>End action : cols = get(i).findElements(By.tagName(&amp;quot;td&amp;quot;))</message>
  <nestedLevel>3</nestedLevel>
  <escapedJava>false</escapedJava>
</record>
<record>
  <date>2026-01-27T10:56:28.259219900Z</date>
  <millis>1769511388259</millis>
  <nanos>219900</nanos>
  <sequence>383</sequence>
  <level>START</level>
  <class>com.kms.katalon.core.logging.XmlKeywordLogger</class>
  <method>startKeyword</method>
  <thread>1</thread>
  <message>Start action : if (cols.size() == 0)</message>
  <nestedLevel>3</nestedLevel>
  <escapedJava>false</escapedJava>
  <property name="startLine">45</property>
  <property name="stepIndex">2</property>
</record>
<record>
  <date>2026-01-27T10:56:28.259219900Z</date>
  <millis>1769511388259</millis>
  <nanos>219900</nanos>
  <sequence>384</sequence>
  <level>END</level>
  <class>com.kms.katalon.core.logging.XmlKeywordLogger</class>
  <method>endKeyword</method>
  <thread>1</thread>
  <message>End action : if (cols.size() == 0)</message>
  <nestedLevel>3</nestedLevel>
  <escapedJava>false</escapedJava>
</record>
<record>
  <date>2026-01-27T10:56:28.259219900Z</date>
  <millis>1769511388259</millis>
  <nanos>219900</nanos>
  <sequence>385</sequence>
  <level>START</level>
  <class>com.kms.katalon.core.logging.XmlKeywordLogger</class>
  <method>startKeyword</method>
  <thread>1</thread>
  <message>Start action : rowText = &amp;quot;&amp;quot;</message>
  <nestedLevel>3</nestedLevel>
  <escapedJava>false</escapedJava>
  <property name="startLine">49</property>
  <property name="stepIndex">3</property>
</record>
<record>
  <date>2026-01-27T10:56:28.259219900Z</date>
  <millis>1769511388259</millis>
  <nanos>219900</nanos>
  <sequence>386</sequence>
  <level>END</level>
  <class>com.kms.katalon.core.logging.XmlKeywordLogger</class>
  <method>endKeyword</method>
  <thread>1</thread>
  <message>End action : rowText = &amp;quot;&amp;quot;</message>
  <nestedLevel>3</nestedLevel>
  <escapedJava>false</escapedJava>
</record>
<record>
  <date>2026-01-27T10:56:28.259219900Z</date>
  <millis>1769511388259</millis>
  <nanos>219900</nanos>
  <sequence>387</sequence>
  <level>START</level>
  <class>com.kms.katalon.core.logging.XmlKeywordLogger</class>
  <method>startKeyword</method>
  <thread>1</thread>
  <message>Start action : for (org.openqa.selenium.WebElement col : cols)</message>
  <nestedLevel>3</nestedLevel>
  <escapedJava>false</escapedJava>
  <property name="startLine">51</property>
  <property name="stepIndex">4</property>
</record>
<record>
  <date>2026-01-27T10:56:28.259219900Z</date>
  <millis>1769511388259</millis>
  <nanos>219900</nanos>
  <sequence>388</sequence>
  <level>START</level>
  <class>com.kms.katalon.core.logging.XmlKeywordLogger</class>
  <method>startKeyword</method>
  <thread>1</thread>
  <message>Start action : rowText += col.getText() + &amp;quot; | &amp;quot;</message>
  <nestedLevel>4</nestedLevel>
  <escapedJava>false</escapedJava>
  <property name="startLine">52</property>
  <property name="stepIndex">1</property>
</record>
<record>
  <date>2026-01-27T10:56:28.286951800Z</date>
  <millis>1769511388286</millis>
  <nanos>951800</nanos>
  <sequence>389</sequence>
  <level>END</level>
  <class>com.kms.katalon.core.logging.XmlKeywordLogger</class>
  <method>endKeyword</method>
  <thread>1</thread>
  <message>End action : rowText += col.getText() + &amp;quot; | &amp;quot;</message>
  <nestedLevel>4</nestedLevel>
  <escapedJava>false</escapedJava>
</record>
<record>
  <date>2026-01-27T10:56:28.287954900Z</date>
  <millis>1769511388287</millis>
  <nanos>954900</nanos>
  <sequence>390</sequence>
  <level>START</level>
  <class>com.kms.katalon.core.logging.XmlKeywordLogger</class>
  <method>startKeyword</method>
  <thread>1</thread>
  <message>Start action : rowText += col.getText() + &amp;quot; | &amp;quot;</message>
  <nestedLevel>4</nestedLevel>
  <escapedJava>false</escapedJava>
  <property name="startLine">52</property>
  <property name="stepIndex">1</property>
</record>
<record>
  <date>2026-01-27T10:56:28.305825400Z</date>
  <millis>1769511388305</millis>
  <nanos>825400</nanos>
  <sequence>391</sequence>
  <level>END</level>
  <class>com.kms.katalon.core.logging.XmlKeywordLogger</class>
  <method>endKeyword</method>
  <thread>1</thread>
  <message>End action : rowText += col.getText() + &amp;quot; | &amp;quot;</message>
  <nestedLevel>4</nestedLevel>
  <escapedJava>false</escapedJava>
</record>
<record>
  <date>2026-01-27T10:56:28.305825400Z</date>
  <millis>1769511388305</millis>
  <nanos>825400</nanos>
  <sequence>392</sequence>
  <level>START</level>
  <class>com.kms.katalon.core.logging.XmlKeywordLogger</class>
  <method>startKeyword</method>
  <thread>1</thread>
  <message>Start action : rowText += col.getText() + &amp;quot; | &amp;quot;</message>
  <nestedLevel>4</nestedLevel>
  <escapedJava>false</escapedJava>
  <property name="startLine">52</property>
  <property name="stepIndex">1</property>
</record>
<record>
  <date>2026-01-27T10:56:28.324506200Z</date>
  <millis>1769511388324</millis>
  <nanos>506200</nanos>
  <sequence>393</sequence>
  <level>END</level>
  <class>com.kms.katalon.core.logging.XmlKeywordLogger</class>
  <method>endKeyword</method>
  <thread>1</thread>
  <message>End action : rowText += col.getText() + &amp;quot; | &amp;quot;</message>
  <nestedLevel>4</nestedLevel>
  <escapedJava>false</escapedJava>
</record>
<record>
  <date>2026-01-27T10:56:28.324506200Z</date>
  <millis>1769511388324</millis>
  <nanos>506200</nanos>
  <sequence>394</sequence>
  <level>START</level>
  <class>com.kms.katalon.core.logging.XmlKeywordLogger</class>
  <method>startKeyword</method>
  <thread>1</thread>
  <message>Start action : rowText += col.getText() + &amp;quot; | &amp;quot;</message>
  <nestedLevel>4</nestedLevel>
  <escapedJava>false</escapedJava>
  <property name="startLine">52</property>
  <property name="stepIndex">1</property>
</record>
<record>
  <date>2026-01-27T10:56:28.345957500Z</date>
  <millis>1769511388345</millis>
  <nanos>957500</nanos>
  <sequence>395</sequence>
  <level>END</level>
  <class>com.kms.katalon.core.logging.XmlKeywordLogger</class>
  <method>endKeyword</method>
  <thread>1</thread>
  <message>End action : rowText += col.getText() + &amp;quot; | &amp;quot;</message>
  <nestedLevel>4</nestedLevel>
  <escapedJava>false</escapedJava>
</record>
<record>
  <date>2026-01-27T10:56:28.345957500Z</date>
  <millis>1769511388345</millis>
  <nanos>957500</nanos>
  <sequence>396</sequence>
  <level>START</level>
  <class>com.kms.katalon.core.logging.XmlKeywordLogger</class>
  <method>startKeyword</method>
  <thread>1</thread>
  <message>Start action : rowText += col.getText() + &amp;quot; | &amp;quot;</message>
  <nestedLevel>4</nestedLevel>
  <escapedJava>false</escapedJava>
  <property name="startLine">52</property>
  <property name="stepIndex">1</property>
</record>
<record>
  <date>2026-01-27T10:56:28.353745300Z</date>
  <millis>1769511388353</millis>
  <nanos>745300</nanos>
  <sequence>397</sequence>
  <level>END</level>
  <class>com.kms.katalon.core.logging.XmlKeywordLogger</class>
  <method>endKeyword</method>
  <thread>1</thread>
  <message>End action : rowText += col.getText() + &amp;quot; | &amp;quot;</message>
  <nestedLevel>4</nestedLevel>
  <escapedJava>false</escapedJava>
</record>
<record>
  <date>2026-01-27T10:56:28.353745300Z</date>
  <millis>1769511388353</millis>
  <nanos>745300</nanos>
  <sequence>398</sequence>
  <level>START</level>
  <class>com.kms.katalon.core.logging.XmlKeywordLogger</class>
  <method>startKeyword</method>
  <thread>1</thread>
  <message>Start action : rowText += col.getText() + &amp;quot; | &amp;quot;</message>
  <nestedLevel>4</nestedLevel>
  <escapedJava>false</escapedJava>
  <property name="startLine">52</property>
  <property name="stepIndex">1</property>
</record>
<record>
  <date>2026-01-27T10:56:28.370573600Z</date>
  <millis>1769511388370</millis>
  <nanos>573600</nanos>
  <sequence>399</sequence>
  <level>END</level>
  <class>com.kms.katalon.core.logging.XmlKeywordLogger</class>
  <method>endKeyword</method>
  <thread>1</thread>
  <message>End action : rowText += col.getText() + &amp;quot; | &amp;quot;</message>
  <nestedLevel>4</nestedLevel>
  <escapedJava>false</escapedJava>
</record>
<record>
  <date>2026-01-27T10:56:28.370573600Z</date>
  <millis>1769511388370</millis>
  <nanos>573600</nanos>
  <sequence>400</sequence>
  <level>START</level>
  <class>com.kms.katalon.core.logging.XmlKeywordLogger</class>
  <method>startKeyword</method>
  <thread>1</thread>
  <message>Start action : rowText += col.getText() + &amp;quot; | &amp;quot;</message>
  <nestedLevel>4</nestedLevel>
  <escapedJava>false</escapedJava>
  <property name="startLine">52</property>
  <property name="stepIndex">1</property>
</record>
<record>
  <date>2026-01-27T10:56:28.389221100Z</date>
  <millis>1769511388389</millis>
  <nanos>221100</nanos>
  <sequence>401</sequence>
  <level>END</level>
  <class>com.kms.katalon.core.logging.XmlKeywordLogger</class>
  <method>endKeyword</method>
  <thread>1</thread>
  <message>End action : rowText += col.getText() + &amp;quot; | &amp;quot;</message>
  <nestedLevel>4</nestedLevel>
  <escapedJava>false</escapedJava>
</record>
<record>
  <date>2026-01-27T10:56:28.389221100Z</date>
  <millis>1769511388389</millis>
  <nanos>221100</nanos>
  <sequence>402</sequence>
  <level>START</level>
  <class>com.kms.katalon.core.logging.XmlKeywordLogger</class>
  <method>startKeyword</method>
  <thread>1</thread>
  <message>Start action : rowText += col.getText() + &amp;quot; | &amp;quot;</message>
  <nestedLevel>4</nestedLevel>
  <escapedJava>false</escapedJava>
  <property name="startLine">52</property>
  <property name="stepIndex">1</property>
</record>
<record>
  <date>2026-01-27T10:56:28.401931900Z</date>
  <millis>1769511388401</millis>
  <nanos>931900</nanos>
  <sequence>403</sequence>
  <level>END</level>
  <class>com.kms.katalon.core.logging.XmlKeywordLogger</class>
  <method>endKeyword</method>
  <thread>1</thread>
  <message>End action : rowText += col.getText() + &amp;quot; | &amp;quot;</message>
  <nestedLevel>4</nestedLevel>
  <escapedJava>false</escapedJava>
</record>
<record>
  <date>2026-01-27T10:56:28.401931900Z</date>
  <millis>1769511388401</millis>
  <nanos>931900</nanos>
  <sequence>404</sequence>
  <level>END</level>
  <class>com.kms.katalon.core.logging.XmlKeywordLogger</class>
  <method>endKeyword</method>
  <thread>1</thread>
  <message>End action : for (org.openqa.selenium.WebElement col : cols)</message>
  <nestedLevel>3</nestedLevel>
  <escapedJava>false</escapedJava>
</record>
<record>
  <date>2026-01-27T10:56:28.401931900Z</date>
  <millis>1769511388401</millis>
  <nanos>931900</nanos>
  <sequence>405</sequence>
  <level>START</level>
  <class>com.kms.katalon.core.logging.XmlKeywordLogger</class>
  <method>startKeyword</method>
  <thread>1</thread>
  <message>Start action : logInfo(&amp;quot;Row &amp;quot; + i + &amp;quot;: &amp;quot; + rowText)</message>
  <nestedLevel>3</nestedLevel>
  <escapedJava>false</escapedJava>
  <property name="startLine">55</property>
  <property name="stepIndex">5</property>
</record>
<record>
  <date>2026-01-27T10:56:28.401931900Z</date>
  <millis>1769511388401</millis>
  <nanos>931900</nanos>
  <sequence>406</sequence>
  <level>INFO</level>
  <class>com.kms.katalon.core.logging.XmlKeywordLogger</class>
  <method>logMessage</method>
  <thread>1</thread>
  <message>Row 5:  | 5 | Notepad | 459.29h | 51 | 161416 | +2 | Development Tools | </message>
  <nestedLevel>1</nestedLevel>
  <escapedJava>false</escapedJava>
</record>
<record>
  <date>2026-01-27T10:56:28.401931900Z</date>
  <millis>1769511388401</millis>
  <nanos>931900</nanos>
  <sequence>407</sequence>
  <level>END</level>
  <class>com.kms.katalon.core.logging.XmlKeywordLogger</class>
  <method>endKeyword</method>
  <thread>1</thread>
  <message>End action : logInfo(&amp;quot;Row &amp;quot; + i + &amp;quot;: &amp;quot; + rowText)</message>
  <nestedLevel>3</nestedLevel>
  <escapedJava>false</escapedJava>
</record>
<record>
  <date>2026-01-27T10:56:28.401931900Z</date>
  <millis>1769511388401</millis>
  <nanos>931900</nanos>
  <sequence>408</sequence>
  <level>START</level>
  <class>com.kms.katalon.core.logging.XmlKeywordLogger</class>
  <method>startKeyword</method>
  <thread>1</thread>
  <message>Start action : cols = get(i).findElements(By.tagName(&amp;quot;td&amp;quot;))</message>
  <nestedLevel>3</nestedLevel>
  <escapedJava>false</escapedJava>
  <property name="startLine">42</property>
  <property name="stepIndex">1</property>
</record>
<record>
  <date>2026-01-27T10:56:28.661176700Z</date>
  <millis>1769511388661</millis>
  <nanos>176700</nanos>
  <sequence>409</sequence>
  <level>END</level>
  <class>com.kms.katalon.core.logging.XmlKeywordLogger</class>
  <method>endKeyword</method>
  <thread>1</thread>
  <message>End action : cols = get(i).findElements(By.tagName(&amp;quot;td&amp;quot;))</message>
  <nestedLevel>3</nestedLevel>
  <escapedJava>false</escapedJava>
</record>
<record>
  <date>2026-01-27T10:56:28.661176700Z</date>
  <millis>1769511388661</millis>
  <nanos>176700</nanos>
  <sequence>410</sequence>
  <level>START</level>
  <class>com.kms.katalon.core.logging.XmlKeywordLogger</class>
  <method>startKeyword</method>
  <thread>1</thread>
  <message>Start action : if (cols.size() == 0)</message>
  <nestedLevel>3</nestedLevel>
  <escapedJava>false</escapedJava>
  <property name="startLine">45</property>
  <property name="stepIndex">2</property>
</record>
<record>
  <date>2026-01-27T10:56:28.661176700Z</date>
  <millis>1769511388661</millis>
  <nanos>176700</nanos>
  <sequence>411</sequence>
  <level>END</level>
  <class>com.kms.katalon.core.logging.XmlKeywordLogger</class>
  <method>endKeyword</method>
  <thread>1</thread>
  <message>End action : if (cols.size() == 0)</message>
  <nestedLevel>3</nestedLevel>
  <escapedJava>false</escapedJava>
</record>
<record>
  <date>2026-01-27T10:56:28.661176700Z</date>
  <millis>1769511388661</millis>
  <nanos>176700</nanos>
  <sequence>412</sequence>
  <level>START</level>
  <class>com.kms.katalon.core.logging.XmlKeywordLogger</class>
  <method>startKeyword</method>
  <thread>1</thread>
  <message>Start action : rowText = &amp;quot;&amp;quot;</message>
  <nestedLevel>3</nestedLevel>
  <escapedJava>false</escapedJava>
  <property name="startLine">49</property>
  <property name="stepIndex">3</property>
</record>
<record>
  <date>2026-01-27T10:56:28.668688200Z</date>
  <millis>1769511388668</millis>
  <nanos>688200</nanos>
  <sequence>413</sequence>
  <level>END</level>
  <class>com.kms.katalon.core.logging.XmlKeywordLogger</class>
  <method>endKeyword</method>
  <thread>1</thread>
  <message>End action : rowText = &amp;quot;&amp;quot;</message>
  <nestedLevel>3</nestedLevel>
  <escapedJava>false</escapedJava>
</record>
<record>
  <date>2026-01-27T10:56:28.668688200Z</date>
  <millis>1769511388668</millis>
  <nanos>688200</nanos>
  <sequence>414</sequence>
  <level>START</level>
  <class>com.kms.katalon.core.logging.XmlKeywordLogger</class>
  <method>startKeyword</method>
  <thread>1</thread>
  <message>Start action : for (org.openqa.selenium.WebElement col : cols)</message>
  <nestedLevel>3</nestedLevel>
  <escapedJava>false</escapedJava>
  <property name="startLine">51</property>
  <property name="stepIndex">4</property>
</record>
<record>
  <date>2026-01-27T10:56:28.668688200Z</date>
  <millis>1769511388668</millis>
  <nanos>688200</nanos>
  <sequence>415</sequence>
  <level>START</level>
  <class>com.kms.katalon.core.logging.XmlKeywordLogger</class>
  <method>startKeyword</method>
  <thread>1</thread>
  <message>Start action : rowText += col.getText() + &amp;quot; | &amp;quot;</message>
  <nestedLevel>4</nestedLevel>
  <escapedJava>false</escapedJava>
  <property name="startLine">52</property>
  <property name="stepIndex">1</property>
</record>
<record>
  <date>2026-01-27T10:56:28.677135Z</date>
  <millis>1769511388677</millis>
  <nanos>135000</nanos>
  <sequence>416</sequence>
  <level>END</level>
  <class>com.kms.katalon.core.logging.XmlKeywordLogger</class>
  <method>endKeyword</method>
  <thread>1</thread>
  <message>End action : rowText += col.getText() + &amp;quot; | &amp;quot;</message>
  <nestedLevel>4</nestedLevel>
  <escapedJava>false</escapedJava>
</record>
<record>
  <date>2026-01-27T10:56:28.677135Z</date>
  <millis>1769511388677</millis>
  <nanos>135000</nanos>
  <sequence>417</sequence>
  <level>START</level>
  <class>com.kms.katalon.core.logging.XmlKeywordLogger</class>
  <method>startKeyword</method>
  <thread>1</thread>
  <message>Start action : rowText += col.getText() + &amp;quot; | &amp;quot;</message>
  <nestedLevel>4</nestedLevel>
  <escapedJava>false</escapedJava>
  <property name="startLine">52</property>
  <property name="stepIndex">1</property>
</record>
<record>
  <date>2026-01-27T10:56:28.687844800Z</date>
  <millis>1769511388687</millis>
  <nanos>844800</nanos>
  <sequence>418</sequence>
  <level>END</level>
  <class>com.kms.katalon.core.logging.XmlKeywordLogger</class>
  <method>endKeyword</method>
  <thread>1</thread>
  <message>End action : rowText += col.getText() + &amp;quot; | &amp;quot;</message>
  <nestedLevel>4</nestedLevel>
  <escapedJava>false</escapedJava>
</record>
<record>
  <date>2026-01-27T10:56:28.687844800Z</date>
  <millis>1769511388687</millis>
  <nanos>844800</nanos>
  <sequence>419</sequence>
  <level>START</level>
  <class>com.kms.katalon.core.logging.XmlKeywordLogger</class>
  <method>startKeyword</method>
  <thread>1</thread>
  <message>Start action : rowText += col.getText() + &amp;quot; | &amp;quot;</message>
  <nestedLevel>4</nestedLevel>
  <escapedJava>false</escapedJava>
  <property name="startLine">52</property>
  <property name="stepIndex">1</property>
</record>
<record>
  <date>2026-01-27T10:56:28.687844800Z</date>
  <millis>1769511388687</millis>
  <nanos>844800</nanos>
  <sequence>420</sequence>
  <level>END</level>
  <class>com.kms.katalon.core.logging.XmlKeywordLogger</class>
  <method>endKeyword</method>
  <thread>1</thread>
  <message>End action : rowText += col.getText() + &amp;quot; | &amp;quot;</message>
  <nestedLevel>4</nestedLevel>
  <escapedJava>false</escapedJava>
</record>
<record>
  <date>2026-01-27T10:56:28.687844800Z</date>
  <millis>1769511388687</millis>
  <nanos>844800</nanos>
  <sequence>421</sequence>
  <level>START</level>
  <class>com.kms.katalon.core.logging.XmlKeywordLogger</class>
  <method>startKeyword</method>
  <thread>1</thread>
  <message>Start action : rowText += col.getText() + &amp;quot; | &amp;quot;</message>
  <nestedLevel>4</nestedLevel>
  <escapedJava>false</escapedJava>
  <property name="startLine">52</property>
  <property name="stepIndex">1</property>
</record>
<record>
  <date>2026-01-27T10:56:28.707718600Z</date>
  <millis>1769511388707</millis>
  <nanos>718600</nanos>
  <sequence>422</sequence>
  <level>END</level>
  <class>com.kms.katalon.core.logging.XmlKeywordLogger</class>
  <method>endKeyword</method>
  <thread>1</thread>
  <message>End action : rowText += col.getText() + &amp;quot; | &amp;quot;</message>
  <nestedLevel>4</nestedLevel>
  <escapedJava>false</escapedJava>
</record>
<record>
  <date>2026-01-27T10:56:28.707718600Z</date>
  <millis>1769511388707</millis>
  <nanos>718600</nanos>
  <sequence>423</sequence>
  <level>START</level>
  <class>com.kms.katalon.core.logging.XmlKeywordLogger</class>
  <method>startKeyword</method>
  <thread>1</thread>
  <message>Start action : rowText += col.getText() + &amp;quot; | &amp;quot;</message>
  <nestedLevel>4</nestedLevel>
  <escapedJava>false</escapedJava>
  <property name="startLine">52</property>
  <property name="stepIndex">1</property>
</record>
<record>
  <date>2026-01-27T10:56:28.722417900Z</date>
  <millis>1769511388722</millis>
  <nanos>417900</nanos>
  <sequence>424</sequence>
  <level>END</level>
  <class>com.kms.katalon.core.logging.XmlKeywordLogger</class>
  <method>endKeyword</method>
  <thread>1</thread>
  <message>End action : rowText += col.getText() + &amp;quot; | &amp;quot;</message>
  <nestedLevel>4</nestedLevel>
  <escapedJava>false</escapedJava>
</record>
<record>
  <date>2026-01-27T10:56:28.722417900Z</date>
  <millis>1769511388722</millis>
  <nanos>417900</nanos>
  <sequence>425</sequence>
  <level>START</level>
  <class>com.kms.katalon.core.logging.XmlKeywordLogger</class>
  <method>startKeyword</method>
  <thread>1</thread>
  <message>Start action : rowText += col.getText() + &amp;quot; | &amp;quot;</message>
  <nestedLevel>4</nestedLevel>
  <escapedJava>false</escapedJava>
  <property name="startLine">52</property>
  <property name="stepIndex">1</property>
</record>
<record>
  <date>2026-01-27T10:56:28.742569300Z</date>
  <millis>1769511388742</millis>
  <nanos>569300</nanos>
  <sequence>426</sequence>
  <level>END</level>
  <class>com.kms.katalon.core.logging.XmlKeywordLogger</class>
  <method>endKeyword</method>
  <thread>1</thread>
  <message>End action : rowText += col.getText() + &amp;quot; | &amp;quot;</message>
  <nestedLevel>4</nestedLevel>
  <escapedJava>false</escapedJava>
</record>
<record>
  <date>2026-01-27T10:56:28.742569300Z</date>
  <millis>1769511388742</millis>
  <nanos>569300</nanos>
  <sequence>427</sequence>
  <level>START</level>
  <class>com.kms.katalon.core.logging.XmlKeywordLogger</class>
  <method>startKeyword</method>
  <thread>1</thread>
  <message>Start action : rowText += col.getText() + &amp;quot; | &amp;quot;</message>
  <nestedLevel>4</nestedLevel>
  <escapedJava>false</escapedJava>
  <property name="startLine">52</property>
  <property name="stepIndex">1</property>
</record>
<record>
  <date>2026-01-27T10:56:28.756592900Z</date>
  <millis>1769511388756</millis>
  <nanos>592900</nanos>
  <sequence>428</sequence>
  <level>END</level>
  <class>com.kms.katalon.core.logging.XmlKeywordLogger</class>
  <method>endKeyword</method>
  <thread>1</thread>
  <message>End action : rowText += col.getText() + &amp;quot; | &amp;quot;</message>
  <nestedLevel>4</nestedLevel>
  <escapedJava>false</escapedJava>
</record>
<record>
  <date>2026-01-27T10:56:28.756592900Z</date>
  <millis>1769511388756</millis>
  <nanos>592900</nanos>
  <sequence>429</sequence>
  <level>START</level>
  <class>com.kms.katalon.core.logging.XmlKeywordLogger</class>
  <method>startKeyword</method>
  <thread>1</thread>
  <message>Start action : rowText += col.getText() + &amp;quot; | &amp;quot;</message>
  <nestedLevel>4</nestedLevel>
  <escapedJava>false</escapedJava>
  <property name="startLine">52</property>
  <property name="stepIndex">1</property>
</record>
<record>
  <date>2026-01-27T10:56:28.769464100Z</date>
  <millis>1769511388769</millis>
  <nanos>464100</nanos>
  <sequence>430</sequence>
  <level>END</level>
  <class>com.kms.katalon.core.logging.XmlKeywordLogger</class>
  <method>endKeyword</method>
  <thread>1</thread>
  <message>End action : rowText += col.getText() + &amp;quot; | &amp;quot;</message>
  <nestedLevel>4</nestedLevel>
  <escapedJava>false</escapedJava>
</record>
<record>
  <date>2026-01-27T10:56:28.769464100Z</date>
  <millis>1769511388769</millis>
  <nanos>464100</nanos>
  <sequence>431</sequence>
  <level>END</level>
  <class>com.kms.katalon.core.logging.XmlKeywordLogger</class>
  <method>endKeyword</method>
  <thread>1</thread>
  <message>End action : for (org.openqa.selenium.WebElement col : cols)</message>
  <nestedLevel>3</nestedLevel>
  <escapedJava>false</escapedJava>
</record>
<record>
  <date>2026-01-27T10:56:28.770547100Z</date>
  <millis>1769511388770</millis>
  <nanos>547100</nanos>
  <sequence>432</sequence>
  <level>START</level>
  <class>com.kms.katalon.core.logging.XmlKeywordLogger</class>
  <method>startKeyword</method>
  <thread>1</thread>
  <message>Start action : logInfo(&amp;quot;Row &amp;quot; + i + &amp;quot;: &amp;quot; + rowText)</message>
  <nestedLevel>3</nestedLevel>
  <escapedJava>false</escapedJava>
  <property name="startLine">55</property>
  <property name="stepIndex">5</property>
</record>
<record>
  <date>2026-01-27T10:56:28.771543Z</date>
  <millis>1769511388771</millis>
  <nanos>543000</nanos>
  <sequence>433</sequence>
  <level>INFO</level>
  <class>com.kms.katalon.core.logging.XmlKeywordLogger</class>
  <method>logMessage</method>
  <thread>1</thread>
  <message>Row 6:  | 6 | Windows Components | 323.96h | 51 | 277667 | +2 | Support Tools | </message>
  <nestedLevel>1</nestedLevel>
  <escapedJava>false</escapedJava>
</record>
<record>
  <date>2026-01-27T10:56:28.771543Z</date>
  <millis>1769511388771</millis>
  <nanos>543000</nanos>
  <sequence>434</sequence>
  <level>END</level>
  <class>com.kms.katalon.core.logging.XmlKeywordLogger</class>
  <method>endKeyword</method>
  <thread>1</thread>
  <message>End action : logInfo(&amp;quot;Row &amp;quot; + i + &amp;quot;: &amp;quot; + rowText)</message>
  <nestedLevel>3</nestedLevel>
  <escapedJava>false</escapedJava>
</record>
<record>
  <date>2026-01-27T10:56:28.772541500Z</date>
  <millis>1769511388772</millis>
  <nanos>541500</nanos>
  <sequence>435</sequence>
  <level>START</level>
  <class>com.kms.katalon.core.logging.XmlKeywordLogger</class>
  <method>startKeyword</method>
  <thread>1</thread>
  <message>Start action : cols = get(i).findElements(By.tagName(&amp;quot;td&amp;quot;))</message>
  <nestedLevel>3</nestedLevel>
  <escapedJava>false</escapedJava>
  <property name="startLine">42</property>
  <property name="stepIndex">1</property>
</record>
<record>
  <date>2026-01-27T10:56:29.027776600Z</date>
  <millis>1769511389027</millis>
  <nanos>776600</nanos>
  <sequence>436</sequence>
  <level>END</level>
  <class>com.kms.katalon.core.logging.XmlKeywordLogger</class>
  <method>endKeyword</method>
  <thread>1</thread>
  <message>End action : cols = get(i).findElements(By.tagName(&amp;quot;td&amp;quot;))</message>
  <nestedLevel>3</nestedLevel>
  <escapedJava>false</escapedJava>
</record>
<record>
  <date>2026-01-27T10:56:29.027776600Z</date>
  <millis>1769511389027</millis>
  <nanos>776600</nanos>
  <sequence>437</sequence>
  <level>START</level>
  <class>com.kms.katalon.core.logging.XmlKeywordLogger</class>
  <method>startKeyword</method>
  <thread>1</thread>
  <message>Start action : if (cols.size() == 0)</message>
  <nestedLevel>3</nestedLevel>
  <escapedJava>false</escapedJava>
  <property name="startLine">45</property>
  <property name="stepIndex">2</property>
</record>
<record>
  <date>2026-01-27T10:56:29.027776600Z</date>
  <millis>1769511389027</millis>
  <nanos>776600</nanos>
  <sequence>438</sequence>
  <level>END</level>
  <class>com.kms.katalon.core.logging.XmlKeywordLogger</class>
  <method>endKeyword</method>
  <thread>1</thread>
  <message>End action : if (cols.size() == 0)</message>
  <nestedLevel>3</nestedLevel>
  <escapedJava>false</escapedJava>
</record>
<record>
  <date>2026-01-27T10:56:29.027776600Z</date>
  <millis>1769511389027</millis>
  <nanos>776600</nanos>
  <sequence>439</sequence>
  <level>START</level>
  <class>com.kms.katalon.core.logging.XmlKeywordLogger</class>
  <method>startKeyword</method>
  <thread>1</thread>
  <message>Start action : rowText = &amp;quot;&amp;quot;</message>
  <nestedLevel>3</nestedLevel>
  <escapedJava>false</escapedJava>
  <property name="startLine">49</property>
  <property name="stepIndex">3</property>
</record>
<record>
  <date>2026-01-27T10:56:29.027776600Z</date>
  <millis>1769511389027</millis>
  <nanos>776600</nanos>
  <sequence>440</sequence>
  <level>END</level>
  <class>com.kms.katalon.core.logging.XmlKeywordLogger</class>
  <method>endKeyword</method>
  <thread>1</thread>
  <message>End action : rowText = &amp;quot;&amp;quot;</message>
  <nestedLevel>3</nestedLevel>
  <escapedJava>false</escapedJava>
</record>
<record>
  <date>2026-01-27T10:56:29.027776600Z</date>
  <millis>1769511389027</millis>
  <nanos>776600</nanos>
  <sequence>441</sequence>
  <level>START</level>
  <class>com.kms.katalon.core.logging.XmlKeywordLogger</class>
  <method>startKeyword</method>
  <thread>1</thread>
  <message>Start action : for (org.openqa.selenium.WebElement col : cols)</message>
  <nestedLevel>3</nestedLevel>
  <escapedJava>false</escapedJava>
  <property name="startLine">51</property>
  <property name="stepIndex">4</property>
</record>
<record>
  <date>2026-01-27T10:56:29.027776600Z</date>
  <millis>1769511389027</millis>
  <nanos>776600</nanos>
  <sequence>442</sequence>
  <level>START</level>
  <class>com.kms.katalon.core.logging.XmlKeywordLogger</class>
  <method>startKeyword</method>
  <thread>1</thread>
  <message>Start action : rowText += col.getText() + &amp;quot; | &amp;quot;</message>
  <nestedLevel>4</nestedLevel>
  <escapedJava>false</escapedJava>
  <property name="startLine">52</property>
  <property name="stepIndex">1</property>
</record>
<record>
  <date>2026-01-27T10:56:29.043817200Z</date>
  <millis>1769511389043</millis>
  <nanos>817200</nanos>
  <sequence>443</sequence>
  <level>END</level>
  <class>com.kms.katalon.core.logging.XmlKeywordLogger</class>
  <method>endKeyword</method>
  <thread>1</thread>
  <message>End action : rowText += col.getText() + &amp;quot; | &amp;quot;</message>
  <nestedLevel>4</nestedLevel>
  <escapedJava>false</escapedJava>
</record>
<record>
  <date>2026-01-27T10:56:29.043817200Z</date>
  <millis>1769511389043</millis>
  <nanos>817200</nanos>
  <sequence>444</sequence>
  <level>START</level>
  <class>com.kms.katalon.core.logging.XmlKeywordLogger</class>
  <method>startKeyword</method>
  <thread>1</thread>
  <message>Start action : rowText += col.getText() + &amp;quot; | &amp;quot;</message>
  <nestedLevel>4</nestedLevel>
  <escapedJava>false</escapedJava>
  <property name="startLine">52</property>
  <property name="stepIndex">1</property>
</record>
<record>
  <date>2026-01-27T10:56:29.056548600Z</date>
  <millis>1769511389056</millis>
  <nanos>548600</nanos>
  <sequence>445</sequence>
  <level>END</level>
  <class>com.kms.katalon.core.logging.XmlKeywordLogger</class>
  <method>endKeyword</method>
  <thread>1</thread>
  <message>End action : rowText += col.getText() + &amp;quot; | &amp;quot;</message>
  <nestedLevel>4</nestedLevel>
  <escapedJava>false</escapedJava>
</record>
<record>
  <date>2026-01-27T10:56:29.056548600Z</date>
  <millis>1769511389056</millis>
  <nanos>548600</nanos>
  <sequence>446</sequence>
  <level>START</level>
  <class>com.kms.katalon.core.logging.XmlKeywordLogger</class>
  <method>startKeyword</method>
  <thread>1</thread>
  <message>Start action : rowText += col.getText() + &amp;quot; | &amp;quot;</message>
  <nestedLevel>4</nestedLevel>
  <escapedJava>false</escapedJava>
  <property name="startLine">52</property>
  <property name="stepIndex">1</property>
</record>
<record>
  <date>2026-01-27T10:56:29.072012400Z</date>
  <millis>1769511389072</millis>
  <nanos>12400</nanos>
  <sequence>447</sequence>
  <level>END</level>
  <class>com.kms.katalon.core.logging.XmlKeywordLogger</class>
  <method>endKeyword</method>
  <thread>1</thread>
  <message>End action : rowText += col.getText() + &amp;quot; | &amp;quot;</message>
  <nestedLevel>4</nestedLevel>
  <escapedJava>false</escapedJava>
</record>
<record>
  <date>2026-01-27T10:56:29.072012400Z</date>
  <millis>1769511389072</millis>
  <nanos>12400</nanos>
  <sequence>448</sequence>
  <level>START</level>
  <class>com.kms.katalon.core.logging.XmlKeywordLogger</class>
  <method>startKeyword</method>
  <thread>1</thread>
  <message>Start action : rowText += col.getText() + &amp;quot; | &amp;quot;</message>
  <nestedLevel>4</nestedLevel>
  <escapedJava>false</escapedJava>
  <property name="startLine">52</property>
  <property name="stepIndex">1</property>
</record>
<record>
  <date>2026-01-27T10:56:29.073595800Z</date>
  <millis>1769511389073</millis>
  <nanos>595800</nanos>
  <sequence>449</sequence>
  <level>END</level>
  <class>com.kms.katalon.core.logging.XmlKeywordLogger</class>
  <method>endKeyword</method>
  <thread>1</thread>
  <message>End action : rowText += col.getText() + &amp;quot; | &amp;quot;</message>
  <nestedLevel>4</nestedLevel>
  <escapedJava>false</escapedJava>
</record>
<record>
  <date>2026-01-27T10:56:29.085217900Z</date>
  <millis>1769511389085</millis>
  <nanos>217900</nanos>
  <sequence>450</sequence>
  <level>START</level>
  <class>com.kms.katalon.core.logging.XmlKeywordLogger</class>
  <method>startKeyword</method>
  <thread>1</thread>
  <message>Start action : rowText += col.getText() + &amp;quot; | &amp;quot;</message>
  <nestedLevel>4</nestedLevel>
  <escapedJava>false</escapedJava>
  <property name="startLine">52</property>
  <property name="stepIndex">1</property>
</record>
<record>
  <date>2026-01-27T10:56:29.096451700Z</date>
  <millis>1769511389096</millis>
  <nanos>451700</nanos>
  <sequence>451</sequence>
  <level>END</level>
  <class>com.kms.katalon.core.logging.XmlKeywordLogger</class>
  <method>endKeyword</method>
  <thread>1</thread>
  <message>End action : rowText += col.getText() + &amp;quot; | &amp;quot;</message>
  <nestedLevel>4</nestedLevel>
  <escapedJava>false</escapedJava>
</record>
<record>
  <date>2026-01-27T10:56:29.096451700Z</date>
  <millis>1769511389096</millis>
  <nanos>451700</nanos>
  <sequence>452</sequence>
  <level>START</level>
  <class>com.kms.katalon.core.logging.XmlKeywordLogger</class>
  <method>startKeyword</method>
  <thread>1</thread>
  <message>Start action : rowText += col.getText() + &amp;quot; | &amp;quot;</message>
  <nestedLevel>4</nestedLevel>
  <escapedJava>false</escapedJava>
  <property name="startLine">52</property>
  <property name="stepIndex">1</property>
</record>
<record>
  <date>2026-01-27T10:56:29.108045500Z</date>
  <millis>1769511389108</millis>
  <nanos>45500</nanos>
  <sequence>453</sequence>
  <level>END</level>
  <class>com.kms.katalon.core.logging.XmlKeywordLogger</class>
  <method>endKeyword</method>
  <thread>1</thread>
  <message>End action : rowText += col.getText() + &amp;quot; | &amp;quot;</message>
  <nestedLevel>4</nestedLevel>
  <escapedJava>false</escapedJava>
</record>
<record>
  <date>2026-01-27T10:56:29.108045500Z</date>
  <millis>1769511389108</millis>
  <nanos>45500</nanos>
  <sequence>454</sequence>
  <level>START</level>
  <class>com.kms.katalon.core.logging.XmlKeywordLogger</class>
  <method>startKeyword</method>
  <thread>1</thread>
  <message>Start action : rowText += col.getText() + &amp;quot; | &amp;quot;</message>
  <nestedLevel>4</nestedLevel>
  <escapedJava>false</escapedJava>
  <property name="startLine">52</property>
  <property name="stepIndex">1</property>
</record>
<record>
  <date>2026-01-27T10:56:29.123188Z</date>
  <millis>1769511389123</millis>
  <nanos>188000</nanos>
  <sequence>455</sequence>
  <level>END</level>
  <class>com.kms.katalon.core.logging.XmlKeywordLogger</class>
  <method>endKeyword</method>
  <thread>1</thread>
  <message>End action : rowText += col.getText() + &amp;quot; | &amp;quot;</message>
  <nestedLevel>4</nestedLevel>
  <escapedJava>false</escapedJava>
</record>
<record>
  <date>2026-01-27T10:56:29.123188Z</date>
  <millis>1769511389123</millis>
  <nanos>188000</nanos>
  <sequence>456</sequence>
  <level>START</level>
  <class>com.kms.katalon.core.logging.XmlKeywordLogger</class>
  <method>startKeyword</method>
  <thread>1</thread>
  <message>Start action : rowText += col.getText() + &amp;quot; | &amp;quot;</message>
  <nestedLevel>4</nestedLevel>
  <escapedJava>false</escapedJava>
  <property name="startLine">52</property>
  <property name="stepIndex">1</property>
</record>
<record>
  <date>2026-01-27T10:56:29.139148500Z</date>
  <millis>1769511389139</millis>
  <nanos>148500</nanos>
  <sequence>457</sequence>
  <level>END</level>
  <class>com.kms.katalon.core.logging.XmlKeywordLogger</class>
  <method>endKeyword</method>
  <thread>1</thread>
  <message>End action : rowText += col.getText() + &amp;quot; | &amp;quot;</message>
  <nestedLevel>4</nestedLevel>
  <escapedJava>false</escapedJava>
</record>
<record>
  <date>2026-01-27T10:56:29.139148500Z</date>
  <millis>1769511389139</millis>
  <nanos>148500</nanos>
  <sequence>458</sequence>
  <level>END</level>
  <class>com.kms.katalon.core.logging.XmlKeywordLogger</class>
  <method>endKeyword</method>
  <thread>1</thread>
  <message>End action : for (org.openqa.selenium.WebElement col : cols)</message>
  <nestedLevel>3</nestedLevel>
  <escapedJava>false</escapedJava>
</record>
<record>
  <date>2026-01-27T10:56:29.139148500Z</date>
  <millis>1769511389139</millis>
  <nanos>148500</nanos>
  <sequence>459</sequence>
  <level>START</level>
  <class>com.kms.katalon.core.logging.XmlKeywordLogger</class>
  <method>startKeyword</method>
  <thread>1</thread>
  <message>Start action : logInfo(&amp;quot;Row &amp;quot; + i + &amp;quot;: &amp;quot; + rowText)</message>
  <nestedLevel>3</nestedLevel>
  <escapedJava>false</escapedJava>
  <property name="startLine">55</property>
  <property name="stepIndex">5</property>
</record>
<record>
  <date>2026-01-27T10:56:29.140146Z</date>
  <millis>1769511389140</millis>
  <nanos>146000</nanos>
  <sequence>460</sequence>
  <level>INFO</level>
  <class>com.kms.katalon.core.logging.XmlKeywordLogger</class>
  <method>logMessage</method>
  <thread>1</thread>
  <message>Row 7:  | 7 | Chat GPT | 188.63h | 47 | 27535 | +2 | Business Tools | </message>
  <nestedLevel>1</nestedLevel>
  <escapedJava>false</escapedJava>
</record>
<record>
  <date>2026-01-27T10:56:29.140146Z</date>
  <millis>1769511389140</millis>
  <nanos>146000</nanos>
  <sequence>461</sequence>
  <level>END</level>
  <class>com.kms.katalon.core.logging.XmlKeywordLogger</class>
  <method>endKeyword</method>
  <thread>1</thread>
  <message>End action : logInfo(&amp;quot;Row &amp;quot; + i + &amp;quot;: &amp;quot; + rowText)</message>
  <nestedLevel>3</nestedLevel>
  <escapedJava>false</escapedJava>
</record>
<record>
  <date>2026-01-27T10:56:29.140951100Z</date>
  <millis>1769511389140</millis>
  <nanos>951100</nanos>
  <sequence>462</sequence>
  <level>START</level>
  <class>com.kms.katalon.core.logging.XmlKeywordLogger</class>
  <method>startKeyword</method>
  <thread>1</thread>
  <message>Start action : cols = get(i).findElements(By.tagName(&amp;quot;td&amp;quot;))</message>
  <nestedLevel>3</nestedLevel>
  <escapedJava>false</escapedJava>
  <property name="startLine">42</property>
  <property name="stepIndex">1</property>
</record>
<record>
  <date>2026-01-27T10:56:29.397723100Z</date>
  <millis>1769511389397</millis>
  <nanos>723100</nanos>
  <sequence>463</sequence>
  <level>END</level>
  <class>com.kms.katalon.core.logging.XmlKeywordLogger</class>
  <method>endKeyword</method>
  <thread>1</thread>
  <message>End action : cols = get(i).findElements(By.tagName(&amp;quot;td&amp;quot;))</message>
  <nestedLevel>3</nestedLevel>
  <escapedJava>false</escapedJava>
</record>
<record>
  <date>2026-01-27T10:56:29.397723100Z</date>
  <millis>1769511389397</millis>
  <nanos>723100</nanos>
  <sequence>464</sequence>
  <level>START</level>
  <class>com.kms.katalon.core.logging.XmlKeywordLogger</class>
  <method>startKeyword</method>
  <thread>1</thread>
  <message>Start action : if (cols.size() == 0)</message>
  <nestedLevel>3</nestedLevel>
  <escapedJava>false</escapedJava>
  <property name="startLine">45</property>
  <property name="stepIndex">2</property>
</record>
<record>
  <date>2026-01-27T10:56:29.397723100Z</date>
  <millis>1769511389397</millis>
  <nanos>723100</nanos>
  <sequence>465</sequence>
  <level>END</level>
  <class>com.kms.katalon.core.logging.XmlKeywordLogger</class>
  <method>endKeyword</method>
  <thread>1</thread>
  <message>End action : if (cols.size() == 0)</message>
  <nestedLevel>3</nestedLevel>
  <escapedJava>false</escapedJava>
</record>
<record>
  <date>2026-01-27T10:56:29.397723100Z</date>
  <millis>1769511389397</millis>
  <nanos>723100</nanos>
  <sequence>466</sequence>
  <level>START</level>
  <class>com.kms.katalon.core.logging.XmlKeywordLogger</class>
  <method>startKeyword</method>
  <thread>1</thread>
  <message>Start action : rowText = &amp;quot;&amp;quot;</message>
  <nestedLevel>3</nestedLevel>
  <escapedJava>false</escapedJava>
  <property name="startLine">49</property>
  <property name="stepIndex">3</property>
</record>
<record>
  <date>2026-01-27T10:56:29.397723100Z</date>
  <millis>1769511389397</millis>
  <nanos>723100</nanos>
  <sequence>467</sequence>
  <level>END</level>
  <class>com.kms.katalon.core.logging.XmlKeywordLogger</class>
  <method>endKeyword</method>
  <thread>1</thread>
  <message>End action : rowText = &amp;quot;&amp;quot;</message>
  <nestedLevel>3</nestedLevel>
  <escapedJava>false</escapedJava>
</record>
<record>
  <date>2026-01-27T10:56:29.397723100Z</date>
  <millis>1769511389397</millis>
  <nanos>723100</nanos>
  <sequence>468</sequence>
  <level>START</level>
  <class>com.kms.katalon.core.logging.XmlKeywordLogger</class>
  <method>startKeyword</method>
  <thread>1</thread>
  <message>Start action : for (org.openqa.selenium.WebElement col : cols)</message>
  <nestedLevel>3</nestedLevel>
  <escapedJava>false</escapedJava>
  <property name="startLine">51</property>
  <property name="stepIndex">4</property>
</record>
<record>
  <date>2026-01-27T10:56:29.397723100Z</date>
  <millis>1769511389397</millis>
  <nanos>723100</nanos>
  <sequence>469</sequence>
  <level>START</level>
  <class>com.kms.katalon.core.logging.XmlKeywordLogger</class>
  <method>startKeyword</method>
  <thread>1</thread>
  <message>Start action : rowText += col.getText() + &amp;quot; | &amp;quot;</message>
  <nestedLevel>4</nestedLevel>
  <escapedJava>false</escapedJava>
  <property name="startLine">52</property>
  <property name="stepIndex">1</property>
</record>
<record>
  <date>2026-01-27T10:56:29.411593800Z</date>
  <millis>1769511389411</millis>
  <nanos>593800</nanos>
  <sequence>470</sequence>
  <level>END</level>
  <class>com.kms.katalon.core.logging.XmlKeywordLogger</class>
  <method>endKeyword</method>
  <thread>1</thread>
  <message>End action : rowText += col.getText() + &amp;quot; | &amp;quot;</message>
  <nestedLevel>4</nestedLevel>
  <escapedJava>false</escapedJava>
</record>
<record>
  <date>2026-01-27T10:56:29.411593800Z</date>
  <millis>1769511389411</millis>
  <nanos>593800</nanos>
  <sequence>471</sequence>
  <level>START</level>
  <class>com.kms.katalon.core.logging.XmlKeywordLogger</class>
  <method>startKeyword</method>
  <thread>1</thread>
  <message>Start action : rowText += col.getText() + &amp;quot; | &amp;quot;</message>
  <nestedLevel>4</nestedLevel>
  <escapedJava>false</escapedJava>
  <property name="startLine">52</property>
  <property name="stepIndex">1</property>
</record>
<record>
  <date>2026-01-27T10:56:29.423976300Z</date>
  <millis>1769511389423</millis>
  <nanos>976300</nanos>
  <sequence>472</sequence>
  <level>END</level>
  <class>com.kms.katalon.core.logging.XmlKeywordLogger</class>
  <method>endKeyword</method>
  <thread>1</thread>
  <message>End action : rowText += col.getText() + &amp;quot; | &amp;quot;</message>
  <nestedLevel>4</nestedLevel>
  <escapedJava>false</escapedJava>
</record>
<record>
  <date>2026-01-27T10:56:29.423976300Z</date>
  <millis>1769511389423</millis>
  <nanos>976300</nanos>
  <sequence>473</sequence>
  <level>START</level>
  <class>com.kms.katalon.core.logging.XmlKeywordLogger</class>
  <method>startKeyword</method>
  <thread>1</thread>
  <message>Start action : rowText += col.getText() + &amp;quot; | &amp;quot;</message>
  <nestedLevel>4</nestedLevel>
  <escapedJava>false</escapedJava>
  <property name="startLine">52</property>
  <property name="stepIndex">1</property>
</record>
<record>
  <date>2026-01-27T10:56:29.438486200Z</date>
  <millis>1769511389438</millis>
  <nanos>486200</nanos>
  <sequence>474</sequence>
  <level>END</level>
  <class>com.kms.katalon.core.logging.XmlKeywordLogger</class>
  <method>endKeyword</method>
  <thread>1</thread>
  <message>End action : rowText += col.getText() + &amp;quot; | &amp;quot;</message>
  <nestedLevel>4</nestedLevel>
  <escapedJava>false</escapedJava>
</record>
<record>
  <date>2026-01-27T10:56:29.438486200Z</date>
  <millis>1769511389438</millis>
  <nanos>486200</nanos>
  <sequence>475</sequence>
  <level>START</level>
  <class>com.kms.katalon.core.logging.XmlKeywordLogger</class>
  <method>startKeyword</method>
  <thread>1</thread>
  <message>Start action : rowText += col.getText() + &amp;quot; | &amp;quot;</message>
  <nestedLevel>4</nestedLevel>
  <escapedJava>false</escapedJava>
  <property name="startLine">52</property>
  <property name="stepIndex">1</property>
</record>
<record>
  <date>2026-01-27T10:56:29.441587100Z</date>
  <millis>1769511389441</millis>
  <nanos>587100</nanos>
  <sequence>476</sequence>
  <level>END</level>
  <class>com.kms.katalon.core.logging.XmlKeywordLogger</class>
  <method>endKeyword</method>
  <thread>1</thread>
  <message>End action : rowText += col.getText() + &amp;quot; | &amp;quot;</message>
  <nestedLevel>4</nestedLevel>
  <escapedJava>false</escapedJava>
</record>
<record>
  <date>2026-01-27T10:56:29.441587100Z</date>
  <millis>1769511389441</millis>
  <nanos>587100</nanos>
  <sequence>477</sequence>
  <level>START</level>
  <class>com.kms.katalon.core.logging.XmlKeywordLogger</class>
  <method>startKeyword</method>
  <thread>1</thread>
  <message>Start action : rowText += col.getText() + &amp;quot; | &amp;quot;</message>
  <nestedLevel>4</nestedLevel>
  <escapedJava>false</escapedJava>
  <property name="startLine">52</property>
  <property name="stepIndex">1</property>
</record>
<record>
  <date>2026-01-27T10:56:29.458157800Z</date>
  <millis>1769511389458</millis>
  <nanos>157800</nanos>
  <sequence>478</sequence>
  <level>END</level>
  <class>com.kms.katalon.core.logging.XmlKeywordLogger</class>
  <method>endKeyword</method>
  <thread>1</thread>
  <message>End action : rowText += col.getText() + &amp;quot; | &amp;quot;</message>
  <nestedLevel>4</nestedLevel>
  <escapedJava>false</escapedJava>
</record>
<record>
  <date>2026-01-27T10:56:29.458157800Z</date>
  <millis>1769511389458</millis>
  <nanos>157800</nanos>
  <sequence>479</sequence>
  <level>START</level>
  <class>com.kms.katalon.core.logging.XmlKeywordLogger</class>
  <method>startKeyword</method>
  <thread>1</thread>
  <message>Start action : rowText += col.getText() + &amp;quot; | &amp;quot;</message>
  <nestedLevel>4</nestedLevel>
  <escapedJava>false</escapedJava>
  <property name="startLine">52</property>
  <property name="stepIndex">1</property>
</record>
<record>
  <date>2026-01-27T10:56:29.473851100Z</date>
  <millis>1769511389473</millis>
  <nanos>851100</nanos>
  <sequence>480</sequence>
  <level>END</level>
  <class>com.kms.katalon.core.logging.XmlKeywordLogger</class>
  <method>endKeyword</method>
  <thread>1</thread>
  <message>End action : rowText += col.getText() + &amp;quot; | &amp;quot;</message>
  <nestedLevel>4</nestedLevel>
  <escapedJava>false</escapedJava>
</record>
<record>
  <date>2026-01-27T10:56:29.474848900Z</date>
  <millis>1769511389474</millis>
  <nanos>848900</nanos>
  <sequence>481</sequence>
  <level>START</level>
  <class>com.kms.katalon.core.logging.XmlKeywordLogger</class>
  <method>startKeyword</method>
  <thread>1</thread>
  <message>Start action : rowText += col.getText() + &amp;quot; | &amp;quot;</message>
  <nestedLevel>4</nestedLevel>
  <escapedJava>false</escapedJava>
  <property name="startLine">52</property>
  <property name="stepIndex">1</property>
</record>
<record>
  <date>2026-01-27T10:56:29.485059Z</date>
  <millis>1769511389485</millis>
  <nanos>59000</nanos>
  <sequence>482</sequence>
  <level>END</level>
  <class>com.kms.katalon.core.logging.XmlKeywordLogger</class>
  <method>endKeyword</method>
  <thread>1</thread>
  <message>End action : rowText += col.getText() + &amp;quot; | &amp;quot;</message>
  <nestedLevel>4</nestedLevel>
  <escapedJava>false</escapedJava>
</record>
<record>
  <date>2026-01-27T10:56:29.485059Z</date>
  <millis>1769511389485</millis>
  <nanos>59000</nanos>
  <sequence>483</sequence>
  <level>START</level>
  <class>com.kms.katalon.core.logging.XmlKeywordLogger</class>
  <method>startKeyword</method>
  <thread>1</thread>
  <message>Start action : rowText += col.getText() + &amp;quot; | &amp;quot;</message>
  <nestedLevel>4</nestedLevel>
  <escapedJava>false</escapedJava>
  <property name="startLine">52</property>
  <property name="stepIndex">1</property>
</record>
<record>
  <date>2026-01-27T10:56:29.492098500Z</date>
  <millis>1769511389492</millis>
  <nanos>98500</nanos>
  <sequence>484</sequence>
  <level>END</level>
  <class>com.kms.katalon.core.logging.XmlKeywordLogger</class>
  <method>endKeyword</method>
  <thread>1</thread>
  <message>End action : rowText += col.getText() + &amp;quot; | &amp;quot;</message>
  <nestedLevel>4</nestedLevel>
  <escapedJava>false</escapedJava>
</record>
<record>
  <date>2026-01-27T10:56:29.492098500Z</date>
  <millis>1769511389492</millis>
  <nanos>98500</nanos>
  <sequence>485</sequence>
  <level>END</level>
  <class>com.kms.katalon.core.logging.XmlKeywordLogger</class>
  <method>endKeyword</method>
  <thread>1</thread>
  <message>End action : for (org.openqa.selenium.WebElement col : cols)</message>
  <nestedLevel>3</nestedLevel>
  <escapedJava>false</escapedJava>
</record>
<record>
  <date>2026-01-27T10:56:29.492098500Z</date>
  <millis>1769511389492</millis>
  <nanos>98500</nanos>
  <sequence>486</sequence>
  <level>START</level>
  <class>com.kms.katalon.core.logging.XmlKeywordLogger</class>
  <method>startKeyword</method>
  <thread>1</thread>
  <message>Start action : logInfo(&amp;quot;Row &amp;quot; + i + &amp;quot;: &amp;quot; + rowText)</message>
  <nestedLevel>3</nestedLevel>
  <escapedJava>false</escapedJava>
  <property name="startLine">55</property>
  <property name="stepIndex">5</property>
</record>
<record>
  <date>2026-01-27T10:56:29.492098500Z</date>
  <millis>1769511389492</millis>
  <nanos>98500</nanos>
  <sequence>487</sequence>
  <level>INFO</level>
  <class>com.kms.katalon.core.logging.XmlKeywordLogger</class>
  <method>logMessage</method>
  <thread>1</thread>
  <message>Row 8:  | 8 | MS Visual Studio | 163.85h | 3 | 16893 | +2 | Development Tools | </message>
  <nestedLevel>1</nestedLevel>
  <escapedJava>false</escapedJava>
</record>
<record>
  <date>2026-01-27T10:56:29.492098500Z</date>
  <millis>1769511389492</millis>
  <nanos>98500</nanos>
  <sequence>488</sequence>
  <level>END</level>
  <class>com.kms.katalon.core.logging.XmlKeywordLogger</class>
  <method>endKeyword</method>
  <thread>1</thread>
  <message>End action : logInfo(&amp;quot;Row &amp;quot; + i + &amp;quot;: &amp;quot; + rowText)</message>
  <nestedLevel>3</nestedLevel>
  <escapedJava>false</escapedJava>
</record>
<record>
  <date>2026-01-27T10:56:29.492098500Z</date>
  <millis>1769511389492</millis>
  <nanos>98500</nanos>
  <sequence>489</sequence>
  <level>START</level>
  <class>com.kms.katalon.core.logging.XmlKeywordLogger</class>
  <method>startKeyword</method>
  <thread>1</thread>
  <message>Start action : cols = get(i).findElements(By.tagName(&amp;quot;td&amp;quot;))</message>
  <nestedLevel>3</nestedLevel>
  <escapedJava>false</escapedJava>
  <property name="startLine">42</property>
  <property name="stepIndex">1</property>
</record>
<record>
  <date>2026-01-27T10:56:29.763871900Z</date>
  <millis>1769511389763</millis>
  <nanos>871900</nanos>
  <sequence>490</sequence>
  <level>END</level>
  <class>com.kms.katalon.core.logging.XmlKeywordLogger</class>
  <method>endKeyword</method>
  <thread>1</thread>
  <message>End action : cols = get(i).findElements(By.tagName(&amp;quot;td&amp;quot;))</message>
  <nestedLevel>3</nestedLevel>
  <escapedJava>false</escapedJava>
</record>
<record>
  <date>2026-01-27T10:56:29.763871900Z</date>
  <millis>1769511389763</millis>
  <nanos>871900</nanos>
  <sequence>491</sequence>
  <level>START</level>
  <class>com.kms.katalon.core.logging.XmlKeywordLogger</class>
  <method>startKeyword</method>
  <thread>1</thread>
  <message>Start action : if (cols.size() == 0)</message>
  <nestedLevel>3</nestedLevel>
  <escapedJava>false</escapedJava>
  <property name="startLine">45</property>
  <property name="stepIndex">2</property>
</record>
<record>
  <date>2026-01-27T10:56:29.763871900Z</date>
  <millis>1769511389763</millis>
  <nanos>871900</nanos>
  <sequence>492</sequence>
  <level>END</level>
  <class>com.kms.katalon.core.logging.XmlKeywordLogger</class>
  <method>endKeyword</method>
  <thread>1</thread>
  <message>End action : if (cols.size() == 0)</message>
  <nestedLevel>3</nestedLevel>
  <escapedJava>false</escapedJava>
</record>
<record>
  <date>2026-01-27T10:56:29.763871900Z</date>
  <millis>1769511389763</millis>
  <nanos>871900</nanos>
  <sequence>493</sequence>
  <level>START</level>
  <class>com.kms.katalon.core.logging.XmlKeywordLogger</class>
  <method>startKeyword</method>
  <thread>1</thread>
  <message>Start action : rowText = &amp;quot;&amp;quot;</message>
  <nestedLevel>3</nestedLevel>
  <escapedJava>false</escapedJava>
  <property name="startLine">49</property>
  <property name="stepIndex">3</property>
</record>
<record>
  <date>2026-01-27T10:56:29.763871900Z</date>
  <millis>1769511389763</millis>
  <nanos>871900</nanos>
  <sequence>494</sequence>
  <level>END</level>
  <class>com.kms.katalon.core.logging.XmlKeywordLogger</class>
  <method>endKeyword</method>
  <thread>1</thread>
  <message>End action : rowText = &amp;quot;&amp;quot;</message>
  <nestedLevel>3</nestedLevel>
  <escapedJava>false</escapedJava>
</record>
<record>
  <date>2026-01-27T10:56:29.763871900Z</date>
  <millis>1769511389763</millis>
  <nanos>871900</nanos>
  <sequence>495</sequence>
  <level>START</level>
  <class>com.kms.katalon.core.logging.XmlKeywordLogger</class>
  <method>startKeyword</method>
  <thread>1</thread>
  <message>Start action : for (org.openqa.selenium.WebElement col : cols)</message>
  <nestedLevel>3</nestedLevel>
  <escapedJava>false</escapedJava>
  <property name="startLine">51</property>
  <property name="stepIndex">4</property>
</record>
<record>
  <date>2026-01-27T10:56:29.763871900Z</date>
  <millis>1769511389763</millis>
  <nanos>871900</nanos>
  <sequence>496</sequence>
  <level>START</level>
  <class>com.kms.katalon.core.logging.XmlKeywordLogger</class>
  <method>startKeyword</method>
  <thread>1</thread>
  <message>Start action : rowText += col.getText() + &amp;quot; | &amp;quot;</message>
  <nestedLevel>4</nestedLevel>
  <escapedJava>false</escapedJava>
  <property name="startLine">52</property>
  <property name="stepIndex">1</property>
</record>
<record>
  <date>2026-01-27T10:56:29.785409700Z</date>
  <millis>1769511389785</millis>
  <nanos>409700</nanos>
  <sequence>497</sequence>
  <level>END</level>
  <class>com.kms.katalon.core.logging.XmlKeywordLogger</class>
  <method>endKeyword</method>
  <thread>1</thread>
  <message>End action : rowText += col.getText() + &amp;quot; | &amp;quot;</message>
  <nestedLevel>4</nestedLevel>
  <escapedJava>false</escapedJava>
</record>
<record>
  <date>2026-01-27T10:56:29.785409700Z</date>
  <millis>1769511389785</millis>
  <nanos>409700</nanos>
  <sequence>498</sequence>
  <level>START</level>
  <class>com.kms.katalon.core.logging.XmlKeywordLogger</class>
  <method>startKeyword</method>
  <thread>1</thread>
  <message>Start action : rowText += col.getText() + &amp;quot; | &amp;quot;</message>
  <nestedLevel>4</nestedLevel>
  <escapedJava>false</escapedJava>
  <property name="startLine">52</property>
  <property name="stepIndex">1</property>
</record>
<record>
  <date>2026-01-27T10:56:29.794461Z</date>
  <millis>1769511389794</millis>
  <nanos>461000</nanos>
  <sequence>499</sequence>
  <level>END</level>
  <class>com.kms.katalon.core.logging.XmlKeywordLogger</class>
  <method>endKeyword</method>
  <thread>1</thread>
  <message>End action : rowText += col.getText() + &amp;quot; | &amp;quot;</message>
  <nestedLevel>4</nestedLevel>
  <escapedJava>false</escapedJava>
</record>
<record>
  <date>2026-01-27T10:56:29.794461Z</date>
  <millis>1769511389794</millis>
  <nanos>461000</nanos>
  <sequence>500</sequence>
  <level>START</level>
  <class>com.kms.katalon.core.logging.XmlKeywordLogger</class>
  <method>startKeyword</method>
  <thread>1</thread>
  <message>Start action : rowText += col.getText() + &amp;quot; | &amp;quot;</message>
  <nestedLevel>4</nestedLevel>
  <escapedJava>false</escapedJava>
  <property name="startLine">52</property>
  <property name="stepIndex">1</property>
</record>
<record>
  <date>2026-01-27T10:56:29.809443800Z</date>
  <millis>1769511389809</millis>
  <nanos>443800</nanos>
  <sequence>501</sequence>
  <level>END</level>
  <class>com.kms.katalon.core.logging.XmlKeywordLogger</class>
  <method>endKeyword</method>
  <thread>1</thread>
  <message>End action : rowText += col.getText() + &amp;quot; | &amp;quot;</message>
  <nestedLevel>4</nestedLevel>
  <escapedJava>false</escapedJava>
</record>
<record>
  <date>2026-01-27T10:56:29.809443800Z</date>
  <millis>1769511389809</millis>
  <nanos>443800</nanos>
  <sequence>502</sequence>
  <level>START</level>
  <class>com.kms.katalon.core.logging.XmlKeywordLogger</class>
  <method>startKeyword</method>
  <thread>1</thread>
  <message>Start action : rowText += col.getText() + &amp;quot; | &amp;quot;</message>
  <nestedLevel>4</nestedLevel>
  <escapedJava>false</escapedJava>
  <property name="startLine">52</property>
  <property name="stepIndex">1</property>
</record>
<record>
  <date>2026-01-27T10:56:29.825821500Z</date>
  <millis>1769511389825</millis>
  <nanos>821500</nanos>
  <sequence>503</sequence>
  <level>END</level>
  <class>com.kms.katalon.core.logging.XmlKeywordLogger</class>
  <method>endKeyword</method>
  <thread>1</thread>
  <message>End action : rowText += col.getText() + &amp;quot; | &amp;quot;</message>
  <nestedLevel>4</nestedLevel>
  <escapedJava>false</escapedJava>
</record>
<record>
  <date>2026-01-27T10:56:29.825821500Z</date>
  <millis>1769511389825</millis>
  <nanos>821500</nanos>
  <sequence>504</sequence>
  <level>START</level>
  <class>com.kms.katalon.core.logging.XmlKeywordLogger</class>
  <method>startKeyword</method>
  <thread>1</thread>
  <message>Start action : rowText += col.getText() + &amp;quot; | &amp;quot;</message>
  <nestedLevel>4</nestedLevel>
  <escapedJava>false</escapedJava>
  <property name="startLine">52</property>
  <property name="stepIndex">1</property>
</record>
<record>
  <date>2026-01-27T10:56:29.842471500Z</date>
  <millis>1769511389842</millis>
  <nanos>471500</nanos>
  <sequence>505</sequence>
  <level>END</level>
  <class>com.kms.katalon.core.logging.XmlKeywordLogger</class>
  <method>endKeyword</method>
  <thread>1</thread>
  <message>End action : rowText += col.getText() + &amp;quot; | &amp;quot;</message>
  <nestedLevel>4</nestedLevel>
  <escapedJava>false</escapedJava>
</record>
<record>
  <date>2026-01-27T10:56:29.842471500Z</date>
  <millis>1769511389842</millis>
  <nanos>471500</nanos>
  <sequence>506</sequence>
  <level>START</level>
  <class>com.kms.katalon.core.logging.XmlKeywordLogger</class>
  <method>startKeyword</method>
  <thread>1</thread>
  <message>Start action : rowText += col.getText() + &amp;quot; | &amp;quot;</message>
  <nestedLevel>4</nestedLevel>
  <escapedJava>false</escapedJava>
  <property name="startLine">52</property>
  <property name="stepIndex">1</property>
</record>
<record>
  <date>2026-01-27T10:56:29.842471500Z</date>
  <millis>1769511389842</millis>
  <nanos>471500</nanos>
  <sequence>507</sequence>
  <level>END</level>
  <class>com.kms.katalon.core.logging.XmlKeywordLogger</class>
  <method>endKeyword</method>
  <thread>1</thread>
  <message>End action : rowText += col.getText() + &amp;quot; | &amp;quot;</message>
  <nestedLevel>4</nestedLevel>
  <escapedJava>false</escapedJava>
</record>
<record>
  <date>2026-01-27T10:56:29.842471500Z</date>
  <millis>1769511389842</millis>
  <nanos>471500</nanos>
  <sequence>508</sequence>
  <level>START</level>
  <class>com.kms.katalon.core.logging.XmlKeywordLogger</class>
  <method>startKeyword</method>
  <thread>1</thread>
  <message>Start action : rowText += col.getText() + &amp;quot; | &amp;quot;</message>
  <nestedLevel>4</nestedLevel>
  <escapedJava>false</escapedJava>
  <property name="startLine">52</property>
  <property name="stepIndex">1</property>
</record>
<record>
  <date>2026-01-27T10:56:29.859909600Z</date>
  <millis>1769511389859</millis>
  <nanos>909600</nanos>
  <sequence>509</sequence>
  <level>END</level>
  <class>com.kms.katalon.core.logging.XmlKeywordLogger</class>
  <method>endKeyword</method>
  <thread>1</thread>
  <message>End action : rowText += col.getText() + &amp;quot; | &amp;quot;</message>
  <nestedLevel>4</nestedLevel>
  <escapedJava>false</escapedJava>
</record>
<record>
  <date>2026-01-27T10:56:29.859909600Z</date>
  <millis>1769511389859</millis>
  <nanos>909600</nanos>
  <sequence>510</sequence>
  <level>START</level>
  <class>com.kms.katalon.core.logging.XmlKeywordLogger</class>
  <method>startKeyword</method>
  <thread>1</thread>
  <message>Start action : rowText += col.getText() + &amp;quot; | &amp;quot;</message>
  <nestedLevel>4</nestedLevel>
  <escapedJava>false</escapedJava>
  <property name="startLine">52</property>
  <property name="stepIndex">1</property>
</record>
<record>
  <date>2026-01-27T10:56:29.876321300Z</date>
  <millis>1769511389876</millis>
  <nanos>321300</nanos>
  <sequence>511</sequence>
  <level>END</level>
  <class>com.kms.katalon.core.logging.XmlKeywordLogger</class>
  <method>endKeyword</method>
  <thread>1</thread>
  <message>End action : rowText += col.getText() + &amp;quot; | &amp;quot;</message>
  <nestedLevel>4</nestedLevel>
  <escapedJava>false</escapedJava>
</record>
<record>
  <date>2026-01-27T10:56:29.876321300Z</date>
  <millis>1769511389876</millis>
  <nanos>321300</nanos>
  <sequence>512</sequence>
  <level>END</level>
  <class>com.kms.katalon.core.logging.XmlKeywordLogger</class>
  <method>endKeyword</method>
  <thread>1</thread>
  <message>End action : for (org.openqa.selenium.WebElement col : cols)</message>
  <nestedLevel>3</nestedLevel>
  <escapedJava>false</escapedJava>
</record>
<record>
  <date>2026-01-27T10:56:29.876321300Z</date>
  <millis>1769511389876</millis>
  <nanos>321300</nanos>
  <sequence>513</sequence>
  <level>START</level>
  <class>com.kms.katalon.core.logging.XmlKeywordLogger</class>
  <method>startKeyword</method>
  <thread>1</thread>
  <message>Start action : logInfo(&amp;quot;Row &amp;quot; + i + &amp;quot;: &amp;quot; + rowText)</message>
  <nestedLevel>3</nestedLevel>
  <escapedJava>false</escapedJava>
  <property name="startLine">55</property>
  <property name="stepIndex">5</property>
</record>
<record>
  <date>2026-01-27T10:56:29.876321300Z</date>
  <millis>1769511389876</millis>
  <nanos>321300</nanos>
  <sequence>514</sequence>
  <level>INFO</level>
  <class>com.kms.katalon.core.logging.XmlKeywordLogger</class>
  <method>logMessage</method>
  <thread>1</thread>
  <message>Row 9:  | 9 | Email Applications | 151.62h | 51 | 28704 | +2 | Communication Tools | </message>
  <nestedLevel>1</nestedLevel>
  <escapedJava>false</escapedJava>
</record>
<record>
  <date>2026-01-27T10:56:29.876321300Z</date>
  <millis>1769511389876</millis>
  <nanos>321300</nanos>
  <sequence>515</sequence>
  <level>END</level>
  <class>com.kms.katalon.core.logging.XmlKeywordLogger</class>
  <method>endKeyword</method>
  <thread>1</thread>
  <message>End action : logInfo(&amp;quot;Row &amp;quot; + i + &amp;quot;: &amp;quot; + rowText)</message>
  <nestedLevel>3</nestedLevel>
  <escapedJava>false</escapedJava>
</record>
<record>
  <date>2026-01-27T10:56:29.876321300Z</date>
  <millis>1769511389876</millis>
  <nanos>321300</nanos>
  <sequence>516</sequence>
  <level>START</level>
  <class>com.kms.katalon.core.logging.XmlKeywordLogger</class>
  <method>startKeyword</method>
  <thread>1</thread>
  <message>Start action : cols = get(i).findElements(By.tagName(&amp;quot;td&amp;quot;))</message>
  <nestedLevel>3</nestedLevel>
  <escapedJava>false</escapedJava>
  <property name="startLine">42</property>
  <property name="stepIndex">1</property>
</record>
<record>
  <date>2026-01-27T10:56:30.159592800Z</date>
  <millis>1769511390159</millis>
  <nanos>592800</nanos>
  <sequence>517</sequence>
  <level>END</level>
  <class>com.kms.katalon.core.logging.XmlKeywordLogger</class>
  <method>endKeyword</method>
  <thread>1</thread>
  <message>End action : cols = get(i).findElements(By.tagName(&amp;quot;td&amp;quot;))</message>
  <nestedLevel>3</nestedLevel>
  <escapedJava>false</escapedJava>
</record>
<record>
  <date>2026-01-27T10:56:30.160655500Z</date>
  <millis>1769511390160</millis>
  <nanos>655500</nanos>
  <sequence>518</sequence>
  <level>START</level>
  <class>com.kms.katalon.core.logging.XmlKeywordLogger</class>
  <method>startKeyword</method>
  <thread>1</thread>
  <message>Start action : if (cols.size() == 0)</message>
  <nestedLevel>3</nestedLevel>
  <escapedJava>false</escapedJava>
  <property name="startLine">45</property>
  <property name="stepIndex">2</property>
</record>
<record>
  <date>2026-01-27T10:56:30.162112700Z</date>
  <millis>1769511390162</millis>
  <nanos>112700</nanos>
  <sequence>519</sequence>
  <level>END</level>
  <class>com.kms.katalon.core.logging.XmlKeywordLogger</class>
  <method>endKeyword</method>
  <thread>1</thread>
  <message>End action : if (cols.size() == 0)</message>
  <nestedLevel>3</nestedLevel>
  <escapedJava>false</escapedJava>
</record>
<record>
  <date>2026-01-27T10:56:30.163158800Z</date>
  <millis>1769511390163</millis>
  <nanos>158800</nanos>
  <sequence>520</sequence>
  <level>START</level>
  <class>com.kms.katalon.core.logging.XmlKeywordLogger</class>
  <method>startKeyword</method>
  <thread>1</thread>
  <message>Start action : rowText = &amp;quot;&amp;quot;</message>
  <nestedLevel>3</nestedLevel>
  <escapedJava>false</escapedJava>
  <property name="startLine">49</property>
  <property name="stepIndex">3</property>
</record>
<record>
  <date>2026-01-27T10:56:30.163158800Z</date>
  <millis>1769511390163</millis>
  <nanos>158800</nanos>
  <sequence>521</sequence>
  <level>END</level>
  <class>com.kms.katalon.core.logging.XmlKeywordLogger</class>
  <method>endKeyword</method>
  <thread>1</thread>
  <message>End action : rowText = &amp;quot;&amp;quot;</message>
  <nestedLevel>3</nestedLevel>
  <escapedJava>false</escapedJava>
</record>
<record>
  <date>2026-01-27T10:56:30.164372400Z</date>
  <millis>1769511390164</millis>
  <nanos>372400</nanos>
  <sequence>522</sequence>
  <level>START</level>
  <class>com.kms.katalon.core.logging.XmlKeywordLogger</class>
  <method>startKeyword</method>
  <thread>1</thread>
  <message>Start action : for (org.openqa.selenium.WebElement col : cols)</message>
  <nestedLevel>3</nestedLevel>
  <escapedJava>false</escapedJava>
  <property name="startLine">51</property>
  <property name="stepIndex">4</property>
</record>
<record>
  <date>2026-01-27T10:56:30.171381100Z</date>
  <millis>1769511390171</millis>
  <nanos>381100</nanos>
  <sequence>523</sequence>
  <level>START</level>
  <class>com.kms.katalon.core.logging.XmlKeywordLogger</class>
  <method>startKeyword</method>
  <thread>1</thread>
  <message>Start action : rowText += col.getText() + &amp;quot; | &amp;quot;</message>
  <nestedLevel>4</nestedLevel>
  <escapedJava>false</escapedJava>
  <property name="startLine">52</property>
  <property name="stepIndex">1</property>
</record>
<record>
  <date>2026-01-27T10:56:30.187913400Z</date>
  <millis>1769511390187</millis>
  <nanos>913400</nanos>
  <sequence>524</sequence>
  <level>END</level>
  <class>com.kms.katalon.core.logging.XmlKeywordLogger</class>
  <method>endKeyword</method>
  <thread>1</thread>
  <message>End action : rowText += col.getText() + &amp;quot; | &amp;quot;</message>
  <nestedLevel>4</nestedLevel>
  <escapedJava>false</escapedJava>
</record>
<record>
  <date>2026-01-27T10:56:30.187913400Z</date>
  <millis>1769511390187</millis>
  <nanos>913400</nanos>
  <sequence>525</sequence>
  <level>START</level>
  <class>com.kms.katalon.core.logging.XmlKeywordLogger</class>
  <method>startKeyword</method>
  <thread>1</thread>
  <message>Start action : rowText += col.getText() + &amp;quot; | &amp;quot;</message>
  <nestedLevel>4</nestedLevel>
  <escapedJava>false</escapedJava>
  <property name="startLine">52</property>
  <property name="stepIndex">1</property>
</record>
<record>
  <date>2026-01-27T10:56:30.203559900Z</date>
  <millis>1769511390203</millis>
  <nanos>559900</nanos>
  <sequence>526</sequence>
  <level>END</level>
  <class>com.kms.katalon.core.logging.XmlKeywordLogger</class>
  <method>endKeyword</method>
  <thread>1</thread>
  <message>End action : rowText += col.getText() + &amp;quot; | &amp;quot;</message>
  <nestedLevel>4</nestedLevel>
  <escapedJava>false</escapedJava>
</record>
<record>
  <date>2026-01-27T10:56:30.203559900Z</date>
  <millis>1769511390203</millis>
  <nanos>559900</nanos>
  <sequence>527</sequence>
  <level>START</level>
  <class>com.kms.katalon.core.logging.XmlKeywordLogger</class>
  <method>startKeyword</method>
  <thread>1</thread>
  <message>Start action : rowText += col.getText() + &amp;quot; | &amp;quot;</message>
  <nestedLevel>4</nestedLevel>
  <escapedJava>false</escapedJava>
  <property name="startLine">52</property>
  <property name="stepIndex">1</property>
</record>
<record>
  <date>2026-01-27T10:56:30.219689300Z</date>
  <millis>1769511390219</millis>
  <nanos>689300</nanos>
  <sequence>528</sequence>
  <level>END</level>
  <class>com.kms.katalon.core.logging.XmlKeywordLogger</class>
  <method>endKeyword</method>
  <thread>1</thread>
  <message>End action : rowText += col.getText() + &amp;quot; | &amp;quot;</message>
  <nestedLevel>4</nestedLevel>
  <escapedJava>false</escapedJava>
</record>
<record>
  <date>2026-01-27T10:56:30.219689300Z</date>
  <millis>1769511390219</millis>
  <nanos>689300</nanos>
  <sequence>529</sequence>
  <level>START</level>
  <class>com.kms.katalon.core.logging.XmlKeywordLogger</class>
  <method>startKeyword</method>
  <thread>1</thread>
  <message>Start action : rowText += col.getText() + &amp;quot; | &amp;quot;</message>
  <nestedLevel>4</nestedLevel>
  <escapedJava>false</escapedJava>
  <property name="startLine">52</property>
  <property name="stepIndex">1</property>
</record>
<record>
  <date>2026-01-27T10:56:30.237777800Z</date>
  <millis>1769511390237</millis>
  <nanos>777800</nanos>
  <sequence>530</sequence>
  <level>END</level>
  <class>com.kms.katalon.core.logging.XmlKeywordLogger</class>
  <method>endKeyword</method>
  <thread>1</thread>
  <message>End action : rowText += col.getText() + &amp;quot; | &amp;quot;</message>
  <nestedLevel>4</nestedLevel>
  <escapedJava>false</escapedJava>
</record>
<record>
  <date>2026-01-27T10:56:30.237777800Z</date>
  <millis>1769511390237</millis>
  <nanos>777800</nanos>
  <sequence>531</sequence>
  <level>START</level>
  <class>com.kms.katalon.core.logging.XmlKeywordLogger</class>
  <method>startKeyword</method>
  <thread>1</thread>
  <message>Start action : rowText += col.getText() + &amp;quot; | &amp;quot;</message>
  <nestedLevel>4</nestedLevel>
  <escapedJava>false</escapedJava>
  <property name="startLine">52</property>
  <property name="stepIndex">1</property>
</record>
<record>
  <date>2026-01-27T10:56:30.250958800Z</date>
  <millis>1769511390250</millis>
  <nanos>958800</nanos>
  <sequence>532</sequence>
  <level>END</level>
  <class>com.kms.katalon.core.logging.XmlKeywordLogger</class>
  <method>endKeyword</method>
  <thread>1</thread>
  <message>End action : rowText += col.getText() + &amp;quot; | &amp;quot;</message>
  <nestedLevel>4</nestedLevel>
  <escapedJava>false</escapedJava>
</record>
<record>
  <date>2026-01-27T10:56:30.250958800Z</date>
  <millis>1769511390250</millis>
  <nanos>958800</nanos>
  <sequence>533</sequence>
  <level>START</level>
  <class>com.kms.katalon.core.logging.XmlKeywordLogger</class>
  <method>startKeyword</method>
  <thread>1</thread>
  <message>Start action : rowText += col.getText() + &amp;quot; | &amp;quot;</message>
  <nestedLevel>4</nestedLevel>
  <escapedJava>false</escapedJava>
  <property name="startLine">52</property>
  <property name="stepIndex">1</property>
</record>
<record>
  <date>2026-01-27T10:56:30.263427600Z</date>
  <millis>1769511390263</millis>
  <nanos>427600</nanos>
  <sequence>534</sequence>
  <level>END</level>
  <class>com.kms.katalon.core.logging.XmlKeywordLogger</class>
  <method>endKeyword</method>
  <thread>1</thread>
  <message>End action : rowText += col.getText() + &amp;quot; | &amp;quot;</message>
  <nestedLevel>4</nestedLevel>
  <escapedJava>false</escapedJava>
</record>
<record>
  <date>2026-01-27T10:56:30.265438900Z</date>
  <millis>1769511390265</millis>
  <nanos>438900</nanos>
  <sequence>535</sequence>
  <level>START</level>
  <class>com.kms.katalon.core.logging.XmlKeywordLogger</class>
  <method>startKeyword</method>
  <thread>1</thread>
  <message>Start action : rowText += col.getText() + &amp;quot; | &amp;quot;</message>
  <nestedLevel>4</nestedLevel>
  <escapedJava>false</escapedJava>
  <property name="startLine">52</property>
  <property name="stepIndex">1</property>
</record>
<record>
  <date>2026-01-27T10:56:30.278195900Z</date>
  <millis>1769511390278</millis>
  <nanos>195900</nanos>
  <sequence>536</sequence>
  <level>END</level>
  <class>com.kms.katalon.core.logging.XmlKeywordLogger</class>
  <method>endKeyword</method>
  <thread>1</thread>
  <message>End action : rowText += col.getText() + &amp;quot; | &amp;quot;</message>
  <nestedLevel>4</nestedLevel>
  <escapedJava>false</escapedJava>
</record>
<record>
  <date>2026-01-27T10:56:30.278195900Z</date>
  <millis>1769511390278</millis>
  <nanos>195900</nanos>
  <sequence>537</sequence>
  <level>START</level>
  <class>com.kms.katalon.core.logging.XmlKeywordLogger</class>
  <method>startKeyword</method>
  <thread>1</thread>
  <message>Start action : rowText += col.getText() + &amp;quot; | &amp;quot;</message>
  <nestedLevel>4</nestedLevel>
  <escapedJava>false</escapedJava>
  <property name="startLine">52</property>
  <property name="stepIndex">1</property>
</record>
<record>
  <date>2026-01-27T10:56:30.289013500Z</date>
  <millis>1769511390289</millis>
  <nanos>13500</nanos>
  <sequence>538</sequence>
  <level>END</level>
  <class>com.kms.katalon.core.logging.XmlKeywordLogger</class>
  <method>endKeyword</method>
  <thread>1</thread>
  <message>End action : rowText += col.getText() + &amp;quot; | &amp;quot;</message>
  <nestedLevel>4</nestedLevel>
  <escapedJava>false</escapedJava>
</record>
<record>
  <date>2026-01-27T10:56:30.289013500Z</date>
  <millis>1769511390289</millis>
  <nanos>13500</nanos>
  <sequence>539</sequence>
  <level>END</level>
  <class>com.kms.katalon.core.logging.XmlKeywordLogger</class>
  <method>endKeyword</method>
  <thread>1</thread>
  <message>End action : for (org.openqa.selenium.WebElement col : cols)</message>
  <nestedLevel>3</nestedLevel>
  <escapedJava>false</escapedJava>
</record>
<record>
  <date>2026-01-27T10:56:30.289013500Z</date>
  <millis>1769511390289</millis>
  <nanos>13500</nanos>
  <sequence>540</sequence>
  <level>START</level>
  <class>com.kms.katalon.core.logging.XmlKeywordLogger</class>
  <method>startKeyword</method>
  <thread>1</thread>
  <message>Start action : logInfo(&amp;quot;Row &amp;quot; + i + &amp;quot;: &amp;quot; + rowText)</message>
  <nestedLevel>3</nestedLevel>
  <escapedJava>false</escapedJava>
  <property name="startLine">55</property>
  <property name="stepIndex">5</property>
</record>
<record>
  <date>2026-01-27T10:56:30.292496700Z</date>
  <millis>1769511390292</millis>
  <nanos>496700</nanos>
  <sequence>541</sequence>
  <level>INFO</level>
  <class>com.kms.katalon.core.logging.XmlKeywordLogger</class>
  <method>logMessage</method>
  <thread>1</thread>
  <message>Row 10:  | 10 | MYSQL Server | 114.50h | 43 | 15941 | +2 | Development Tools | </message>
  <nestedLevel>1</nestedLevel>
  <escapedJava>false</escapedJava>
</record>
<record>
  <date>2026-01-27T10:56:30.294490900Z</date>
  <millis>1769511390294</millis>
  <nanos>490900</nanos>
  <sequence>542</sequence>
  <level>END</level>
  <class>com.kms.katalon.core.logging.XmlKeywordLogger</class>
  <method>endKeyword</method>
  <thread>1</thread>
  <message>End action : logInfo(&amp;quot;Row &amp;quot; + i + &amp;quot;: &amp;quot; + rowText)</message>
  <nestedLevel>3</nestedLevel>
  <escapedJava>false</escapedJava>
</record>
<record>
  <date>2026-01-27T10:56:30.295105300Z</date>
  <millis>1769511390295</millis>
  <nanos>105300</nanos>
  <sequence>543</sequence>
  <level>START</level>
  <class>com.kms.katalon.core.logging.XmlKeywordLogger</class>
  <method>startKeyword</method>
  <thread>1</thread>
  <message>Start action : cols = get(i).findElements(By.tagName(&amp;quot;td&amp;quot;))</message>
  <nestedLevel>3</nestedLevel>
  <escapedJava>false</escapedJava>
  <property name="startLine">42</property>
  <property name="stepIndex">1</property>
</record>
<record>
  <date>2026-01-27T10:56:30.579465500Z</date>
  <millis>1769511390579</millis>
  <nanos>465500</nanos>
  <sequence>544</sequence>
  <level>END</level>
  <class>com.kms.katalon.core.logging.XmlKeywordLogger</class>
  <method>endKeyword</method>
  <thread>1</thread>
  <message>End action : cols = get(i).findElements(By.tagName(&amp;quot;td&amp;quot;))</message>
  <nestedLevel>3</nestedLevel>
  <escapedJava>false</escapedJava>
</record>
<record>
  <date>2026-01-27T10:56:30.579465500Z</date>
  <millis>1769511390579</millis>
  <nanos>465500</nanos>
  <sequence>545</sequence>
  <level>START</level>
  <class>com.kms.katalon.core.logging.XmlKeywordLogger</class>
  <method>startKeyword</method>
  <thread>1</thread>
  <message>Start action : if (cols.size() == 0)</message>
  <nestedLevel>3</nestedLevel>
  <escapedJava>false</escapedJava>
  <property name="startLine">45</property>
  <property name="stepIndex">2</property>
</record>
<record>
  <date>2026-01-27T10:56:30.581481600Z</date>
  <millis>1769511390581</millis>
  <nanos>481600</nanos>
  <sequence>546</sequence>
  <level>END</level>
  <class>com.kms.katalon.core.logging.XmlKeywordLogger</class>
  <method>endKeyword</method>
  <thread>1</thread>
  <message>End action : if (cols.size() == 0)</message>
  <nestedLevel>3</nestedLevel>
  <escapedJava>false</escapedJava>
</record>
<record>
  <date>2026-01-27T10:56:30.581481600Z</date>
  <millis>1769511390581</millis>
  <nanos>481600</nanos>
  <sequence>547</sequence>
  <level>START</level>
  <class>com.kms.katalon.core.logging.XmlKeywordLogger</class>
  <method>startKeyword</method>
  <thread>1</thread>
  <message>Start action : rowText = &amp;quot;&amp;quot;</message>
  <nestedLevel>3</nestedLevel>
  <escapedJava>false</escapedJava>
  <property name="startLine">49</property>
  <property name="stepIndex">3</property>
</record>
<record>
  <date>2026-01-27T10:56:30.581481600Z</date>
  <millis>1769511390581</millis>
  <nanos>481600</nanos>
  <sequence>548</sequence>
  <level>END</level>
  <class>com.kms.katalon.core.logging.XmlKeywordLogger</class>
  <method>endKeyword</method>
  <thread>1</thread>
  <message>End action : rowText = &amp;quot;&amp;quot;</message>
  <nestedLevel>3</nestedLevel>
  <escapedJava>false</escapedJava>
</record>
<record>
  <date>2026-01-27T10:56:30.581481600Z</date>
  <millis>1769511390581</millis>
  <nanos>481600</nanos>
  <sequence>549</sequence>
  <level>START</level>
  <class>com.kms.katalon.core.logging.XmlKeywordLogger</class>
  <method>startKeyword</method>
  <thread>1</thread>
  <message>Start action : for (org.openqa.selenium.WebElement col : cols)</message>
  <nestedLevel>3</nestedLevel>
  <escapedJava>false</escapedJava>
  <property name="startLine">51</property>
  <property name="stepIndex">4</property>
</record>
<record>
  <date>2026-01-27T10:56:30.583228500Z</date>
  <millis>1769511390583</millis>
  <nanos>228500</nanos>
  <sequence>550</sequence>
  <level>START</level>
  <class>com.kms.katalon.core.logging.XmlKeywordLogger</class>
  <method>startKeyword</method>
  <thread>1</thread>
  <message>Start action : rowText += col.getText() + &amp;quot; | &amp;quot;</message>
  <nestedLevel>4</nestedLevel>
  <escapedJava>false</escapedJava>
  <property name="startLine">52</property>
  <property name="stepIndex">1</property>
</record>
<record>
  <date>2026-01-27T10:56:30.609389200Z</date>
  <millis>1769511390609</millis>
  <nanos>389200</nanos>
  <sequence>551</sequence>
  <level>END</level>
  <class>com.kms.katalon.core.logging.XmlKeywordLogger</class>
  <method>endKeyword</method>
  <thread>1</thread>
  <message>End action : rowText += col.getText() + &amp;quot; | &amp;quot;</message>
  <nestedLevel>4</nestedLevel>
  <escapedJava>false</escapedJava>
</record>
<record>
  <date>2026-01-27T10:56:30.610507400Z</date>
  <millis>1769511390610</millis>
  <nanos>507400</nanos>
  <sequence>552</sequence>
  <level>START</level>
  <class>com.kms.katalon.core.logging.XmlKeywordLogger</class>
  <method>startKeyword</method>
  <thread>1</thread>
  <message>Start action : rowText += col.getText() + &amp;quot; | &amp;quot;</message>
  <nestedLevel>4</nestedLevel>
  <escapedJava>false</escapedJava>
  <property name="startLine">52</property>
  <property name="stepIndex">1</property>
</record>
<record>
  <date>2026-01-27T10:56:30.627079Z</date>
  <millis>1769511390627</millis>
  <nanos>79000</nanos>
  <sequence>553</sequence>
  <level>END</level>
  <class>com.kms.katalon.core.logging.XmlKeywordLogger</class>
  <method>endKeyword</method>
  <thread>1</thread>
  <message>End action : rowText += col.getText() + &amp;quot; | &amp;quot;</message>
  <nestedLevel>4</nestedLevel>
  <escapedJava>false</escapedJava>
</record>
<record>
  <date>2026-01-27T10:56:30.628075600Z</date>
  <millis>1769511390628</millis>
  <nanos>75600</nanos>
  <sequence>554</sequence>
  <level>START</level>
  <class>com.kms.katalon.core.logging.XmlKeywordLogger</class>
  <method>startKeyword</method>
  <thread>1</thread>
  <message>Start action : rowText += col.getText() + &amp;quot; | &amp;quot;</message>
  <nestedLevel>4</nestedLevel>
  <escapedJava>false</escapedJava>
  <property name="startLine">52</property>
  <property name="stepIndex">1</property>
</record>
<record>
  <date>2026-01-27T10:56:30.629029300Z</date>
  <millis>1769511390629</millis>
  <nanos>29300</nanos>
  <sequence>555</sequence>
  <level>END</level>
  <class>com.kms.katalon.core.logging.XmlKeywordLogger</class>
  <method>endKeyword</method>
  <thread>1</thread>
  <message>End action : rowText += col.getText() + &amp;quot; | &amp;quot;</message>
  <nestedLevel>4</nestedLevel>
  <escapedJava>false</escapedJava>
</record>
<record>
  <date>2026-01-27T10:56:30.629029300Z</date>
  <millis>1769511390629</millis>
  <nanos>29300</nanos>
  <sequence>556</sequence>
  <level>START</level>
  <class>com.kms.katalon.core.logging.XmlKeywordLogger</class>
  <method>startKeyword</method>
  <thread>1</thread>
  <message>Start action : rowText += col.getText() + &amp;quot; | &amp;quot;</message>
  <nestedLevel>4</nestedLevel>
  <escapedJava>false</escapedJava>
  <property name="startLine">52</property>
  <property name="stepIndex">1</property>
</record>
<record>
  <date>2026-01-27T10:56:30.653369400Z</date>
  <millis>1769511390653</millis>
  <nanos>369400</nanos>
  <sequence>557</sequence>
  <level>END</level>
  <class>com.kms.katalon.core.logging.XmlKeywordLogger</class>
  <method>endKeyword</method>
  <thread>1</thread>
  <message>End action : rowText += col.getText() + &amp;quot; | &amp;quot;</message>
  <nestedLevel>4</nestedLevel>
  <escapedJava>false</escapedJava>
</record>
<record>
  <date>2026-01-27T10:56:30.653369400Z</date>
  <millis>1769511390653</millis>
  <nanos>369400</nanos>
  <sequence>558</sequence>
  <level>START</level>
  <class>com.kms.katalon.core.logging.XmlKeywordLogger</class>
  <method>startKeyword</method>
  <thread>1</thread>
  <message>Start action : rowText += col.getText() + &amp;quot; | &amp;quot;</message>
  <nestedLevel>4</nestedLevel>
  <escapedJava>false</escapedJava>
  <property name="startLine">52</property>
  <property name="stepIndex">1</property>
</record>
<record>
  <date>2026-01-27T10:56:30.662641200Z</date>
  <millis>1769511390662</millis>
  <nanos>641200</nanos>
  <sequence>559</sequence>
  <level>END</level>
  <class>com.kms.katalon.core.logging.XmlKeywordLogger</class>
  <method>endKeyword</method>
  <thread>1</thread>
  <message>End action : rowText += col.getText() + &amp;quot; | &amp;quot;</message>
  <nestedLevel>4</nestedLevel>
  <escapedJava>false</escapedJava>
</record>
<record>
  <date>2026-01-27T10:56:30.662641200Z</date>
  <millis>1769511390662</millis>
  <nanos>641200</nanos>
  <sequence>560</sequence>
  <level>START</level>
  <class>com.kms.katalon.core.logging.XmlKeywordLogger</class>
  <method>startKeyword</method>
  <thread>1</thread>
  <message>Start action : rowText += col.getText() + &amp;quot; | &amp;quot;</message>
  <nestedLevel>4</nestedLevel>
  <escapedJava>false</escapedJava>
  <property name="startLine">52</property>
  <property name="stepIndex">1</property>
</record>
<record>
  <date>2026-01-27T10:56:30.679286600Z</date>
  <millis>1769511390679</millis>
  <nanos>286600</nanos>
  <sequence>561</sequence>
  <level>END</level>
  <class>com.kms.katalon.core.logging.XmlKeywordLogger</class>
  <method>endKeyword</method>
  <thread>1</thread>
  <message>End action : rowText += col.getText() + &amp;quot; | &amp;quot;</message>
  <nestedLevel>4</nestedLevel>
  <escapedJava>false</escapedJava>
</record>
<record>
  <date>2026-01-27T10:56:30.679286600Z</date>
  <millis>1769511390679</millis>
  <nanos>286600</nanos>
  <sequence>562</sequence>
  <level>START</level>
  <class>com.kms.katalon.core.logging.XmlKeywordLogger</class>
  <method>startKeyword</method>
  <thread>1</thread>
  <message>Start action : rowText += col.getText() + &amp;quot; | &amp;quot;</message>
  <nestedLevel>4</nestedLevel>
  <escapedJava>false</escapedJava>
  <property name="startLine">52</property>
  <property name="stepIndex">1</property>
</record>
<record>
  <date>2026-01-27T10:56:30.696200800Z</date>
  <millis>1769511390696</millis>
  <nanos>200800</nanos>
  <sequence>563</sequence>
  <level>END</level>
  <class>com.kms.katalon.core.logging.XmlKeywordLogger</class>
  <method>endKeyword</method>
  <thread>1</thread>
  <message>End action : rowText += col.getText() + &amp;quot; | &amp;quot;</message>
  <nestedLevel>4</nestedLevel>
  <escapedJava>false</escapedJava>
</record>
<record>
  <date>2026-01-27T10:56:30.696200800Z</date>
  <millis>1769511390696</millis>
  <nanos>200800</nanos>
  <sequence>564</sequence>
  <level>START</level>
  <class>com.kms.katalon.core.logging.XmlKeywordLogger</class>
  <method>startKeyword</method>
  <thread>1</thread>
  <message>Start action : rowText += col.getText() + &amp;quot; | &amp;quot;</message>
  <nestedLevel>4</nestedLevel>
  <escapedJava>false</escapedJava>
  <property name="startLine">52</property>
  <property name="stepIndex">1</property>
</record>
<record>
  <date>2026-01-27T10:56:30.696200800Z</date>
  <millis>1769511390696</millis>
  <nanos>200800</nanos>
  <sequence>565</sequence>
  <level>END</level>
  <class>com.kms.katalon.core.logging.XmlKeywordLogger</class>
  <method>endKeyword</method>
  <thread>1</thread>
  <message>End action : rowText += col.getText() + &amp;quot; | &amp;quot;</message>
  <nestedLevel>4</nestedLevel>
  <escapedJava>false</escapedJava>
</record>
<record>
  <date>2026-01-27T10:56:30.696200800Z</date>
  <millis>1769511390696</millis>
  <nanos>200800</nanos>
  <sequence>566</sequence>
  <level>END</level>
  <class>com.kms.katalon.core.logging.XmlKeywordLogger</class>
  <method>endKeyword</method>
  <thread>1</thread>
  <message>End action : for (org.openqa.selenium.WebElement col : cols)</message>
  <nestedLevel>3</nestedLevel>
  <escapedJava>false</escapedJava>
</record>
<record>
  <date>2026-01-27T10:56:30.696200800Z</date>
  <millis>1769511390696</millis>
  <nanos>200800</nanos>
  <sequence>567</sequence>
  <level>START</level>
  <class>com.kms.katalon.core.logging.XmlKeywordLogger</class>
  <method>startKeyword</method>
  <thread>1</thread>
  <message>Start action : logInfo(&amp;quot;Row &amp;quot; + i + &amp;quot;: &amp;quot; + rowText)</message>
  <nestedLevel>3</nestedLevel>
  <escapedJava>false</escapedJava>
  <property name="startLine">55</property>
  <property name="stepIndex">5</property>
</record>
<record>
  <date>2026-01-27T10:56:30.696200800Z</date>
  <millis>1769511390696</millis>
  <nanos>200800</nanos>
  <sequence>568</sequence>
  <level>INFO</level>
  <class>com.kms.katalon.core.logging.XmlKeywordLogger</class>
  <method>logMessage</method>
  <thread>1</thread>
  <message>Row 11:  | 11 | Remote Desktop | 90.38h | 37 | 5824 | +1 | Support Tools | </message>
  <nestedLevel>1</nestedLevel>
  <escapedJava>false</escapedJava>
</record>
<record>
  <date>2026-01-27T10:56:30.696200800Z</date>
  <millis>1769511390696</millis>
  <nanos>200800</nanos>
  <sequence>569</sequence>
  <level>END</level>
  <class>com.kms.katalon.core.logging.XmlKeywordLogger</class>
  <method>endKeyword</method>
  <thread>1</thread>
  <message>End action : logInfo(&amp;quot;Row &amp;quot; + i + &amp;quot;: &amp;quot; + rowText)</message>
  <nestedLevel>3</nestedLevel>
  <escapedJava>false</escapedJava>
</record>
<record>
  <date>2026-01-27T10:56:30.696200800Z</date>
  <millis>1769511390696</millis>
  <nanos>200800</nanos>
  <sequence>570</sequence>
  <level>START</level>
  <class>com.kms.katalon.core.logging.XmlKeywordLogger</class>
  <method>startKeyword</method>
  <thread>1</thread>
  <message>Start action : cols = get(i).findElements(By.tagName(&amp;quot;td&amp;quot;))</message>
  <nestedLevel>3</nestedLevel>
  <escapedJava>false</escapedJava>
  <property name="startLine">42</property>
  <property name="stepIndex">1</property>
</record>
<record>
  <date>2026-01-27T10:56:30.954909200Z</date>
  <millis>1769511390954</millis>
  <nanos>909200</nanos>
  <sequence>571</sequence>
  <level>END</level>
  <class>com.kms.katalon.core.logging.XmlKeywordLogger</class>
  <method>endKeyword</method>
  <thread>1</thread>
  <message>End action : cols = get(i).findElements(By.tagName(&amp;quot;td&amp;quot;))</message>
  <nestedLevel>3</nestedLevel>
  <escapedJava>false</escapedJava>
</record>
<record>
  <date>2026-01-27T10:56:30.954909200Z</date>
  <millis>1769511390954</millis>
  <nanos>909200</nanos>
  <sequence>572</sequence>
  <level>START</level>
  <class>com.kms.katalon.core.logging.XmlKeywordLogger</class>
  <method>startKeyword</method>
  <thread>1</thread>
  <message>Start action : if (cols.size() == 0)</message>
  <nestedLevel>3</nestedLevel>
  <escapedJava>false</escapedJava>
  <property name="startLine">45</property>
  <property name="stepIndex">2</property>
</record>
<record>
  <date>2026-01-27T10:56:30.954909200Z</date>
  <millis>1769511390954</millis>
  <nanos>909200</nanos>
  <sequence>573</sequence>
  <level>END</level>
  <class>com.kms.katalon.core.logging.XmlKeywordLogger</class>
  <method>endKeyword</method>
  <thread>1</thread>
  <message>End action : if (cols.size() == 0)</message>
  <nestedLevel>3</nestedLevel>
  <escapedJava>false</escapedJava>
</record>
<record>
  <date>2026-01-27T10:56:30.954909200Z</date>
  <millis>1769511390954</millis>
  <nanos>909200</nanos>
  <sequence>574</sequence>
  <level>START</level>
  <class>com.kms.katalon.core.logging.XmlKeywordLogger</class>
  <method>startKeyword</method>
  <thread>1</thread>
  <message>Start action : rowText = &amp;quot;&amp;quot;</message>
  <nestedLevel>3</nestedLevel>
  <escapedJava>false</escapedJava>
  <property name="startLine">49</property>
  <property name="stepIndex">3</property>
</record>
<record>
  <date>2026-01-27T10:56:30.954909200Z</date>
  <millis>1769511390954</millis>
  <nanos>909200</nanos>
  <sequence>575</sequence>
  <level>END</level>
  <class>com.kms.katalon.core.logging.XmlKeywordLogger</class>
  <method>endKeyword</method>
  <thread>1</thread>
  <message>End action : rowText = &amp;quot;&amp;quot;</message>
  <nestedLevel>3</nestedLevel>
  <escapedJava>false</escapedJava>
</record>
<record>
  <date>2026-01-27T10:56:30.954909200Z</date>
  <millis>1769511390954</millis>
  <nanos>909200</nanos>
  <sequence>576</sequence>
  <level>START</level>
  <class>com.kms.katalon.core.logging.XmlKeywordLogger</class>
  <method>startKeyword</method>
  <thread>1</thread>
  <message>Start action : for (org.openqa.selenium.WebElement col : cols)</message>
  <nestedLevel>3</nestedLevel>
  <escapedJava>false</escapedJava>
  <property name="startLine">51</property>
  <property name="stepIndex">4</property>
</record>
<record>
  <date>2026-01-27T10:56:30.959817800Z</date>
  <millis>1769511390959</millis>
  <nanos>817800</nanos>
  <sequence>577</sequence>
  <level>START</level>
  <class>com.kms.katalon.core.logging.XmlKeywordLogger</class>
  <method>startKeyword</method>
  <thread>1</thread>
  <message>Start action : rowText += col.getText() + &amp;quot; | &amp;quot;</message>
  <nestedLevel>4</nestedLevel>
  <escapedJava>false</escapedJava>
  <property name="startLine">52</property>
  <property name="stepIndex">1</property>
</record>
<record>
  <date>2026-01-27T10:56:30.970571500Z</date>
  <millis>1769511390970</millis>
  <nanos>571500</nanos>
  <sequence>578</sequence>
  <level>END</level>
  <class>com.kms.katalon.core.logging.XmlKeywordLogger</class>
  <method>endKeyword</method>
  <thread>1</thread>
  <message>End action : rowText += col.getText() + &amp;quot; | &amp;quot;</message>
  <nestedLevel>4</nestedLevel>
  <escapedJava>false</escapedJava>
</record>
<record>
  <date>2026-01-27T10:56:30.970571500Z</date>
  <millis>1769511390970</millis>
  <nanos>571500</nanos>
  <sequence>579</sequence>
  <level>START</level>
  <class>com.kms.katalon.core.logging.XmlKeywordLogger</class>
  <method>startKeyword</method>
  <thread>1</thread>
  <message>Start action : rowText += col.getText() + &amp;quot; | &amp;quot;</message>
  <nestedLevel>4</nestedLevel>
  <escapedJava>false</escapedJava>
  <property name="startLine">52</property>
  <property name="stepIndex">1</property>
</record>
<record>
  <date>2026-01-27T10:56:30.980647Z</date>
  <millis>1769511390980</millis>
  <nanos>647000</nanos>
  <sequence>580</sequence>
  <level>END</level>
  <class>com.kms.katalon.core.logging.XmlKeywordLogger</class>
  <method>endKeyword</method>
  <thread>1</thread>
  <message>End action : rowText += col.getText() + &amp;quot; | &amp;quot;</message>
  <nestedLevel>4</nestedLevel>
  <escapedJava>false</escapedJava>
</record>
<record>
  <date>2026-01-27T10:56:30.980647Z</date>
  <millis>1769511390980</millis>
  <nanos>647000</nanos>
  <sequence>581</sequence>
  <level>START</level>
  <class>com.kms.katalon.core.logging.XmlKeywordLogger</class>
  <method>startKeyword</method>
  <thread>1</thread>
  <message>Start action : rowText += col.getText() + &amp;quot; | &amp;quot;</message>
  <nestedLevel>4</nestedLevel>
  <escapedJava>false</escapedJava>
  <property name="startLine">52</property>
  <property name="stepIndex">1</property>
</record>
<record>
  <date>2026-01-27T10:56:30.997396100Z</date>
  <millis>1769511390997</millis>
  <nanos>396100</nanos>
  <sequence>582</sequence>
  <level>END</level>
  <class>com.kms.katalon.core.logging.XmlKeywordLogger</class>
  <method>endKeyword</method>
  <thread>1</thread>
  <message>End action : rowText += col.getText() + &amp;quot; | &amp;quot;</message>
  <nestedLevel>4</nestedLevel>
  <escapedJava>false</escapedJava>
</record>
<record>
  <date>2026-01-27T10:56:30.997396100Z</date>
  <millis>1769511390997</millis>
  <nanos>396100</nanos>
  <sequence>583</sequence>
  <level>START</level>
  <class>com.kms.katalon.core.logging.XmlKeywordLogger</class>
  <method>startKeyword</method>
  <thread>1</thread>
  <message>Start action : rowText += col.getText() + &amp;quot; | &amp;quot;</message>
  <nestedLevel>4</nestedLevel>
  <escapedJava>false</escapedJava>
  <property name="startLine">52</property>
  <property name="stepIndex">1</property>
</record>
<record>
  <date>2026-01-27T10:56:31.014658100Z</date>
  <millis>1769511391014</millis>
  <nanos>658100</nanos>
  <sequence>584</sequence>
  <level>END</level>
  <class>com.kms.katalon.core.logging.XmlKeywordLogger</class>
  <method>endKeyword</method>
  <thread>1</thread>
  <message>End action : rowText += col.getText() + &amp;quot; | &amp;quot;</message>
  <nestedLevel>4</nestedLevel>
  <escapedJava>false</escapedJava>
</record>
<record>
  <date>2026-01-27T10:56:31.014658100Z</date>
  <millis>1769511391014</millis>
  <nanos>658100</nanos>
  <sequence>585</sequence>
  <level>START</level>
  <class>com.kms.katalon.core.logging.XmlKeywordLogger</class>
  <method>startKeyword</method>
  <thread>1</thread>
  <message>Start action : rowText += col.getText() + &amp;quot; | &amp;quot;</message>
  <nestedLevel>4</nestedLevel>
  <escapedJava>false</escapedJava>
  <property name="startLine">52</property>
  <property name="stepIndex">1</property>
</record>
<record>
  <date>2026-01-27T10:56:31.031501300Z</date>
  <millis>1769511391031</millis>
  <nanos>501300</nanos>
  <sequence>586</sequence>
  <level>END</level>
  <class>com.kms.katalon.core.logging.XmlKeywordLogger</class>
  <method>endKeyword</method>
  <thread>1</thread>
  <message>End action : rowText += col.getText() + &amp;quot; | &amp;quot;</message>
  <nestedLevel>4</nestedLevel>
  <escapedJava>false</escapedJava>
</record>
<record>
  <date>2026-01-27T10:56:31.031501300Z</date>
  <millis>1769511391031</millis>
  <nanos>501300</nanos>
  <sequence>587</sequence>
  <level>START</level>
  <class>com.kms.katalon.core.logging.XmlKeywordLogger</class>
  <method>startKeyword</method>
  <thread>1</thread>
  <message>Start action : rowText += col.getText() + &amp;quot; | &amp;quot;</message>
  <nestedLevel>4</nestedLevel>
  <escapedJava>false</escapedJava>
  <property name="startLine">52</property>
  <property name="stepIndex">1</property>
</record>
<record>
  <date>2026-01-27T10:56:31.048180300Z</date>
  <millis>1769511391048</millis>
  <nanos>180300</nanos>
  <sequence>588</sequence>
  <level>END</level>
  <class>com.kms.katalon.core.logging.XmlKeywordLogger</class>
  <method>endKeyword</method>
  <thread>1</thread>
  <message>End action : rowText += col.getText() + &amp;quot; | &amp;quot;</message>
  <nestedLevel>4</nestedLevel>
  <escapedJava>false</escapedJava>
</record>
<record>
  <date>2026-01-27T10:56:31.048180300Z</date>
  <millis>1769511391048</millis>
  <nanos>180300</nanos>
  <sequence>589</sequence>
  <level>START</level>
  <class>com.kms.katalon.core.logging.XmlKeywordLogger</class>
  <method>startKeyword</method>
  <thread>1</thread>
  <message>Start action : rowText += col.getText() + &amp;quot; | &amp;quot;</message>
  <nestedLevel>4</nestedLevel>
  <escapedJava>false</escapedJava>
  <property name="startLine">52</property>
  <property name="stepIndex">1</property>
</record>
<record>
  <date>2026-01-27T10:56:31.048180300Z</date>
  <millis>1769511391048</millis>
  <nanos>180300</nanos>
  <sequence>590</sequence>
  <level>END</level>
  <class>com.kms.katalon.core.logging.XmlKeywordLogger</class>
  <method>endKeyword</method>
  <thread>1</thread>
  <message>End action : rowText += col.getText() + &amp;quot; | &amp;quot;</message>
  <nestedLevel>4</nestedLevel>
  <escapedJava>false</escapedJava>
</record>
<record>
  <date>2026-01-27T10:56:31.048180300Z</date>
  <millis>1769511391048</millis>
  <nanos>180300</nanos>
  <sequence>591</sequence>
  <level>START</level>
  <class>com.kms.katalon.core.logging.XmlKeywordLogger</class>
  <method>startKeyword</method>
  <thread>1</thread>
  <message>Start action : rowText += col.getText() + &amp;quot; | &amp;quot;</message>
  <nestedLevel>4</nestedLevel>
  <escapedJava>false</escapedJava>
  <property name="startLine">52</property>
  <property name="stepIndex">1</property>
</record>
<record>
  <date>2026-01-27T10:56:31.064878700Z</date>
  <millis>1769511391064</millis>
  <nanos>878700</nanos>
  <sequence>592</sequence>
  <level>END</level>
  <class>com.kms.katalon.core.logging.XmlKeywordLogger</class>
  <method>endKeyword</method>
  <thread>1</thread>
  <message>End action : rowText += col.getText() + &amp;quot; | &amp;quot;</message>
  <nestedLevel>4</nestedLevel>
  <escapedJava>false</escapedJava>
</record>
<record>
  <date>2026-01-27T10:56:31.064878700Z</date>
  <millis>1769511391064</millis>
  <nanos>878700</nanos>
  <sequence>593</sequence>
  <level>END</level>
  <class>com.kms.katalon.core.logging.XmlKeywordLogger</class>
  <method>endKeyword</method>
  <thread>1</thread>
  <message>End action : for (org.openqa.selenium.WebElement col : cols)</message>
  <nestedLevel>3</nestedLevel>
  <escapedJava>false</escapedJava>
</record>
<record>
  <date>2026-01-27T10:56:31.064878700Z</date>
  <millis>1769511391064</millis>
  <nanos>878700</nanos>
  <sequence>594</sequence>
  <level>START</level>
  <class>com.kms.katalon.core.logging.XmlKeywordLogger</class>
  <method>startKeyword</method>
  <thread>1</thread>
  <message>Start action : logInfo(&amp;quot;Row &amp;quot; + i + &amp;quot;: &amp;quot; + rowText)</message>
  <nestedLevel>3</nestedLevel>
  <escapedJava>false</escapedJava>
  <property name="startLine">55</property>
  <property name="stepIndex">5</property>
</record>
<record>
  <date>2026-01-27T10:56:31.064878700Z</date>
  <millis>1769511391064</millis>
  <nanos>878700</nanos>
  <sequence>595</sequence>
  <level>INFO</level>
  <class>com.kms.katalon.core.logging.XmlKeywordLogger</class>
  <method>logMessage</method>
  <thread>1</thread>
  <message>Row 12:  | 12 | Techmate Application | 85.51h | 37 | 13238 | +2 | Support Tools | </message>
  <nestedLevel>1</nestedLevel>
  <escapedJava>false</escapedJava>
</record>
<record>
  <date>2026-01-27T10:56:31.078625200Z</date>
  <millis>1769511391078</millis>
  <nanos>625200</nanos>
  <sequence>596</sequence>
  <level>END</level>
  <class>com.kms.katalon.core.logging.XmlKeywordLogger</class>
  <method>endKeyword</method>
  <thread>1</thread>
  <message>End action : logInfo(&amp;quot;Row &amp;quot; + i + &amp;quot;: &amp;quot; + rowText)</message>
  <nestedLevel>3</nestedLevel>
  <escapedJava>false</escapedJava>
</record>
<record>
  <date>2026-01-27T10:56:31.079622900Z</date>
  <millis>1769511391079</millis>
  <nanos>622900</nanos>
  <sequence>597</sequence>
  <level>START</level>
  <class>com.kms.katalon.core.logging.XmlKeywordLogger</class>
  <method>startKeyword</method>
  <thread>1</thread>
  <message>Start action : cols = get(i).findElements(By.tagName(&amp;quot;td&amp;quot;))</message>
  <nestedLevel>3</nestedLevel>
  <escapedJava>false</escapedJava>
  <property name="startLine">42</property>
  <property name="stepIndex">1</property>
</record>
<record>
  <date>2026-01-27T10:56:31.367729900Z</date>
  <millis>1769511391367</millis>
  <nanos>729900</nanos>
  <sequence>598</sequence>
  <level>END</level>
  <class>com.kms.katalon.core.logging.XmlKeywordLogger</class>
  <method>endKeyword</method>
  <thread>1</thread>
  <message>End action : cols = get(i).findElements(By.tagName(&amp;quot;td&amp;quot;))</message>
  <nestedLevel>3</nestedLevel>
  <escapedJava>false</escapedJava>
</record>
<record>
  <date>2026-01-27T10:56:31.367729900Z</date>
  <millis>1769511391367</millis>
  <nanos>729900</nanos>
  <sequence>599</sequence>
  <level>START</level>
  <class>com.kms.katalon.core.logging.XmlKeywordLogger</class>
  <method>startKeyword</method>
  <thread>1</thread>
  <message>Start action : if (cols.size() == 0)</message>
  <nestedLevel>3</nestedLevel>
  <escapedJava>false</escapedJava>
  <property name="startLine">45</property>
  <property name="stepIndex">2</property>
</record>
<record>
  <date>2026-01-27T10:56:31.373471600Z</date>
  <millis>1769511391373</millis>
  <nanos>471600</nanos>
  <sequence>600</sequence>
  <level>END</level>
  <class>com.kms.katalon.core.logging.XmlKeywordLogger</class>
  <method>endKeyword</method>
  <thread>1</thread>
  <message>End action : if (cols.size() == 0)</message>
  <nestedLevel>3</nestedLevel>
  <escapedJava>false</escapedJava>
</record>
<record>
  <date>2026-01-27T10:56:31.373471600Z</date>
  <millis>1769511391373</millis>
  <nanos>471600</nanos>
  <sequence>601</sequence>
  <level>START</level>
  <class>com.kms.katalon.core.logging.XmlKeywordLogger</class>
  <method>startKeyword</method>
  <thread>1</thread>
  <message>Start action : rowText = &amp;quot;&amp;quot;</message>
  <nestedLevel>3</nestedLevel>
  <escapedJava>false</escapedJava>
  <property name="startLine">49</property>
  <property name="stepIndex">3</property>
</record>
<record>
  <date>2026-01-27T10:56:31.373471600Z</date>
  <millis>1769511391373</millis>
  <nanos>471600</nanos>
  <sequence>602</sequence>
  <level>END</level>
  <class>com.kms.katalon.core.logging.XmlKeywordLogger</class>
  <method>endKeyword</method>
  <thread>1</thread>
  <message>End action : rowText = &amp;quot;&amp;quot;</message>
  <nestedLevel>3</nestedLevel>
  <escapedJava>false</escapedJava>
</record>
<record>
  <date>2026-01-27T10:56:31.373471600Z</date>
  <millis>1769511391373</millis>
  <nanos>471600</nanos>
  <sequence>603</sequence>
  <level>START</level>
  <class>com.kms.katalon.core.logging.XmlKeywordLogger</class>
  <method>startKeyword</method>
  <thread>1</thread>
  <message>Start action : for (org.openqa.selenium.WebElement col : cols)</message>
  <nestedLevel>3</nestedLevel>
  <escapedJava>false</escapedJava>
  <property name="startLine">51</property>
  <property name="stepIndex">4</property>
</record>
<record>
  <date>2026-01-27T10:56:31.373471600Z</date>
  <millis>1769511391373</millis>
  <nanos>471600</nanos>
  <sequence>604</sequence>
  <level>START</level>
  <class>com.kms.katalon.core.logging.XmlKeywordLogger</class>
  <method>startKeyword</method>
  <thread>1</thread>
  <message>Start action : rowText += col.getText() + &amp;quot; | &amp;quot;</message>
  <nestedLevel>4</nestedLevel>
  <escapedJava>false</escapedJava>
  <property name="startLine">52</property>
  <property name="stepIndex">1</property>
</record>
<record>
  <date>2026-01-27T10:56:31.403173800Z</date>
  <millis>1769511391403</millis>
  <nanos>173800</nanos>
  <sequence>605</sequence>
  <level>END</level>
  <class>com.kms.katalon.core.logging.XmlKeywordLogger</class>
  <method>endKeyword</method>
  <thread>1</thread>
  <message>End action : rowText += col.getText() + &amp;quot; | &amp;quot;</message>
  <nestedLevel>4</nestedLevel>
  <escapedJava>false</escapedJava>
</record>
<record>
  <date>2026-01-27T10:56:31.404171400Z</date>
  <millis>1769511391404</millis>
  <nanos>171400</nanos>
  <sequence>606</sequence>
  <level>START</level>
  <class>com.kms.katalon.core.logging.XmlKeywordLogger</class>
  <method>startKeyword</method>
  <thread>1</thread>
  <message>Start action : rowText += col.getText() + &amp;quot; | &amp;quot;</message>
  <nestedLevel>4</nestedLevel>
  <escapedJava>false</escapedJava>
  <property name="startLine">52</property>
  <property name="stepIndex">1</property>
</record>
<record>
  <date>2026-01-27T10:56:31.417633100Z</date>
  <millis>1769511391417</millis>
  <nanos>633100</nanos>
  <sequence>607</sequence>
  <level>END</level>
  <class>com.kms.katalon.core.logging.XmlKeywordLogger</class>
  <method>endKeyword</method>
  <thread>1</thread>
  <message>End action : rowText += col.getText() + &amp;quot; | &amp;quot;</message>
  <nestedLevel>4</nestedLevel>
  <escapedJava>false</escapedJava>
</record>
<record>
  <date>2026-01-27T10:56:31.417633100Z</date>
  <millis>1769511391417</millis>
  <nanos>633100</nanos>
  <sequence>608</sequence>
  <level>START</level>
  <class>com.kms.katalon.core.logging.XmlKeywordLogger</class>
  <method>startKeyword</method>
  <thread>1</thread>
  <message>Start action : rowText += col.getText() + &amp;quot; | &amp;quot;</message>
  <nestedLevel>4</nestedLevel>
  <escapedJava>false</escapedJava>
  <property name="startLine">52</property>
  <property name="stepIndex">1</property>
</record>
<record>
  <date>2026-01-27T10:56:31.448422600Z</date>
  <millis>1769511391448</millis>
  <nanos>422600</nanos>
  <sequence>609</sequence>
  <level>END</level>
  <class>com.kms.katalon.core.logging.XmlKeywordLogger</class>
  <method>endKeyword</method>
  <thread>1</thread>
  <message>End action : rowText += col.getText() + &amp;quot; | &amp;quot;</message>
  <nestedLevel>4</nestedLevel>
  <escapedJava>false</escapedJava>
</record>
<record>
  <date>2026-01-27T10:56:31.448422600Z</date>
  <millis>1769511391448</millis>
  <nanos>422600</nanos>
  <sequence>610</sequence>
  <level>START</level>
  <class>com.kms.katalon.core.logging.XmlKeywordLogger</class>
  <method>startKeyword</method>
  <thread>1</thread>
  <message>Start action : rowText += col.getText() + &amp;quot; | &amp;quot;</message>
  <nestedLevel>4</nestedLevel>
  <escapedJava>false</escapedJava>
  <property name="startLine">52</property>
  <property name="stepIndex">1</property>
</record>
<record>
  <date>2026-01-27T10:56:31.462673800Z</date>
  <millis>1769511391462</millis>
  <nanos>673800</nanos>
  <sequence>611</sequence>
  <level>END</level>
  <class>com.kms.katalon.core.logging.XmlKeywordLogger</class>
  <method>endKeyword</method>
  <thread>1</thread>
  <message>End action : rowText += col.getText() + &amp;quot; | &amp;quot;</message>
  <nestedLevel>4</nestedLevel>
  <escapedJava>false</escapedJava>
</record>
<record>
  <date>2026-01-27T10:56:31.462673800Z</date>
  <millis>1769511391462</millis>
  <nanos>673800</nanos>
  <sequence>612</sequence>
  <level>START</level>
  <class>com.kms.katalon.core.logging.XmlKeywordLogger</class>
  <method>startKeyword</method>
  <thread>1</thread>
  <message>Start action : rowText += col.getText() + &amp;quot; | &amp;quot;</message>
  <nestedLevel>4</nestedLevel>
  <escapedJava>false</escapedJava>
  <property name="startLine">52</property>
  <property name="stepIndex">1</property>
</record>
<record>
  <date>2026-01-27T10:56:31.479437100Z</date>
  <millis>1769511391479</millis>
  <nanos>437100</nanos>
  <sequence>613</sequence>
  <level>END</level>
  <class>com.kms.katalon.core.logging.XmlKeywordLogger</class>
  <method>endKeyword</method>
  <thread>1</thread>
  <message>End action : rowText += col.getText() + &amp;quot; | &amp;quot;</message>
  <nestedLevel>4</nestedLevel>
  <escapedJava>false</escapedJava>
</record>
<record>
  <date>2026-01-27T10:56:31.479437100Z</date>
  <millis>1769511391479</millis>
  <nanos>437100</nanos>
  <sequence>614</sequence>
  <level>START</level>
  <class>com.kms.katalon.core.logging.XmlKeywordLogger</class>
  <method>startKeyword</method>
  <thread>1</thread>
  <message>Start action : rowText += col.getText() + &amp;quot; | &amp;quot;</message>
  <nestedLevel>4</nestedLevel>
  <escapedJava>false</escapedJava>
  <property name="startLine">52</property>
  <property name="stepIndex">1</property>
</record>
<record>
  <date>2026-01-27T10:56:31.494908600Z</date>
  <millis>1769511391494</millis>
  <nanos>908600</nanos>
  <sequence>615</sequence>
  <level>END</level>
  <class>com.kms.katalon.core.logging.XmlKeywordLogger</class>
  <method>endKeyword</method>
  <thread>1</thread>
  <message>End action : rowText += col.getText() + &amp;quot; | &amp;quot;</message>
  <nestedLevel>4</nestedLevel>
  <escapedJava>false</escapedJava>
</record>
<record>
  <date>2026-01-27T10:56:31.495776Z</date>
  <millis>1769511391495</millis>
  <nanos>776000</nanos>
  <sequence>616</sequence>
  <level>START</level>
  <class>com.kms.katalon.core.logging.XmlKeywordLogger</class>
  <method>startKeyword</method>
  <thread>1</thread>
  <message>Start action : rowText += col.getText() + &amp;quot; | &amp;quot;</message>
  <nestedLevel>4</nestedLevel>
  <escapedJava>false</escapedJava>
  <property name="startLine">52</property>
  <property name="stepIndex">1</property>
</record>
<record>
  <date>2026-01-27T10:56:31.522912100Z</date>
  <millis>1769511391522</millis>
  <nanos>912100</nanos>
  <sequence>617</sequence>
  <level>END</level>
  <class>com.kms.katalon.core.logging.XmlKeywordLogger</class>
  <method>endKeyword</method>
  <thread>1</thread>
  <message>End action : rowText += col.getText() + &amp;quot; | &amp;quot;</message>
  <nestedLevel>4</nestedLevel>
  <escapedJava>false</escapedJava>
</record>
<record>
  <date>2026-01-27T10:56:31.522912100Z</date>
  <millis>1769511391522</millis>
  <nanos>912100</nanos>
  <sequence>618</sequence>
  <level>START</level>
  <class>com.kms.katalon.core.logging.XmlKeywordLogger</class>
  <method>startKeyword</method>
  <thread>1</thread>
  <message>Start action : rowText += col.getText() + &amp;quot; | &amp;quot;</message>
  <nestedLevel>4</nestedLevel>
  <escapedJava>false</escapedJava>
  <property name="startLine">52</property>
  <property name="stepIndex">1</property>
</record>
<record>
  <date>2026-01-27T10:56:31.539448900Z</date>
  <millis>1769511391539</millis>
  <nanos>448900</nanos>
  <sequence>619</sequence>
  <level>END</level>
  <class>com.kms.katalon.core.logging.XmlKeywordLogger</class>
  <method>endKeyword</method>
  <thread>1</thread>
  <message>End action : rowText += col.getText() + &amp;quot; | &amp;quot;</message>
  <nestedLevel>4</nestedLevel>
  <escapedJava>false</escapedJava>
</record>
<record>
  <date>2026-01-27T10:56:31.541458700Z</date>
  <millis>1769511391541</millis>
  <nanos>458700</nanos>
  <sequence>620</sequence>
  <level>END</level>
  <class>com.kms.katalon.core.logging.XmlKeywordLogger</class>
  <method>endKeyword</method>
  <thread>1</thread>
  <message>End action : for (org.openqa.selenium.WebElement col : cols)</message>
  <nestedLevel>3</nestedLevel>
  <escapedJava>false</escapedJava>
</record>
<record>
  <date>2026-01-27T10:56:31.541458700Z</date>
  <millis>1769511391541</millis>
  <nanos>458700</nanos>
  <sequence>621</sequence>
  <level>START</level>
  <class>com.kms.katalon.core.logging.XmlKeywordLogger</class>
  <method>startKeyword</method>
  <thread>1</thread>
  <message>Start action : logInfo(&amp;quot;Row &amp;quot; + i + &amp;quot;: &amp;quot; + rowText)</message>
  <nestedLevel>3</nestedLevel>
  <escapedJava>false</escapedJava>
  <property name="startLine">55</property>
  <property name="stepIndex">5</property>
</record>
<record>
  <date>2026-01-27T10:56:31.541458700Z</date>
  <millis>1769511391541</millis>
  <nanos>458700</nanos>
  <sequence>622</sequence>
  <level>INFO</level>
  <class>com.kms.katalon.core.logging.XmlKeywordLogger</class>
  <method>logMessage</method>
  <thread>1</thread>
  <message>Row 13:  | 13 | XCode | 79.89h | 4 | 3910 | +2 | Development Tools | </message>
  <nestedLevel>1</nestedLevel>
  <escapedJava>false</escapedJava>
</record>
<record>
  <date>2026-01-27T10:56:31.541458700Z</date>
  <millis>1769511391541</millis>
  <nanos>458700</nanos>
  <sequence>623</sequence>
  <level>END</level>
  <class>com.kms.katalon.core.logging.XmlKeywordLogger</class>
  <method>endKeyword</method>
  <thread>1</thread>
  <message>End action : logInfo(&amp;quot;Row &amp;quot; + i + &amp;quot;: &amp;quot; + rowText)</message>
  <nestedLevel>3</nestedLevel>
  <escapedJava>false</escapedJava>
</record>
<record>
  <date>2026-01-27T10:56:31.543468300Z</date>
  <millis>1769511391543</millis>
  <nanos>468300</nanos>
  <sequence>624</sequence>
  <level>START</level>
  <class>com.kms.katalon.core.logging.XmlKeywordLogger</class>
  <method>startKeyword</method>
  <thread>1</thread>
  <message>Start action : cols = get(i).findElements(By.tagName(&amp;quot;td&amp;quot;))</message>
  <nestedLevel>3</nestedLevel>
  <escapedJava>false</escapedJava>
  <property name="startLine">42</property>
  <property name="stepIndex">1</property>
</record>
<record>
  <date>2026-01-27T10:56:31.853004Z</date>
  <millis>1769511391853</millis>
  <nanos>4000</nanos>
  <sequence>625</sequence>
  <level>END</level>
  <class>com.kms.katalon.core.logging.XmlKeywordLogger</class>
  <method>endKeyword</method>
  <thread>1</thread>
  <message>End action : cols = get(i).findElements(By.tagName(&amp;quot;td&amp;quot;))</message>
  <nestedLevel>3</nestedLevel>
  <escapedJava>false</escapedJava>
</record>
<record>
  <date>2026-01-27T10:56:31.854401400Z</date>
  <millis>1769511391854</millis>
  <nanos>401400</nanos>
  <sequence>626</sequence>
  <level>START</level>
  <class>com.kms.katalon.core.logging.XmlKeywordLogger</class>
  <method>startKeyword</method>
  <thread>1</thread>
  <message>Start action : if (cols.size() == 0)</message>
  <nestedLevel>3</nestedLevel>
  <escapedJava>false</escapedJava>
  <property name="startLine">45</property>
  <property name="stepIndex">2</property>
</record>
<record>
  <date>2026-01-27T10:56:31.855400800Z</date>
  <millis>1769511391855</millis>
  <nanos>400800</nanos>
  <sequence>627</sequence>
  <level>END</level>
  <class>com.kms.katalon.core.logging.XmlKeywordLogger</class>
  <method>endKeyword</method>
  <thread>1</thread>
  <message>End action : if (cols.size() == 0)</message>
  <nestedLevel>3</nestedLevel>
  <escapedJava>false</escapedJava>
</record>
<record>
  <date>2026-01-27T10:56:31.855400800Z</date>
  <millis>1769511391855</millis>
  <nanos>400800</nanos>
  <sequence>628</sequence>
  <level>START</level>
  <class>com.kms.katalon.core.logging.XmlKeywordLogger</class>
  <method>startKeyword</method>
  <thread>1</thread>
  <message>Start action : rowText = &amp;quot;&amp;quot;</message>
  <nestedLevel>3</nestedLevel>
  <escapedJava>false</escapedJava>
  <property name="startLine">49</property>
  <property name="stepIndex">3</property>
</record>
<record>
  <date>2026-01-27T10:56:31.856396800Z</date>
  <millis>1769511391856</millis>
  <nanos>396800</nanos>
  <sequence>629</sequence>
  <level>END</level>
  <class>com.kms.katalon.core.logging.XmlKeywordLogger</class>
  <method>endKeyword</method>
  <thread>1</thread>
  <message>End action : rowText = &amp;quot;&amp;quot;</message>
  <nestedLevel>3</nestedLevel>
  <escapedJava>false</escapedJava>
</record>
<record>
  <date>2026-01-27T10:56:31.856396800Z</date>
  <millis>1769511391856</millis>
  <nanos>396800</nanos>
  <sequence>630</sequence>
  <level>START</level>
  <class>com.kms.katalon.core.logging.XmlKeywordLogger</class>
  <method>startKeyword</method>
  <thread>1</thread>
  <message>Start action : for (org.openqa.selenium.WebElement col : cols)</message>
  <nestedLevel>3</nestedLevel>
  <escapedJava>false</escapedJava>
  <property name="startLine">51</property>
  <property name="stepIndex">4</property>
</record>
<record>
  <date>2026-01-27T10:56:31.857392800Z</date>
  <millis>1769511391857</millis>
  <nanos>392800</nanos>
  <sequence>631</sequence>
  <level>START</level>
  <class>com.kms.katalon.core.logging.XmlKeywordLogger</class>
  <method>startKeyword</method>
  <thread>1</thread>
  <message>Start action : rowText += col.getText() + &amp;quot; | &amp;quot;</message>
  <nestedLevel>4</nestedLevel>
  <escapedJava>false</escapedJava>
  <property name="startLine">52</property>
  <property name="stepIndex">1</property>
</record>
<record>
  <date>2026-01-27T10:56:31.889438600Z</date>
  <millis>1769511391889</millis>
  <nanos>438600</nanos>
  <sequence>632</sequence>
  <level>END</level>
  <class>com.kms.katalon.core.logging.XmlKeywordLogger</class>
  <method>endKeyword</method>
  <thread>1</thread>
  <message>End action : rowText += col.getText() + &amp;quot; | &amp;quot;</message>
  <nestedLevel>4</nestedLevel>
  <escapedJava>false</escapedJava>
</record>
<record>
  <date>2026-01-27T10:56:31.889438600Z</date>
  <millis>1769511391889</millis>
  <nanos>438600</nanos>
  <sequence>633</sequence>
  <level>START</level>
  <class>com.kms.katalon.core.logging.XmlKeywordLogger</class>
  <method>startKeyword</method>
  <thread>1</thread>
  <message>Start action : rowText += col.getText() + &amp;quot; | &amp;quot;</message>
  <nestedLevel>4</nestedLevel>
  <escapedJava>false</escapedJava>
  <property name="startLine">52</property>
  <property name="stepIndex">1</property>
</record>
<record>
  <date>2026-01-27T10:56:31.919864800Z</date>
  <millis>1769511391919</millis>
  <nanos>864800</nanos>
  <sequence>634</sequence>
  <level>END</level>
  <class>com.kms.katalon.core.logging.XmlKeywordLogger</class>
  <method>endKeyword</method>
  <thread>1</thread>
  <message>End action : rowText += col.getText() + &amp;quot; | &amp;quot;</message>
  <nestedLevel>4</nestedLevel>
  <escapedJava>false</escapedJava>
</record>
<record>
  <date>2026-01-27T10:56:31.919864800Z</date>
  <millis>1769511391919</millis>
  <nanos>864800</nanos>
  <sequence>635</sequence>
  <level>START</level>
  <class>com.kms.katalon.core.logging.XmlKeywordLogger</class>
  <method>startKeyword</method>
  <thread>1</thread>
  <message>Start action : rowText += col.getText() + &amp;quot; | &amp;quot;</message>
  <nestedLevel>4</nestedLevel>
  <escapedJava>false</escapedJava>
  <property name="startLine">52</property>
  <property name="stepIndex">1</property>
</record>
<record>
  <date>2026-01-27T10:56:31.936910100Z</date>
  <millis>1769511391936</millis>
  <nanos>910100</nanos>
  <sequence>636</sequence>
  <level>END</level>
  <class>com.kms.katalon.core.logging.XmlKeywordLogger</class>
  <method>endKeyword</method>
  <thread>1</thread>
  <message>End action : rowText += col.getText() + &amp;quot; | &amp;quot;</message>
  <nestedLevel>4</nestedLevel>
  <escapedJava>false</escapedJava>
</record>
<record>
  <date>2026-01-27T10:56:31.937946100Z</date>
  <millis>1769511391937</millis>
  <nanos>946100</nanos>
  <sequence>637</sequence>
  <level>START</level>
  <class>com.kms.katalon.core.logging.XmlKeywordLogger</class>
  <method>startKeyword</method>
  <thread>1</thread>
  <message>Start action : rowText += col.getText() + &amp;quot; | &amp;quot;</message>
  <nestedLevel>4</nestedLevel>
  <escapedJava>false</escapedJava>
  <property name="startLine">52</property>
  <property name="stepIndex">1</property>
</record>
<record>
  <date>2026-01-27T10:56:31.950066900Z</date>
  <millis>1769511391950</millis>
  <nanos>66900</nanos>
  <sequence>638</sequence>
  <level>END</level>
  <class>com.kms.katalon.core.logging.XmlKeywordLogger</class>
  <method>endKeyword</method>
  <thread>1</thread>
  <message>End action : rowText += col.getText() + &amp;quot; | &amp;quot;</message>
  <nestedLevel>4</nestedLevel>
  <escapedJava>false</escapedJava>
</record>
<record>
  <date>2026-01-27T10:56:31.951093Z</date>
  <millis>1769511391951</millis>
  <nanos>93000</nanos>
  <sequence>639</sequence>
  <level>START</level>
  <class>com.kms.katalon.core.logging.XmlKeywordLogger</class>
  <method>startKeyword</method>
  <thread>1</thread>
  <message>Start action : rowText += col.getText() + &amp;quot; | &amp;quot;</message>
  <nestedLevel>4</nestedLevel>
  <escapedJava>false</escapedJava>
  <property name="startLine">52</property>
  <property name="stepIndex">1</property>
</record>
<record>
  <date>2026-01-27T10:56:31.962757900Z</date>
  <millis>1769511391962</millis>
  <nanos>757900</nanos>
  <sequence>640</sequence>
  <level>END</level>
  <class>com.kms.katalon.core.logging.XmlKeywordLogger</class>
  <method>endKeyword</method>
  <thread>1</thread>
  <message>End action : rowText += col.getText() + &amp;quot; | &amp;quot;</message>
  <nestedLevel>4</nestedLevel>
  <escapedJava>false</escapedJava>
</record>
<record>
  <date>2026-01-27T10:56:31.963760Z</date>
  <millis>1769511391963</millis>
  <nanos>760000</nanos>
  <sequence>641</sequence>
  <level>START</level>
  <class>com.kms.katalon.core.logging.XmlKeywordLogger</class>
  <method>startKeyword</method>
  <thread>1</thread>
  <message>Start action : rowText += col.getText() + &amp;quot; | &amp;quot;</message>
  <nestedLevel>4</nestedLevel>
  <escapedJava>false</escapedJava>
  <property name="startLine">52</property>
  <property name="stepIndex">1</property>
</record>
<record>
  <date>2026-01-27T10:56:31.975634300Z</date>
  <millis>1769511391975</millis>
  <nanos>634300</nanos>
  <sequence>642</sequence>
  <level>END</level>
  <class>com.kms.katalon.core.logging.XmlKeywordLogger</class>
  <method>endKeyword</method>
  <thread>1</thread>
  <message>End action : rowText += col.getText() + &amp;quot; | &amp;quot;</message>
  <nestedLevel>4</nestedLevel>
  <escapedJava>false</escapedJava>
</record>
<record>
  <date>2026-01-27T10:56:31.975634300Z</date>
  <millis>1769511391975</millis>
  <nanos>634300</nanos>
  <sequence>643</sequence>
  <level>START</level>
  <class>com.kms.katalon.core.logging.XmlKeywordLogger</class>
  <method>startKeyword</method>
  <thread>1</thread>
  <message>Start action : rowText += col.getText() + &amp;quot; | &amp;quot;</message>
  <nestedLevel>4</nestedLevel>
  <escapedJava>false</escapedJava>
  <property name="startLine">52</property>
  <property name="stepIndex">1</property>
</record>
<record>
  <date>2026-01-27T10:56:31.987045400Z</date>
  <millis>1769511391987</millis>
  <nanos>45400</nanos>
  <sequence>644</sequence>
  <level>END</level>
  <class>com.kms.katalon.core.logging.XmlKeywordLogger</class>
  <method>endKeyword</method>
  <thread>1</thread>
  <message>End action : rowText += col.getText() + &amp;quot; | &amp;quot;</message>
  <nestedLevel>4</nestedLevel>
  <escapedJava>false</escapedJava>
</record>
<record>
  <date>2026-01-27T10:56:31.988085500Z</date>
  <millis>1769511391988</millis>
  <nanos>85500</nanos>
  <sequence>645</sequence>
  <level>START</level>
  <class>com.kms.katalon.core.logging.XmlKeywordLogger</class>
  <method>startKeyword</method>
  <thread>1</thread>
  <message>Start action : rowText += col.getText() + &amp;quot; | &amp;quot;</message>
  <nestedLevel>4</nestedLevel>
  <escapedJava>false</escapedJava>
  <property name="startLine">52</property>
  <property name="stepIndex">1</property>
</record>
<record>
  <date>2026-01-27T10:56:31.999185300Z</date>
  <millis>1769511391999</millis>
  <nanos>185300</nanos>
  <sequence>646</sequence>
  <level>END</level>
  <class>com.kms.katalon.core.logging.XmlKeywordLogger</class>
  <method>endKeyword</method>
  <thread>1</thread>
  <message>End action : rowText += col.getText() + &amp;quot; | &amp;quot;</message>
  <nestedLevel>4</nestedLevel>
  <escapedJava>false</escapedJava>
</record>
<record>
  <date>2026-01-27T10:56:32.000183Z</date>
  <millis>1769511392000</millis>
  <nanos>183000</nanos>
  <sequence>647</sequence>
  <level>END</level>
  <class>com.kms.katalon.core.logging.XmlKeywordLogger</class>
  <method>endKeyword</method>
  <thread>1</thread>
  <message>End action : for (org.openqa.selenium.WebElement col : cols)</message>
  <nestedLevel>3</nestedLevel>
  <escapedJava>false</escapedJava>
</record>
<record>
  <date>2026-01-27T10:56:32.000183Z</date>
  <millis>1769511392000</millis>
  <nanos>183000</nanos>
  <sequence>648</sequence>
  <level>START</level>
  <class>com.kms.katalon.core.logging.XmlKeywordLogger</class>
  <method>startKeyword</method>
  <thread>1</thread>
  <message>Start action : logInfo(&amp;quot;Row &amp;quot; + i + &amp;quot;: &amp;quot; + rowText)</message>
  <nestedLevel>3</nestedLevel>
  <escapedJava>false</escapedJava>
  <property name="startLine">55</property>
  <property name="stepIndex">5</property>
</record>
<record>
  <date>2026-01-27T10:56:32.001180300Z</date>
  <millis>1769511392001</millis>
  <nanos>180300</nanos>
  <sequence>649</sequence>
  <level>INFO</level>
  <class>com.kms.katalon.core.logging.XmlKeywordLogger</class>
  <method>logMessage</method>
  <thread>1</thread>
  <message>Row 14:  | 14 | Personal Time | 64.89h | 33 | 227 |  |  | </message>
  <nestedLevel>1</nestedLevel>
  <escapedJava>false</escapedJava>
</record>
<record>
  <date>2026-01-27T10:56:32.001180300Z</date>
  <millis>1769511392001</millis>
  <nanos>180300</nanos>
  <sequence>650</sequence>
  <level>END</level>
  <class>com.kms.katalon.core.logging.XmlKeywordLogger</class>
  <method>endKeyword</method>
  <thread>1</thread>
  <message>End action : logInfo(&amp;quot;Row &amp;quot; + i + &amp;quot;: &amp;quot; + rowText)</message>
  <nestedLevel>3</nestedLevel>
  <escapedJava>false</escapedJava>
</record>
<record>
  <date>2026-01-27T10:56:32.002176100Z</date>
  <millis>1769511392002</millis>
  <nanos>176100</nanos>
  <sequence>651</sequence>
  <level>START</level>
  <class>com.kms.katalon.core.logging.XmlKeywordLogger</class>
  <method>startKeyword</method>
  <thread>1</thread>
  <message>Start action : cols = get(i).findElements(By.tagName(&amp;quot;td&amp;quot;))</message>
  <nestedLevel>3</nestedLevel>
  <escapedJava>false</escapedJava>
  <property name="startLine">42</property>
  <property name="stepIndex">1</property>
</record>
<record>
  <date>2026-01-27T10:56:32.300903Z</date>
  <millis>1769511392300</millis>
  <nanos>903000</nanos>
  <sequence>652</sequence>
  <level>END</level>
  <class>com.kms.katalon.core.logging.XmlKeywordLogger</class>
  <method>endKeyword</method>
  <thread>1</thread>
  <message>End action : cols = get(i).findElements(By.tagName(&amp;quot;td&amp;quot;))</message>
  <nestedLevel>3</nestedLevel>
  <escapedJava>false</escapedJava>
</record>
<record>
  <date>2026-01-27T10:56:32.301899500Z</date>
  <millis>1769511392301</millis>
  <nanos>899500</nanos>
  <sequence>653</sequence>
  <level>START</level>
  <class>com.kms.katalon.core.logging.XmlKeywordLogger</class>
  <method>startKeyword</method>
  <thread>1</thread>
  <message>Start action : if (cols.size() == 0)</message>
  <nestedLevel>3</nestedLevel>
  <escapedJava>false</escapedJava>
  <property name="startLine">45</property>
  <property name="stepIndex">2</property>
</record>
<record>
  <date>2026-01-27T10:56:32.301899500Z</date>
  <millis>1769511392301</millis>
  <nanos>899500</nanos>
  <sequence>654</sequence>
  <level>END</level>
  <class>com.kms.katalon.core.logging.XmlKeywordLogger</class>
  <method>endKeyword</method>
  <thread>1</thread>
  <message>End action : if (cols.size() == 0)</message>
  <nestedLevel>3</nestedLevel>
  <escapedJava>false</escapedJava>
</record>
<record>
  <date>2026-01-27T10:56:32.302898400Z</date>
  <millis>1769511392302</millis>
  <nanos>898400</nanos>
  <sequence>655</sequence>
  <level>START</level>
  <class>com.kms.katalon.core.logging.XmlKeywordLogger</class>
  <method>startKeyword</method>
  <thread>1</thread>
  <message>Start action : rowText = &amp;quot;&amp;quot;</message>
  <nestedLevel>3</nestedLevel>
  <escapedJava>false</escapedJava>
  <property name="startLine">49</property>
  <property name="stepIndex">3</property>
</record>
<record>
  <date>2026-01-27T10:56:32.303894400Z</date>
  <millis>1769511392303</millis>
  <nanos>894400</nanos>
  <sequence>656</sequence>
  <level>END</level>
  <class>com.kms.katalon.core.logging.XmlKeywordLogger</class>
  <method>endKeyword</method>
  <thread>1</thread>
  <message>End action : rowText = &amp;quot;&amp;quot;</message>
  <nestedLevel>3</nestedLevel>
  <escapedJava>false</escapedJava>
</record>
<record>
  <date>2026-01-27T10:56:32.304891400Z</date>
  <millis>1769511392304</millis>
  <nanos>891400</nanos>
  <sequence>657</sequence>
  <level>START</level>
  <class>com.kms.katalon.core.logging.XmlKeywordLogger</class>
  <method>startKeyword</method>
  <thread>1</thread>
  <message>Start action : for (org.openqa.selenium.WebElement col : cols)</message>
  <nestedLevel>3</nestedLevel>
  <escapedJava>false</escapedJava>
  <property name="startLine">51</property>
  <property name="stepIndex">4</property>
</record>
<record>
  <date>2026-01-27T10:56:32.305889700Z</date>
  <millis>1769511392305</millis>
  <nanos>889700</nanos>
  <sequence>658</sequence>
  <level>START</level>
  <class>com.kms.katalon.core.logging.XmlKeywordLogger</class>
  <method>startKeyword</method>
  <thread>1</thread>
  <message>Start action : rowText += col.getText() + &amp;quot; | &amp;quot;</message>
  <nestedLevel>4</nestedLevel>
  <escapedJava>false</escapedJava>
  <property name="startLine">52</property>
  <property name="stepIndex">1</property>
</record>
<record>
  <date>2026-01-27T10:56:32.333582800Z</date>
  <millis>1769511392333</millis>
  <nanos>582800</nanos>
  <sequence>659</sequence>
  <level>END</level>
  <class>com.kms.katalon.core.logging.XmlKeywordLogger</class>
  <method>endKeyword</method>
  <thread>1</thread>
  <message>End action : rowText += col.getText() + &amp;quot; | &amp;quot;</message>
  <nestedLevel>4</nestedLevel>
  <escapedJava>false</escapedJava>
</record>
<record>
  <date>2026-01-27T10:56:32.333582800Z</date>
  <millis>1769511392333</millis>
  <nanos>582800</nanos>
  <sequence>660</sequence>
  <level>START</level>
  <class>com.kms.katalon.core.logging.XmlKeywordLogger</class>
  <method>startKeyword</method>
  <thread>1</thread>
  <message>Start action : rowText += col.getText() + &amp;quot; | &amp;quot;</message>
  <nestedLevel>4</nestedLevel>
  <escapedJava>false</escapedJava>
  <property name="startLine">52</property>
  <property name="stepIndex">1</property>
</record>
<record>
  <date>2026-01-27T10:56:32.355070800Z</date>
  <millis>1769511392355</millis>
  <nanos>70800</nanos>
  <sequence>661</sequence>
  <level>END</level>
  <class>com.kms.katalon.core.logging.XmlKeywordLogger</class>
  <method>endKeyword</method>
  <thread>1</thread>
  <message>End action : rowText += col.getText() + &amp;quot; | &amp;quot;</message>
  <nestedLevel>4</nestedLevel>
  <escapedJava>false</escapedJava>
</record>
<record>
  <date>2026-01-27T10:56:32.355070800Z</date>
  <millis>1769511392355</millis>
  <nanos>70800</nanos>
  <sequence>662</sequence>
  <level>START</level>
  <class>com.kms.katalon.core.logging.XmlKeywordLogger</class>
  <method>startKeyword</method>
  <thread>1</thread>
  <message>Start action : rowText += col.getText() + &amp;quot; | &amp;quot;</message>
  <nestedLevel>4</nestedLevel>
  <escapedJava>false</escapedJava>
  <property name="startLine">52</property>
  <property name="stepIndex">1</property>
</record>
<record>
  <date>2026-01-27T10:56:32.369429500Z</date>
  <millis>1769511392369</millis>
  <nanos>429500</nanos>
  <sequence>663</sequence>
  <level>END</level>
  <class>com.kms.katalon.core.logging.XmlKeywordLogger</class>
  <method>endKeyword</method>
  <thread>1</thread>
  <message>End action : rowText += col.getText() + &amp;quot; | &amp;quot;</message>
  <nestedLevel>4</nestedLevel>
  <escapedJava>false</escapedJava>
</record>
<record>
  <date>2026-01-27T10:56:32.370505500Z</date>
  <millis>1769511392370</millis>
  <nanos>505500</nanos>
  <sequence>664</sequence>
  <level>START</level>
  <class>com.kms.katalon.core.logging.XmlKeywordLogger</class>
  <method>startKeyword</method>
  <thread>1</thread>
  <message>Start action : rowText += col.getText() + &amp;quot; | &amp;quot;</message>
  <nestedLevel>4</nestedLevel>
  <escapedJava>false</escapedJava>
  <property name="startLine">52</property>
  <property name="stepIndex">1</property>
</record>
<record>
  <date>2026-01-27T10:56:32.384140100Z</date>
  <millis>1769511392384</millis>
  <nanos>140100</nanos>
  <sequence>665</sequence>
  <level>END</level>
  <class>com.kms.katalon.core.logging.XmlKeywordLogger</class>
  <method>endKeyword</method>
  <thread>1</thread>
  <message>End action : rowText += col.getText() + &amp;quot; | &amp;quot;</message>
  <nestedLevel>4</nestedLevel>
  <escapedJava>false</escapedJava>
</record>
<record>
  <date>2026-01-27T10:56:32.385136100Z</date>
  <millis>1769511392385</millis>
  <nanos>136100</nanos>
  <sequence>666</sequence>
  <level>START</level>
  <class>com.kms.katalon.core.logging.XmlKeywordLogger</class>
  <method>startKeyword</method>
  <thread>1</thread>
  <message>Start action : rowText += col.getText() + &amp;quot; | &amp;quot;</message>
  <nestedLevel>4</nestedLevel>
  <escapedJava>false</escapedJava>
  <property name="startLine">52</property>
  <property name="stepIndex">1</property>
</record>
<record>
  <date>2026-01-27T10:56:32.395710600Z</date>
  <millis>1769511392395</millis>
  <nanos>710600</nanos>
  <sequence>667</sequence>
  <level>END</level>
  <class>com.kms.katalon.core.logging.XmlKeywordLogger</class>
  <method>endKeyword</method>
  <thread>1</thread>
  <message>End action : rowText += col.getText() + &amp;quot; | &amp;quot;</message>
  <nestedLevel>4</nestedLevel>
  <escapedJava>false</escapedJava>
</record>
<record>
  <date>2026-01-27T10:56:32.396710700Z</date>
  <millis>1769511392396</millis>
  <nanos>710700</nanos>
  <sequence>668</sequence>
  <level>START</level>
  <class>com.kms.katalon.core.logging.XmlKeywordLogger</class>
  <method>startKeyword</method>
  <thread>1</thread>
  <message>Start action : rowText += col.getText() + &amp;quot; | &amp;quot;</message>
  <nestedLevel>4</nestedLevel>
  <escapedJava>false</escapedJava>
  <property name="startLine">52</property>
  <property name="stepIndex">1</property>
</record>
<record>
  <date>2026-01-27T10:56:32.407661200Z</date>
  <millis>1769511392407</millis>
  <nanos>661200</nanos>
  <sequence>669</sequence>
  <level>END</level>
  <class>com.kms.katalon.core.logging.XmlKeywordLogger</class>
  <method>endKeyword</method>
  <thread>1</thread>
  <message>End action : rowText += col.getText() + &amp;quot; | &amp;quot;</message>
  <nestedLevel>4</nestedLevel>
  <escapedJava>false</escapedJava>
</record>
<record>
  <date>2026-01-27T10:56:32.407661200Z</date>
  <millis>1769511392407</millis>
  <nanos>661200</nanos>
  <sequence>670</sequence>
  <level>START</level>
  <class>com.kms.katalon.core.logging.XmlKeywordLogger</class>
  <method>startKeyword</method>
  <thread>1</thread>
  <message>Start action : rowText += col.getText() + &amp;quot; | &amp;quot;</message>
  <nestedLevel>4</nestedLevel>
  <escapedJava>false</escapedJava>
  <property name="startLine">52</property>
  <property name="stepIndex">1</property>
</record>
<record>
  <date>2026-01-27T10:56:32.419473Z</date>
  <millis>1769511392419</millis>
  <nanos>473000</nanos>
  <sequence>671</sequence>
  <level>END</level>
  <class>com.kms.katalon.core.logging.XmlKeywordLogger</class>
  <method>endKeyword</method>
  <thread>1</thread>
  <message>End action : rowText += col.getText() + &amp;quot; | &amp;quot;</message>
  <nestedLevel>4</nestedLevel>
  <escapedJava>false</escapedJava>
</record>
<record>
  <date>2026-01-27T10:56:32.419473Z</date>
  <millis>1769511392419</millis>
  <nanos>473000</nanos>
  <sequence>672</sequence>
  <level>START</level>
  <class>com.kms.katalon.core.logging.XmlKeywordLogger</class>
  <method>startKeyword</method>
  <thread>1</thread>
  <message>Start action : rowText += col.getText() + &amp;quot; | &amp;quot;</message>
  <nestedLevel>4</nestedLevel>
  <escapedJava>false</escapedJava>
  <property name="startLine">52</property>
  <property name="stepIndex">1</property>
</record>
<record>
  <date>2026-01-27T10:56:32.433013800Z</date>
  <millis>1769511392433</millis>
  <nanos>13800</nanos>
  <sequence>673</sequence>
  <level>END</level>
  <class>com.kms.katalon.core.logging.XmlKeywordLogger</class>
  <method>endKeyword</method>
  <thread>1</thread>
  <message>End action : rowText += col.getText() + &amp;quot; | &amp;quot;</message>
  <nestedLevel>4</nestedLevel>
  <escapedJava>false</escapedJava>
</record>
<record>
  <date>2026-01-27T10:56:32.434236800Z</date>
  <millis>1769511392434</millis>
  <nanos>236800</nanos>
  <sequence>674</sequence>
  <level>END</level>
  <class>com.kms.katalon.core.logging.XmlKeywordLogger</class>
  <method>endKeyword</method>
  <thread>1</thread>
  <message>End action : for (org.openqa.selenium.WebElement col : cols)</message>
  <nestedLevel>3</nestedLevel>
  <escapedJava>false</escapedJava>
</record>
<record>
  <date>2026-01-27T10:56:32.434236800Z</date>
  <millis>1769511392434</millis>
  <nanos>236800</nanos>
  <sequence>675</sequence>
  <level>START</level>
  <class>com.kms.katalon.core.logging.XmlKeywordLogger</class>
  <method>startKeyword</method>
  <thread>1</thread>
  <message>Start action : logInfo(&amp;quot;Row &amp;quot; + i + &amp;quot;: &amp;quot; + rowText)</message>
  <nestedLevel>3</nestedLevel>
  <escapedJava>false</escapedJava>
  <property name="startLine">55</property>
  <property name="stepIndex">5</property>
</record>
<record>
  <date>2026-01-27T10:56:32.434236800Z</date>
  <millis>1769511392434</millis>
  <nanos>236800</nanos>
  <sequence>676</sequence>
  <level>INFO</level>
  <class>com.kms.katalon.core.logging.XmlKeywordLogger</class>
  <method>logMessage</method>
  <thread>1</thread>
  <message>Row 15:  | 15 | Customer Connect Apps | 53.74h | 48 | 7713 | +2 | Support Tools | </message>
  <nestedLevel>1</nestedLevel>
  <escapedJava>false</escapedJava>
</record>
<record>
  <date>2026-01-27T10:56:32.434236800Z</date>
  <millis>1769511392434</millis>
  <nanos>236800</nanos>
  <sequence>677</sequence>
  <level>END</level>
  <class>com.kms.katalon.core.logging.XmlKeywordLogger</class>
  <method>endKeyword</method>
  <thread>1</thread>
  <message>End action : logInfo(&amp;quot;Row &amp;quot; + i + &amp;quot;: &amp;quot; + rowText)</message>
  <nestedLevel>3</nestedLevel>
  <escapedJava>false</escapedJava>
</record>
<record>
  <date>2026-01-27T10:56:32.435235900Z</date>
  <millis>1769511392435</millis>
  <nanos>235900</nanos>
  <sequence>678</sequence>
  <level>START</level>
  <class>com.kms.katalon.core.logging.XmlKeywordLogger</class>
  <method>startKeyword</method>
  <thread>1</thread>
  <message>Start action : cols = get(i).findElements(By.tagName(&amp;quot;td&amp;quot;))</message>
  <nestedLevel>3</nestedLevel>
  <escapedJava>false</escapedJava>
  <property name="startLine">42</property>
  <property name="stepIndex">1</property>
</record>
<record>
  <date>2026-01-27T10:56:32.703861Z</date>
  <millis>1769511392703</millis>
  <nanos>861000</nanos>
  <sequence>679</sequence>
  <level>END</level>
  <class>com.kms.katalon.core.logging.XmlKeywordLogger</class>
  <method>endKeyword</method>
  <thread>1</thread>
  <message>End action : cols = get(i).findElements(By.tagName(&amp;quot;td&amp;quot;))</message>
  <nestedLevel>3</nestedLevel>
  <escapedJava>false</escapedJava>
</record>
<record>
  <date>2026-01-27T10:56:32.705013200Z</date>
  <millis>1769511392705</millis>
  <nanos>13200</nanos>
  <sequence>680</sequence>
  <level>START</level>
  <class>com.kms.katalon.core.logging.XmlKeywordLogger</class>
  <method>startKeyword</method>
  <thread>1</thread>
  <message>Start action : if (cols.size() == 0)</message>
  <nestedLevel>3</nestedLevel>
  <escapedJava>false</escapedJava>
  <property name="startLine">45</property>
  <property name="stepIndex">2</property>
</record>
<record>
  <date>2026-01-27T10:56:32.706009800Z</date>
  <millis>1769511392706</millis>
  <nanos>9800</nanos>
  <sequence>681</sequence>
  <level>END</level>
  <class>com.kms.katalon.core.logging.XmlKeywordLogger</class>
  <method>endKeyword</method>
  <thread>1</thread>
  <message>End action : if (cols.size() == 0)</message>
  <nestedLevel>3</nestedLevel>
  <escapedJava>false</escapedJava>
</record>
<record>
  <date>2026-01-27T10:56:32.706009800Z</date>
  <millis>1769511392706</millis>
  <nanos>9800</nanos>
  <sequence>682</sequence>
  <level>START</level>
  <class>com.kms.katalon.core.logging.XmlKeywordLogger</class>
  <method>startKeyword</method>
  <thread>1</thread>
  <message>Start action : rowText = &amp;quot;&amp;quot;</message>
  <nestedLevel>3</nestedLevel>
  <escapedJava>false</escapedJava>
  <property name="startLine">49</property>
  <property name="stepIndex">3</property>
</record>
<record>
  <date>2026-01-27T10:56:32.707006900Z</date>
  <millis>1769511392707</millis>
  <nanos>6900</nanos>
  <sequence>683</sequence>
  <level>END</level>
  <class>com.kms.katalon.core.logging.XmlKeywordLogger</class>
  <method>endKeyword</method>
  <thread>1</thread>
  <message>End action : rowText = &amp;quot;&amp;quot;</message>
  <nestedLevel>3</nestedLevel>
  <escapedJava>false</escapedJava>
</record>
<record>
  <date>2026-01-27T10:56:32.707006900Z</date>
  <millis>1769511392707</millis>
  <nanos>6900</nanos>
  <sequence>684</sequence>
  <level>START</level>
  <class>com.kms.katalon.core.logging.XmlKeywordLogger</class>
  <method>startKeyword</method>
  <thread>1</thread>
  <message>Start action : for (org.openqa.selenium.WebElement col : cols)</message>
  <nestedLevel>3</nestedLevel>
  <escapedJava>false</escapedJava>
  <property name="startLine">51</property>
  <property name="stepIndex">4</property>
</record>
<record>
  <date>2026-01-27T10:56:32.708004300Z</date>
  <millis>1769511392708</millis>
  <nanos>4300</nanos>
  <sequence>685</sequence>
  <level>START</level>
  <class>com.kms.katalon.core.logging.XmlKeywordLogger</class>
  <method>startKeyword</method>
  <thread>1</thread>
  <message>Start action : rowText += col.getText() + &amp;quot; | &amp;quot;</message>
  <nestedLevel>4</nestedLevel>
  <escapedJava>false</escapedJava>
  <property name="startLine">52</property>
  <property name="stepIndex">1</property>
</record>
<record>
  <date>2026-01-27T10:56:32.738857700Z</date>
  <millis>1769511392738</millis>
  <nanos>857700</nanos>
  <sequence>686</sequence>
  <level>END</level>
  <class>com.kms.katalon.core.logging.XmlKeywordLogger</class>
  <method>endKeyword</method>
  <thread>1</thread>
  <message>End action : rowText += col.getText() + &amp;quot; | &amp;quot;</message>
  <nestedLevel>4</nestedLevel>
  <escapedJava>false</escapedJava>
</record>
<record>
  <date>2026-01-27T10:56:32.738857700Z</date>
  <millis>1769511392738</millis>
  <nanos>857700</nanos>
  <sequence>687</sequence>
  <level>START</level>
  <class>com.kms.katalon.core.logging.XmlKeywordLogger</class>
  <method>startKeyword</method>
  <thread>1</thread>
  <message>Start action : rowText += col.getText() + &amp;quot; | &amp;quot;</message>
  <nestedLevel>4</nestedLevel>
  <escapedJava>false</escapedJava>
  <property name="startLine">52</property>
  <property name="stepIndex">1</property>
</record>
<record>
  <date>2026-01-27T10:56:32.764505100Z</date>
  <millis>1769511392764</millis>
  <nanos>505100</nanos>
  <sequence>688</sequence>
  <level>END</level>
  <class>com.kms.katalon.core.logging.XmlKeywordLogger</class>
  <method>endKeyword</method>
  <thread>1</thread>
  <message>End action : rowText += col.getText() + &amp;quot; | &amp;quot;</message>
  <nestedLevel>4</nestedLevel>
  <escapedJava>false</escapedJava>
</record>
<record>
  <date>2026-01-27T10:56:32.764505100Z</date>
  <millis>1769511392764</millis>
  <nanos>505100</nanos>
  <sequence>689</sequence>
  <level>START</level>
  <class>com.kms.katalon.core.logging.XmlKeywordLogger</class>
  <method>startKeyword</method>
  <thread>1</thread>
  <message>Start action : rowText += col.getText() + &amp;quot; | &amp;quot;</message>
  <nestedLevel>4</nestedLevel>
  <escapedJava>false</escapedJava>
  <property name="startLine">52</property>
  <property name="stepIndex">1</property>
</record>
<record>
  <date>2026-01-27T10:56:32.781882300Z</date>
  <millis>1769511392781</millis>
  <nanos>882300</nanos>
  <sequence>690</sequence>
  <level>END</level>
  <class>com.kms.katalon.core.logging.XmlKeywordLogger</class>
  <method>endKeyword</method>
  <thread>1</thread>
  <message>End action : rowText += col.getText() + &amp;quot; | &amp;quot;</message>
  <nestedLevel>4</nestedLevel>
  <escapedJava>false</escapedJava>
</record>
<record>
  <date>2026-01-27T10:56:32.781882300Z</date>
  <millis>1769511392781</millis>
  <nanos>882300</nanos>
  <sequence>691</sequence>
  <level>START</level>
  <class>com.kms.katalon.core.logging.XmlKeywordLogger</class>
  <method>startKeyword</method>
  <thread>1</thread>
  <message>Start action : rowText += col.getText() + &amp;quot; | &amp;quot;</message>
  <nestedLevel>4</nestedLevel>
  <escapedJava>false</escapedJava>
  <property name="startLine">52</property>
  <property name="stepIndex">1</property>
</record>
<record>
  <date>2026-01-27T10:56:32.795888500Z</date>
  <millis>1769511392795</millis>
  <nanos>888500</nanos>
  <sequence>692</sequence>
  <level>END</level>
  <class>com.kms.katalon.core.logging.XmlKeywordLogger</class>
  <method>endKeyword</method>
  <thread>1</thread>
  <message>End action : rowText += col.getText() + &amp;quot; | &amp;quot;</message>
  <nestedLevel>4</nestedLevel>
  <escapedJava>false</escapedJava>
</record>
<record>
  <date>2026-01-27T10:56:32.795888500Z</date>
  <millis>1769511392795</millis>
  <nanos>888500</nanos>
  <sequence>693</sequence>
  <level>START</level>
  <class>com.kms.katalon.core.logging.XmlKeywordLogger</class>
  <method>startKeyword</method>
  <thread>1</thread>
  <message>Start action : rowText += col.getText() + &amp;quot; | &amp;quot;</message>
  <nestedLevel>4</nestedLevel>
  <escapedJava>false</escapedJava>
  <property name="startLine">52</property>
  <property name="stepIndex">1</property>
</record>
<record>
  <date>2026-01-27T10:56:32.807673Z</date>
  <millis>1769511392807</millis>
  <nanos>673000</nanos>
  <sequence>694</sequence>
  <level>END</level>
  <class>com.kms.katalon.core.logging.XmlKeywordLogger</class>
  <method>endKeyword</method>
  <thread>1</thread>
  <message>End action : rowText += col.getText() + &amp;quot; | &amp;quot;</message>
  <nestedLevel>4</nestedLevel>
  <escapedJava>false</escapedJava>
</record>
<record>
  <date>2026-01-27T10:56:32.807673Z</date>
  <millis>1769511392807</millis>
  <nanos>673000</nanos>
  <sequence>695</sequence>
  <level>START</level>
  <class>com.kms.katalon.core.logging.XmlKeywordLogger</class>
  <method>startKeyword</method>
  <thread>1</thread>
  <message>Start action : rowText += col.getText() + &amp;quot; | &amp;quot;</message>
  <nestedLevel>4</nestedLevel>
  <escapedJava>false</escapedJava>
  <property name="startLine">52</property>
  <property name="stepIndex">1</property>
</record>
<record>
  <date>2026-01-27T10:56:32.820211400Z</date>
  <millis>1769511392820</millis>
  <nanos>211400</nanos>
  <sequence>696</sequence>
  <level>END</level>
  <class>com.kms.katalon.core.logging.XmlKeywordLogger</class>
  <method>endKeyword</method>
  <thread>1</thread>
  <message>End action : rowText += col.getText() + &amp;quot; | &amp;quot;</message>
  <nestedLevel>4</nestedLevel>
  <escapedJava>false</escapedJava>
</record>
<record>
  <date>2026-01-27T10:56:32.820211400Z</date>
  <millis>1769511392820</millis>
  <nanos>211400</nanos>
  <sequence>697</sequence>
  <level>START</level>
  <class>com.kms.katalon.core.logging.XmlKeywordLogger</class>
  <method>startKeyword</method>
  <thread>1</thread>
  <message>Start action : rowText += col.getText() + &amp;quot; | &amp;quot;</message>
  <nestedLevel>4</nestedLevel>
  <escapedJava>false</escapedJava>
  <property name="startLine">52</property>
  <property name="stepIndex">1</property>
</record>
<record>
  <date>2026-01-27T10:56:32.831008900Z</date>
  <millis>1769511392831</millis>
  <nanos>8900</nanos>
  <sequence>698</sequence>
  <level>END</level>
  <class>com.kms.katalon.core.logging.XmlKeywordLogger</class>
  <method>endKeyword</method>
  <thread>1</thread>
  <message>End action : rowText += col.getText() + &amp;quot; | &amp;quot;</message>
  <nestedLevel>4</nestedLevel>
  <escapedJava>false</escapedJava>
</record>
<record>
  <date>2026-01-27T10:56:32.831008900Z</date>
  <millis>1769511392831</millis>
  <nanos>8900</nanos>
  <sequence>699</sequence>
  <level>START</level>
  <class>com.kms.katalon.core.logging.XmlKeywordLogger</class>
  <method>startKeyword</method>
  <thread>1</thread>
  <message>Start action : rowText += col.getText() + &amp;quot; | &amp;quot;</message>
  <nestedLevel>4</nestedLevel>
  <escapedJava>false</escapedJava>
  <property name="startLine">52</property>
  <property name="stepIndex">1</property>
</record>
<record>
  <date>2026-01-27T10:56:32.842882500Z</date>
  <millis>1769511392842</millis>
  <nanos>882500</nanos>
  <sequence>700</sequence>
  <level>END</level>
  <class>com.kms.katalon.core.logging.XmlKeywordLogger</class>
  <method>endKeyword</method>
  <thread>1</thread>
  <message>End action : rowText += col.getText() + &amp;quot; | &amp;quot;</message>
  <nestedLevel>4</nestedLevel>
  <escapedJava>false</escapedJava>
</record>
<record>
  <date>2026-01-27T10:56:32.843998900Z</date>
  <millis>1769511392843</millis>
  <nanos>998900</nanos>
  <sequence>701</sequence>
  <level>END</level>
  <class>com.kms.katalon.core.logging.XmlKeywordLogger</class>
  <method>endKeyword</method>
  <thread>1</thread>
  <message>End action : for (org.openqa.selenium.WebElement col : cols)</message>
  <nestedLevel>3</nestedLevel>
  <escapedJava>false</escapedJava>
</record>
<record>
  <date>2026-01-27T10:56:32.843998900Z</date>
  <millis>1769511392843</millis>
  <nanos>998900</nanos>
  <sequence>702</sequence>
  <level>START</level>
  <class>com.kms.katalon.core.logging.XmlKeywordLogger</class>
  <method>startKeyword</method>
  <thread>1</thread>
  <message>Start action : logInfo(&amp;quot;Row &amp;quot; + i + &amp;quot;: &amp;quot; + rowText)</message>
  <nestedLevel>3</nestedLevel>
  <escapedJava>false</escapedJava>
  <property name="startLine">55</property>
  <property name="stepIndex">5</property>
</record>
<record>
  <date>2026-01-27T10:56:32.843998900Z</date>
  <millis>1769511392843</millis>
  <nanos>998900</nanos>
  <sequence>703</sequence>
  <level>INFO</level>
  <class>com.kms.katalon.core.logging.XmlKeywordLogger</class>
  <method>logMessage</method>
  <thread>1</thread>
  <message>Row 16:  | 16 | Excel | 52.45h | 49 | 13152 | +2 | Documentation Tools | </message>
  <nestedLevel>1</nestedLevel>
  <escapedJava>false</escapedJava>
</record>
<record>
  <date>2026-01-27T10:56:32.843998900Z</date>
  <millis>1769511392843</millis>
  <nanos>998900</nanos>
  <sequence>704</sequence>
  <level>END</level>
  <class>com.kms.katalon.core.logging.XmlKeywordLogger</class>
  <method>endKeyword</method>
  <thread>1</thread>
  <message>End action : logInfo(&amp;quot;Row &amp;quot; + i + &amp;quot;: &amp;quot; + rowText)</message>
  <nestedLevel>3</nestedLevel>
  <escapedJava>false</escapedJava>
</record>
<record>
  <date>2026-01-27T10:56:32.843998900Z</date>
  <millis>1769511392843</millis>
  <nanos>998900</nanos>
  <sequence>705</sequence>
  <level>START</level>
  <class>com.kms.katalon.core.logging.XmlKeywordLogger</class>
  <method>startKeyword</method>
  <thread>1</thread>
  <message>Start action : cols = get(i).findElements(By.tagName(&amp;quot;td&amp;quot;))</message>
  <nestedLevel>3</nestedLevel>
  <escapedJava>false</escapedJava>
  <property name="startLine">42</property>
  <property name="stepIndex">1</property>
</record>
<record>
  <date>2026-01-27T10:56:33.112925200Z</date>
  <millis>1769511393112</millis>
  <nanos>925200</nanos>
  <sequence>706</sequence>
  <level>END</level>
  <class>com.kms.katalon.core.logging.XmlKeywordLogger</class>
  <method>endKeyword</method>
  <thread>1</thread>
  <message>End action : cols = get(i).findElements(By.tagName(&amp;quot;td&amp;quot;))</message>
  <nestedLevel>3</nestedLevel>
  <escapedJava>false</escapedJava>
</record>
<record>
  <date>2026-01-27T10:56:33.112925200Z</date>
  <millis>1769511393112</millis>
  <nanos>925200</nanos>
  <sequence>707</sequence>
  <level>START</level>
  <class>com.kms.katalon.core.logging.XmlKeywordLogger</class>
  <method>startKeyword</method>
  <thread>1</thread>
  <message>Start action : if (cols.size() == 0)</message>
  <nestedLevel>3</nestedLevel>
  <escapedJava>false</escapedJava>
  <property name="startLine">45</property>
  <property name="stepIndex">2</property>
</record>
<record>
  <date>2026-01-27T10:56:33.113966900Z</date>
  <millis>1769511393113</millis>
  <nanos>966900</nanos>
  <sequence>708</sequence>
  <level>END</level>
  <class>com.kms.katalon.core.logging.XmlKeywordLogger</class>
  <method>endKeyword</method>
  <thread>1</thread>
  <message>End action : if (cols.size() == 0)</message>
  <nestedLevel>3</nestedLevel>
  <escapedJava>false</escapedJava>
</record>
<record>
  <date>2026-01-27T10:56:33.114963Z</date>
  <millis>1769511393114</millis>
  <nanos>963000</nanos>
  <sequence>709</sequence>
  <level>START</level>
  <class>com.kms.katalon.core.logging.XmlKeywordLogger</class>
  <method>startKeyword</method>
  <thread>1</thread>
  <message>Start action : rowText = &amp;quot;&amp;quot;</message>
  <nestedLevel>3</nestedLevel>
  <escapedJava>false</escapedJava>
  <property name="startLine">49</property>
  <property name="stepIndex">3</property>
</record>
<record>
  <date>2026-01-27T10:56:33.114963Z</date>
  <millis>1769511393114</millis>
  <nanos>963000</nanos>
  <sequence>710</sequence>
  <level>END</level>
  <class>com.kms.katalon.core.logging.XmlKeywordLogger</class>
  <method>endKeyword</method>
  <thread>1</thread>
  <message>End action : rowText = &amp;quot;&amp;quot;</message>
  <nestedLevel>3</nestedLevel>
  <escapedJava>false</escapedJava>
</record>
<record>
  <date>2026-01-27T10:56:33.115961600Z</date>
  <millis>1769511393115</millis>
  <nanos>961600</nanos>
  <sequence>711</sequence>
  <level>START</level>
  <class>com.kms.katalon.core.logging.XmlKeywordLogger</class>
  <method>startKeyword</method>
  <thread>1</thread>
  <message>Start action : for (org.openqa.selenium.WebElement col : cols)</message>
  <nestedLevel>3</nestedLevel>
  <escapedJava>false</escapedJava>
  <property name="startLine">51</property>
  <property name="stepIndex">4</property>
</record>
<record>
  <date>2026-01-27T10:56:33.116957900Z</date>
  <millis>1769511393116</millis>
  <nanos>957900</nanos>
  <sequence>712</sequence>
  <level>START</level>
  <class>com.kms.katalon.core.logging.XmlKeywordLogger</class>
  <method>startKeyword</method>
  <thread>1</thread>
  <message>Start action : rowText += col.getText() + &amp;quot; | &amp;quot;</message>
  <nestedLevel>4</nestedLevel>
  <escapedJava>false</escapedJava>
  <property name="startLine">52</property>
  <property name="stepIndex">1</property>
</record>
<record>
  <date>2026-01-27T10:56:33.140703700Z</date>
  <millis>1769511393140</millis>
  <nanos>703700</nanos>
  <sequence>713</sequence>
  <level>END</level>
  <class>com.kms.katalon.core.logging.XmlKeywordLogger</class>
  <method>endKeyword</method>
  <thread>1</thread>
  <message>End action : rowText += col.getText() + &amp;quot; | &amp;quot;</message>
  <nestedLevel>4</nestedLevel>
  <escapedJava>false</escapedJava>
</record>
<record>
  <date>2026-01-27T10:56:33.141700800Z</date>
  <millis>1769511393141</millis>
  <nanos>700800</nanos>
  <sequence>714</sequence>
  <level>START</level>
  <class>com.kms.katalon.core.logging.XmlKeywordLogger</class>
  <method>startKeyword</method>
  <thread>1</thread>
  <message>Start action : rowText += col.getText() + &amp;quot; | &amp;quot;</message>
  <nestedLevel>4</nestedLevel>
  <escapedJava>false</escapedJava>
  <property name="startLine">52</property>
  <property name="stepIndex">1</property>
</record>
<record>
  <date>2026-01-27T10:56:33.157592500Z</date>
  <millis>1769511393157</millis>
  <nanos>592500</nanos>
  <sequence>715</sequence>
  <level>END</level>
  <class>com.kms.katalon.core.logging.XmlKeywordLogger</class>
  <method>endKeyword</method>
  <thread>1</thread>
  <message>End action : rowText += col.getText() + &amp;quot; | &amp;quot;</message>
  <nestedLevel>4</nestedLevel>
  <escapedJava>false</escapedJava>
</record>
<record>
  <date>2026-01-27T10:56:33.157592500Z</date>
  <millis>1769511393157</millis>
  <nanos>592500</nanos>
  <sequence>716</sequence>
  <level>START</level>
  <class>com.kms.katalon.core.logging.XmlKeywordLogger</class>
  <method>startKeyword</method>
  <thread>1</thread>
  <message>Start action : rowText += col.getText() + &amp;quot; | &amp;quot;</message>
  <nestedLevel>4</nestedLevel>
  <escapedJava>false</escapedJava>
  <property name="startLine">52</property>
  <property name="stepIndex">1</property>
</record>
<record>
  <date>2026-01-27T10:56:33.169138200Z</date>
  <millis>1769511393169</millis>
  <nanos>138200</nanos>
  <sequence>717</sequence>
  <level>END</level>
  <class>com.kms.katalon.core.logging.XmlKeywordLogger</class>
  <method>endKeyword</method>
  <thread>1</thread>
  <message>End action : rowText += col.getText() + &amp;quot; | &amp;quot;</message>
  <nestedLevel>4</nestedLevel>
  <escapedJava>false</escapedJava>
</record>
<record>
  <date>2026-01-27T10:56:33.171310700Z</date>
  <millis>1769511393171</millis>
  <nanos>310700</nanos>
  <sequence>718</sequence>
  <level>START</level>
  <class>com.kms.katalon.core.logging.XmlKeywordLogger</class>
  <method>startKeyword</method>
  <thread>1</thread>
  <message>Start action : rowText += col.getText() + &amp;quot; | &amp;quot;</message>
  <nestedLevel>4</nestedLevel>
  <escapedJava>false</escapedJava>
  <property name="startLine">52</property>
  <property name="stepIndex">1</property>
</record>
<record>
  <date>2026-01-27T10:56:33.182815200Z</date>
  <millis>1769511393182</millis>
  <nanos>815200</nanos>
  <sequence>719</sequence>
  <level>END</level>
  <class>com.kms.katalon.core.logging.XmlKeywordLogger</class>
  <method>endKeyword</method>
  <thread>1</thread>
  <message>End action : rowText += col.getText() + &amp;quot; | &amp;quot;</message>
  <nestedLevel>4</nestedLevel>
  <escapedJava>false</escapedJava>
</record>
<record>
  <date>2026-01-27T10:56:33.183831500Z</date>
  <millis>1769511393183</millis>
  <nanos>831500</nanos>
  <sequence>720</sequence>
  <level>START</level>
  <class>com.kms.katalon.core.logging.XmlKeywordLogger</class>
  <method>startKeyword</method>
  <thread>1</thread>
  <message>Start action : rowText += col.getText() + &amp;quot; | &amp;quot;</message>
  <nestedLevel>4</nestedLevel>
  <escapedJava>false</escapedJava>
  <property name="startLine">52</property>
  <property name="stepIndex">1</property>
</record>
<record>
  <date>2026-01-27T10:56:33.195879400Z</date>
  <millis>1769511393195</millis>
  <nanos>879400</nanos>
  <sequence>721</sequence>
  <level>END</level>
  <class>com.kms.katalon.core.logging.XmlKeywordLogger</class>
  <method>endKeyword</method>
  <thread>1</thread>
  <message>End action : rowText += col.getText() + &amp;quot; | &amp;quot;</message>
  <nestedLevel>4</nestedLevel>
  <escapedJava>false</escapedJava>
</record>
<record>
  <date>2026-01-27T10:56:33.195879400Z</date>
  <millis>1769511393195</millis>
  <nanos>879400</nanos>
  <sequence>722</sequence>
  <level>START</level>
  <class>com.kms.katalon.core.logging.XmlKeywordLogger</class>
  <method>startKeyword</method>
  <thread>1</thread>
  <message>Start action : rowText += col.getText() + &amp;quot; | &amp;quot;</message>
  <nestedLevel>4</nestedLevel>
  <escapedJava>false</escapedJava>
  <property name="startLine">52</property>
  <property name="stepIndex">1</property>
</record>
<record>
  <date>2026-01-27T10:56:33.209013600Z</date>
  <millis>1769511393209</millis>
  <nanos>13600</nanos>
  <sequence>723</sequence>
  <level>END</level>
  <class>com.kms.katalon.core.logging.XmlKeywordLogger</class>
  <method>endKeyword</method>
  <thread>1</thread>
  <message>End action : rowText += col.getText() + &amp;quot; | &amp;quot;</message>
  <nestedLevel>4</nestedLevel>
  <escapedJava>false</escapedJava>
</record>
<record>
  <date>2026-01-27T10:56:33.210062400Z</date>
  <millis>1769511393210</millis>
  <nanos>62400</nanos>
  <sequence>724</sequence>
  <level>START</level>
  <class>com.kms.katalon.core.logging.XmlKeywordLogger</class>
  <method>startKeyword</method>
  <thread>1</thread>
  <message>Start action : rowText += col.getText() + &amp;quot; | &amp;quot;</message>
  <nestedLevel>4</nestedLevel>
  <escapedJava>false</escapedJava>
  <property name="startLine">52</property>
  <property name="stepIndex">1</property>
</record>
<record>
  <date>2026-01-27T10:56:33.222641300Z</date>
  <millis>1769511393222</millis>
  <nanos>641300</nanos>
  <sequence>725</sequence>
  <level>END</level>
  <class>com.kms.katalon.core.logging.XmlKeywordLogger</class>
  <method>endKeyword</method>
  <thread>1</thread>
  <message>End action : rowText += col.getText() + &amp;quot; | &amp;quot;</message>
  <nestedLevel>4</nestedLevel>
  <escapedJava>false</escapedJava>
</record>
<record>
  <date>2026-01-27T10:56:33.222641300Z</date>
  <millis>1769511393222</millis>
  <nanos>641300</nanos>
  <sequence>726</sequence>
  <level>START</level>
  <class>com.kms.katalon.core.logging.XmlKeywordLogger</class>
  <method>startKeyword</method>
  <thread>1</thread>
  <message>Start action : rowText += col.getText() + &amp;quot; | &amp;quot;</message>
  <nestedLevel>4</nestedLevel>
  <escapedJava>false</escapedJava>
  <property name="startLine">52</property>
  <property name="stepIndex">1</property>
</record>
<record>
  <date>2026-01-27T10:56:33.235967600Z</date>
  <millis>1769511393235</millis>
  <nanos>967600</nanos>
  <sequence>727</sequence>
  <level>END</level>
  <class>com.kms.katalon.core.logging.XmlKeywordLogger</class>
  <method>endKeyword</method>
  <thread>1</thread>
  <message>End action : rowText += col.getText() + &amp;quot; | &amp;quot;</message>
  <nestedLevel>4</nestedLevel>
  <escapedJava>false</escapedJava>
</record>
<record>
  <date>2026-01-27T10:56:33.236966300Z</date>
  <millis>1769511393236</millis>
  <nanos>966300</nanos>
  <sequence>728</sequence>
  <level>END</level>
  <class>com.kms.katalon.core.logging.XmlKeywordLogger</class>
  <method>endKeyword</method>
  <thread>1</thread>
  <message>End action : for (org.openqa.selenium.WebElement col : cols)</message>
  <nestedLevel>3</nestedLevel>
  <escapedJava>false</escapedJava>
</record>
<record>
  <date>2026-01-27T10:56:33.236966300Z</date>
  <millis>1769511393236</millis>
  <nanos>966300</nanos>
  <sequence>729</sequence>
  <level>START</level>
  <class>com.kms.katalon.core.logging.XmlKeywordLogger</class>
  <method>startKeyword</method>
  <thread>1</thread>
  <message>Start action : logInfo(&amp;quot;Row &amp;quot; + i + &amp;quot;: &amp;quot; + rowText)</message>
  <nestedLevel>3</nestedLevel>
  <escapedJava>false</escapedJava>
  <property name="startLine">55</property>
  <property name="stepIndex">5</property>
</record>
<record>
  <date>2026-01-27T10:56:33.240955Z</date>
  <millis>1769511393240</millis>
  <nanos>955000</nanos>
  <sequence>730</sequence>
  <level>INFO</level>
  <class>com.kms.katalon.core.logging.XmlKeywordLogger</class>
  <method>logMessage</method>
  <thread>1</thread>
  <message>Row 17:  | 17 | Tutorials | 51.07h | 38 | 6376 | +1 | Documentation Tools | </message>
  <nestedLevel>1</nestedLevel>
  <escapedJava>false</escapedJava>
</record>
<record>
  <date>2026-01-27T10:56:33.242949200Z</date>
  <millis>1769511393242</millis>
  <nanos>949200</nanos>
  <sequence>731</sequence>
  <level>END</level>
  <class>com.kms.katalon.core.logging.XmlKeywordLogger</class>
  <method>endKeyword</method>
  <thread>1</thread>
  <message>End action : logInfo(&amp;quot;Row &amp;quot; + i + &amp;quot;: &amp;quot; + rowText)</message>
  <nestedLevel>3</nestedLevel>
  <escapedJava>false</escapedJava>
</record>
<record>
  <date>2026-01-27T10:56:33.242949200Z</date>
  <millis>1769511393242</millis>
  <nanos>949200</nanos>
  <sequence>732</sequence>
  <level>START</level>
  <class>com.kms.katalon.core.logging.XmlKeywordLogger</class>
  <method>startKeyword</method>
  <thread>1</thread>
  <message>Start action : cols = get(i).findElements(By.tagName(&amp;quot;td&amp;quot;))</message>
  <nestedLevel>3</nestedLevel>
  <escapedJava>false</escapedJava>
  <property name="startLine">42</property>
  <property name="stepIndex">1</property>
</record>
<record>
  <date>2026-01-27T10:56:33.497754800Z</date>
  <millis>1769511393497</millis>
  <nanos>754800</nanos>
  <sequence>733</sequence>
  <level>END</level>
  <class>com.kms.katalon.core.logging.XmlKeywordLogger</class>
  <method>endKeyword</method>
  <thread>1</thread>
  <message>End action : cols = get(i).findElements(By.tagName(&amp;quot;td&amp;quot;))</message>
  <nestedLevel>3</nestedLevel>
  <escapedJava>false</escapedJava>
</record>
<record>
  <date>2026-01-27T10:56:33.498753400Z</date>
  <millis>1769511393498</millis>
  <nanos>753400</nanos>
  <sequence>734</sequence>
  <level>START</level>
  <class>com.kms.katalon.core.logging.XmlKeywordLogger</class>
  <method>startKeyword</method>
  <thread>1</thread>
  <message>Start action : if (cols.size() == 0)</message>
  <nestedLevel>3</nestedLevel>
  <escapedJava>false</escapedJava>
  <property name="startLine">45</property>
  <property name="stepIndex">2</property>
</record>
<record>
  <date>2026-01-27T10:56:33.498753400Z</date>
  <millis>1769511393498</millis>
  <nanos>753400</nanos>
  <sequence>735</sequence>
  <level>END</level>
  <class>com.kms.katalon.core.logging.XmlKeywordLogger</class>
  <method>endKeyword</method>
  <thread>1</thread>
  <message>End action : if (cols.size() == 0)</message>
  <nestedLevel>3</nestedLevel>
  <escapedJava>false</escapedJava>
</record>
<record>
  <date>2026-01-27T10:56:33.498753400Z</date>
  <millis>1769511393498</millis>
  <nanos>753400</nanos>
  <sequence>736</sequence>
  <level>START</level>
  <class>com.kms.katalon.core.logging.XmlKeywordLogger</class>
  <method>startKeyword</method>
  <thread>1</thread>
  <message>Start action : rowText = &amp;quot;&amp;quot;</message>
  <nestedLevel>3</nestedLevel>
  <escapedJava>false</escapedJava>
  <property name="startLine">49</property>
  <property name="stepIndex">3</property>
</record>
<record>
  <date>2026-01-27T10:56:33.499751300Z</date>
  <millis>1769511393499</millis>
  <nanos>751300</nanos>
  <sequence>737</sequence>
  <level>END</level>
  <class>com.kms.katalon.core.logging.XmlKeywordLogger</class>
  <method>endKeyword</method>
  <thread>1</thread>
  <message>End action : rowText = &amp;quot;&amp;quot;</message>
  <nestedLevel>3</nestedLevel>
  <escapedJava>false</escapedJava>
</record>
<record>
  <date>2026-01-27T10:56:33.499751300Z</date>
  <millis>1769511393499</millis>
  <nanos>751300</nanos>
  <sequence>738</sequence>
  <level>START</level>
  <class>com.kms.katalon.core.logging.XmlKeywordLogger</class>
  <method>startKeyword</method>
  <thread>1</thread>
  <message>Start action : for (org.openqa.selenium.WebElement col : cols)</message>
  <nestedLevel>3</nestedLevel>
  <escapedJava>false</escapedJava>
  <property name="startLine">51</property>
  <property name="stepIndex">4</property>
</record>
<record>
  <date>2026-01-27T10:56:33.499751300Z</date>
  <millis>1769511393499</millis>
  <nanos>751300</nanos>
  <sequence>739</sequence>
  <level>START</level>
  <class>com.kms.katalon.core.logging.XmlKeywordLogger</class>
  <method>startKeyword</method>
  <thread>1</thread>
  <message>Start action : rowText += col.getText() + &amp;quot; | &amp;quot;</message>
  <nestedLevel>4</nestedLevel>
  <escapedJava>false</escapedJava>
  <property name="startLine">52</property>
  <property name="stepIndex">1</property>
</record>
<record>
  <date>2026-01-27T10:56:33.517220700Z</date>
  <millis>1769511393517</millis>
  <nanos>220700</nanos>
  <sequence>740</sequence>
  <level>END</level>
  <class>com.kms.katalon.core.logging.XmlKeywordLogger</class>
  <method>endKeyword</method>
  <thread>1</thread>
  <message>End action : rowText += col.getText() + &amp;quot; | &amp;quot;</message>
  <nestedLevel>4</nestedLevel>
  <escapedJava>false</escapedJava>
</record>
<record>
  <date>2026-01-27T10:56:33.517220700Z</date>
  <millis>1769511393517</millis>
  <nanos>220700</nanos>
  <sequence>741</sequence>
  <level>START</level>
  <class>com.kms.katalon.core.logging.XmlKeywordLogger</class>
  <method>startKeyword</method>
  <thread>1</thread>
  <message>Start action : rowText += col.getText() + &amp;quot; | &amp;quot;</message>
  <nestedLevel>4</nestedLevel>
  <escapedJava>false</escapedJava>
  <property name="startLine">52</property>
  <property name="stepIndex">1</property>
</record>
<record>
  <date>2026-01-27T10:56:33.532705Z</date>
  <millis>1769511393532</millis>
  <nanos>705000</nanos>
  <sequence>742</sequence>
  <level>END</level>
  <class>com.kms.katalon.core.logging.XmlKeywordLogger</class>
  <method>endKeyword</method>
  <thread>1</thread>
  <message>End action : rowText += col.getText() + &amp;quot; | &amp;quot;</message>
  <nestedLevel>4</nestedLevel>
  <escapedJava>false</escapedJava>
</record>
<record>
  <date>2026-01-27T10:56:33.532705Z</date>
  <millis>1769511393532</millis>
  <nanos>705000</nanos>
  <sequence>743</sequence>
  <level>START</level>
  <class>com.kms.katalon.core.logging.XmlKeywordLogger</class>
  <method>startKeyword</method>
  <thread>1</thread>
  <message>Start action : rowText += col.getText() + &amp;quot; | &amp;quot;</message>
  <nestedLevel>4</nestedLevel>
  <escapedJava>false</escapedJava>
  <property name="startLine">52</property>
  <property name="stepIndex">1</property>
</record>
<record>
  <date>2026-01-27T10:56:33.546383200Z</date>
  <millis>1769511393546</millis>
  <nanos>383200</nanos>
  <sequence>744</sequence>
  <level>END</level>
  <class>com.kms.katalon.core.logging.XmlKeywordLogger</class>
  <method>endKeyword</method>
  <thread>1</thread>
  <message>End action : rowText += col.getText() + &amp;quot; | &amp;quot;</message>
  <nestedLevel>4</nestedLevel>
  <escapedJava>false</escapedJava>
</record>
<record>
  <date>2026-01-27T10:56:33.547380900Z</date>
  <millis>1769511393547</millis>
  <nanos>380900</nanos>
  <sequence>745</sequence>
  <level>START</level>
  <class>com.kms.katalon.core.logging.XmlKeywordLogger</class>
  <method>startKeyword</method>
  <thread>1</thread>
  <message>Start action : rowText += col.getText() + &amp;quot; | &amp;quot;</message>
  <nestedLevel>4</nestedLevel>
  <escapedJava>false</escapedJava>
  <property name="startLine">52</property>
  <property name="stepIndex">1</property>
</record>
<record>
  <date>2026-01-27T10:56:33.558640900Z</date>
  <millis>1769511393558</millis>
  <nanos>640900</nanos>
  <sequence>746</sequence>
  <level>END</level>
  <class>com.kms.katalon.core.logging.XmlKeywordLogger</class>
  <method>endKeyword</method>
  <thread>1</thread>
  <message>End action : rowText += col.getText() + &amp;quot; | &amp;quot;</message>
  <nestedLevel>4</nestedLevel>
  <escapedJava>false</escapedJava>
</record>
<record>
  <date>2026-01-27T10:56:33.559641600Z</date>
  <millis>1769511393559</millis>
  <nanos>641600</nanos>
  <sequence>747</sequence>
  <level>START</level>
  <class>com.kms.katalon.core.logging.XmlKeywordLogger</class>
  <method>startKeyword</method>
  <thread>1</thread>
  <message>Start action : rowText += col.getText() + &amp;quot; | &amp;quot;</message>
  <nestedLevel>4</nestedLevel>
  <escapedJava>false</escapedJava>
  <property name="startLine">52</property>
  <property name="stepIndex">1</property>
</record>
<record>
  <date>2026-01-27T10:56:33.571609900Z</date>
  <millis>1769511393571</millis>
  <nanos>609900</nanos>
  <sequence>748</sequence>
  <level>END</level>
  <class>com.kms.katalon.core.logging.XmlKeywordLogger</class>
  <method>endKeyword</method>
  <thread>1</thread>
  <message>End action : rowText += col.getText() + &amp;quot; | &amp;quot;</message>
  <nestedLevel>4</nestedLevel>
  <escapedJava>false</escapedJava>
</record>
<record>
  <date>2026-01-27T10:56:33.571609900Z</date>
  <millis>1769511393571</millis>
  <nanos>609900</nanos>
  <sequence>749</sequence>
  <level>START</level>
  <class>com.kms.katalon.core.logging.XmlKeywordLogger</class>
  <method>startKeyword</method>
  <thread>1</thread>
  <message>Start action : rowText += col.getText() + &amp;quot; | &amp;quot;</message>
  <nestedLevel>4</nestedLevel>
  <escapedJava>false</escapedJava>
  <property name="startLine">52</property>
  <property name="stepIndex">1</property>
</record>
<record>
  <date>2026-01-27T10:56:33.582844700Z</date>
  <millis>1769511393582</millis>
  <nanos>844700</nanos>
  <sequence>750</sequence>
  <level>END</level>
  <class>com.kms.katalon.core.logging.XmlKeywordLogger</class>
  <method>endKeyword</method>
  <thread>1</thread>
  <message>End action : rowText += col.getText() + &amp;quot; | &amp;quot;</message>
  <nestedLevel>4</nestedLevel>
  <escapedJava>false</escapedJava>
</record>
<record>
  <date>2026-01-27T10:56:33.583843600Z</date>
  <millis>1769511393583</millis>
  <nanos>843600</nanos>
  <sequence>751</sequence>
  <level>START</level>
  <class>com.kms.katalon.core.logging.XmlKeywordLogger</class>
  <method>startKeyword</method>
  <thread>1</thread>
  <message>Start action : rowText += col.getText() + &amp;quot; | &amp;quot;</message>
  <nestedLevel>4</nestedLevel>
  <escapedJava>false</escapedJava>
  <property name="startLine">52</property>
  <property name="stepIndex">1</property>
</record>
<record>
  <date>2026-01-27T10:56:33.598046400Z</date>
  <millis>1769511393598</millis>
  <nanos>46400</nanos>
  <sequence>752</sequence>
  <level>END</level>
  <class>com.kms.katalon.core.logging.XmlKeywordLogger</class>
  <method>endKeyword</method>
  <thread>1</thread>
  <message>End action : rowText += col.getText() + &amp;quot; | &amp;quot;</message>
  <nestedLevel>4</nestedLevel>
  <escapedJava>false</escapedJava>
</record>
<record>
  <date>2026-01-27T10:56:33.598046400Z</date>
  <millis>1769511393598</millis>
  <nanos>46400</nanos>
  <sequence>753</sequence>
  <level>START</level>
  <class>com.kms.katalon.core.logging.XmlKeywordLogger</class>
  <method>startKeyword</method>
  <thread>1</thread>
  <message>Start action : rowText += col.getText() + &amp;quot; | &amp;quot;</message>
  <nestedLevel>4</nestedLevel>
  <escapedJava>false</escapedJava>
  <property name="startLine">52</property>
  <property name="stepIndex">1</property>
</record>
<record>
  <date>2026-01-27T10:56:33.607922500Z</date>
  <millis>1769511393607</millis>
  <nanos>922500</nanos>
  <sequence>754</sequence>
  <level>END</level>
  <class>com.kms.katalon.core.logging.XmlKeywordLogger</class>
  <method>endKeyword</method>
  <thread>1</thread>
  <message>End action : rowText += col.getText() + &amp;quot; | &amp;quot;</message>
  <nestedLevel>4</nestedLevel>
  <escapedJava>false</escapedJava>
</record>
<record>
  <date>2026-01-27T10:56:33.607922500Z</date>
  <millis>1769511393607</millis>
  <nanos>922500</nanos>
  <sequence>755</sequence>
  <level>END</level>
  <class>com.kms.katalon.core.logging.XmlKeywordLogger</class>
  <method>endKeyword</method>
  <thread>1</thread>
  <message>End action : for (org.openqa.selenium.WebElement col : cols)</message>
  <nestedLevel>3</nestedLevel>
  <escapedJava>false</escapedJava>
</record>
<record>
  <date>2026-01-27T10:56:33.609387200Z</date>
  <millis>1769511393609</millis>
  <nanos>387200</nanos>
  <sequence>756</sequence>
  <level>START</level>
  <class>com.kms.katalon.core.logging.XmlKeywordLogger</class>
  <method>startKeyword</method>
  <thread>1</thread>
  <message>Start action : logInfo(&amp;quot;Row &amp;quot; + i + &amp;quot;: &amp;quot; + rowText)</message>
  <nestedLevel>3</nestedLevel>
  <escapedJava>false</escapedJava>
  <property name="startLine">55</property>
  <property name="stepIndex">5</property>
</record>
<record>
  <date>2026-01-27T10:56:33.609387200Z</date>
  <millis>1769511393609</millis>
  <nanos>387200</nanos>
  <sequence>757</sequence>
  <level>INFO</level>
  <class>com.kms.katalon.core.logging.XmlKeywordLogger</class>
  <method>logMessage</method>
  <thread>1</thread>
  <message>Row 18:  | 18 | MSSQL Server | 46.53h | 42 | 12352 | +2 | Development Tools | </message>
  <nestedLevel>1</nestedLevel>
  <escapedJava>false</escapedJava>
</record>
<record>
  <date>2026-01-27T10:56:33.610384800Z</date>
  <millis>1769511393610</millis>
  <nanos>384800</nanos>
  <sequence>758</sequence>
  <level>END</level>
  <class>com.kms.katalon.core.logging.XmlKeywordLogger</class>
  <method>endKeyword</method>
  <thread>1</thread>
  <message>End action : logInfo(&amp;quot;Row &amp;quot; + i + &amp;quot;: &amp;quot; + rowText)</message>
  <nestedLevel>3</nestedLevel>
  <escapedJava>false</escapedJava>
</record>
<record>
  <date>2026-01-27T10:56:33.610384800Z</date>
  <millis>1769511393610</millis>
  <nanos>384800</nanos>
  <sequence>759</sequence>
  <level>START</level>
  <class>com.kms.katalon.core.logging.XmlKeywordLogger</class>
  <method>startKeyword</method>
  <thread>1</thread>
  <message>Start action : cols = get(i).findElements(By.tagName(&amp;quot;td&amp;quot;))</message>
  <nestedLevel>3</nestedLevel>
  <escapedJava>false</escapedJava>
  <property name="startLine">42</property>
  <property name="stepIndex">1</property>
</record>
<record>
  <date>2026-01-27T10:56:33.879036700Z</date>
  <millis>1769511393879</millis>
  <nanos>36700</nanos>
  <sequence>760</sequence>
  <level>END</level>
  <class>com.kms.katalon.core.logging.XmlKeywordLogger</class>
  <method>endKeyword</method>
  <thread>1</thread>
  <message>End action : cols = get(i).findElements(By.tagName(&amp;quot;td&amp;quot;))</message>
  <nestedLevel>3</nestedLevel>
  <escapedJava>false</escapedJava>
</record>
<record>
  <date>2026-01-27T10:56:33.879036700Z</date>
  <millis>1769511393879</millis>
  <nanos>36700</nanos>
  <sequence>761</sequence>
  <level>START</level>
  <class>com.kms.katalon.core.logging.XmlKeywordLogger</class>
  <method>startKeyword</method>
  <thread>1</thread>
  <message>Start action : if (cols.size() == 0)</message>
  <nestedLevel>3</nestedLevel>
  <escapedJava>false</escapedJava>
  <property name="startLine">45</property>
  <property name="stepIndex">2</property>
</record>
<record>
  <date>2026-01-27T10:56:33.880033300Z</date>
  <millis>1769511393880</millis>
  <nanos>33300</nanos>
  <sequence>762</sequence>
  <level>END</level>
  <class>com.kms.katalon.core.logging.XmlKeywordLogger</class>
  <method>endKeyword</method>
  <thread>1</thread>
  <message>End action : if (cols.size() == 0)</message>
  <nestedLevel>3</nestedLevel>
  <escapedJava>false</escapedJava>
</record>
<record>
  <date>2026-01-27T10:56:33.880033300Z</date>
  <millis>1769511393880</millis>
  <nanos>33300</nanos>
  <sequence>763</sequence>
  <level>START</level>
  <class>com.kms.katalon.core.logging.XmlKeywordLogger</class>
  <method>startKeyword</method>
  <thread>1</thread>
  <message>Start action : rowText = &amp;quot;&amp;quot;</message>
  <nestedLevel>3</nestedLevel>
  <escapedJava>false</escapedJava>
  <property name="startLine">49</property>
  <property name="stepIndex">3</property>
</record>
<record>
  <date>2026-01-27T10:56:33.882027900Z</date>
  <millis>1769511393882</millis>
  <nanos>27900</nanos>
  <sequence>764</sequence>
  <level>END</level>
  <class>com.kms.katalon.core.logging.XmlKeywordLogger</class>
  <method>endKeyword</method>
  <thread>1</thread>
  <message>End action : rowText = &amp;quot;&amp;quot;</message>
  <nestedLevel>3</nestedLevel>
  <escapedJava>false</escapedJava>
</record>
<record>
  <date>2026-01-27T10:56:33.882027900Z</date>
  <millis>1769511393882</millis>
  <nanos>27900</nanos>
  <sequence>765</sequence>
  <level>START</level>
  <class>com.kms.katalon.core.logging.XmlKeywordLogger</class>
  <method>startKeyword</method>
  <thread>1</thread>
  <message>Start action : for (org.openqa.selenium.WebElement col : cols)</message>
  <nestedLevel>3</nestedLevel>
  <escapedJava>false</escapedJava>
  <property name="startLine">51</property>
  <property name="stepIndex">4</property>
</record>
<record>
  <date>2026-01-27T10:56:33.883025500Z</date>
  <millis>1769511393883</millis>
  <nanos>25500</nanos>
  <sequence>766</sequence>
  <level>START</level>
  <class>com.kms.katalon.core.logging.XmlKeywordLogger</class>
  <method>startKeyword</method>
  <thread>1</thread>
  <message>Start action : rowText += col.getText() + &amp;quot; | &amp;quot;</message>
  <nestedLevel>4</nestedLevel>
  <escapedJava>false</escapedJava>
  <property name="startLine">52</property>
  <property name="stepIndex">1</property>
</record>
<record>
  <date>2026-01-27T10:56:33.911459700Z</date>
  <millis>1769511393911</millis>
  <nanos>459700</nanos>
  <sequence>767</sequence>
  <level>END</level>
  <class>com.kms.katalon.core.logging.XmlKeywordLogger</class>
  <method>endKeyword</method>
  <thread>1</thread>
  <message>End action : rowText += col.getText() + &amp;quot; | &amp;quot;</message>
  <nestedLevel>4</nestedLevel>
  <escapedJava>false</escapedJava>
</record>
<record>
  <date>2026-01-27T10:56:33.911459700Z</date>
  <millis>1769511393911</millis>
  <nanos>459700</nanos>
  <sequence>768</sequence>
  <level>START</level>
  <class>com.kms.katalon.core.logging.XmlKeywordLogger</class>
  <method>startKeyword</method>
  <thread>1</thread>
  <message>Start action : rowText += col.getText() + &amp;quot; | &amp;quot;</message>
  <nestedLevel>4</nestedLevel>
  <escapedJava>false</escapedJava>
  <property name="startLine">52</property>
  <property name="stepIndex">1</property>
</record>
<record>
  <date>2026-01-27T10:56:33.940890100Z</date>
  <millis>1769511393940</millis>
  <nanos>890100</nanos>
  <sequence>769</sequence>
  <level>END</level>
  <class>com.kms.katalon.core.logging.XmlKeywordLogger</class>
  <method>endKeyword</method>
  <thread>1</thread>
  <message>End action : rowText += col.getText() + &amp;quot; | &amp;quot;</message>
  <nestedLevel>4</nestedLevel>
  <escapedJava>false</escapedJava>
</record>
<record>
  <date>2026-01-27T10:56:33.940890100Z</date>
  <millis>1769511393940</millis>
  <nanos>890100</nanos>
  <sequence>770</sequence>
  <level>START</level>
  <class>com.kms.katalon.core.logging.XmlKeywordLogger</class>
  <method>startKeyword</method>
  <thread>1</thread>
  <message>Start action : rowText += col.getText() + &amp;quot; | &amp;quot;</message>
  <nestedLevel>4</nestedLevel>
  <escapedJava>false</escapedJava>
  <property name="startLine">52</property>
  <property name="stepIndex">1</property>
</record>
<record>
  <date>2026-01-27T10:56:33.957837700Z</date>
  <millis>1769511393957</millis>
  <nanos>837700</nanos>
  <sequence>771</sequence>
  <level>END</level>
  <class>com.kms.katalon.core.logging.XmlKeywordLogger</class>
  <method>endKeyword</method>
  <thread>1</thread>
  <message>End action : rowText += col.getText() + &amp;quot; | &amp;quot;</message>
  <nestedLevel>4</nestedLevel>
  <escapedJava>false</escapedJava>
</record>
<record>
  <date>2026-01-27T10:56:33.958870600Z</date>
  <millis>1769511393958</millis>
  <nanos>870600</nanos>
  <sequence>772</sequence>
  <level>START</level>
  <class>com.kms.katalon.core.logging.XmlKeywordLogger</class>
  <method>startKeyword</method>
  <thread>1</thread>
  <message>Start action : rowText += col.getText() + &amp;quot; | &amp;quot;</message>
  <nestedLevel>4</nestedLevel>
  <escapedJava>false</escapedJava>
  <property name="startLine">52</property>
  <property name="stepIndex">1</property>
</record>
<record>
  <date>2026-01-27T10:56:33.968548800Z</date>
  <millis>1769511393968</millis>
  <nanos>548800</nanos>
  <sequence>773</sequence>
  <level>END</level>
  <class>com.kms.katalon.core.logging.XmlKeywordLogger</class>
  <method>endKeyword</method>
  <thread>1</thread>
  <message>End action : rowText += col.getText() + &amp;quot; | &amp;quot;</message>
  <nestedLevel>4</nestedLevel>
  <escapedJava>false</escapedJava>
</record>
<record>
  <date>2026-01-27T10:56:33.969761300Z</date>
  <millis>1769511393969</millis>
  <nanos>761300</nanos>
  <sequence>774</sequence>
  <level>START</level>
  <class>com.kms.katalon.core.logging.XmlKeywordLogger</class>
  <method>startKeyword</method>
  <thread>1</thread>
  <message>Start action : rowText += col.getText() + &amp;quot; | &amp;quot;</message>
  <nestedLevel>4</nestedLevel>
  <escapedJava>false</escapedJava>
  <property name="startLine">52</property>
  <property name="stepIndex">1</property>
</record>
<record>
  <date>2026-01-27T10:56:33.982401600Z</date>
  <millis>1769511393982</millis>
  <nanos>401600</nanos>
  <sequence>775</sequence>
  <level>END</level>
  <class>com.kms.katalon.core.logging.XmlKeywordLogger</class>
  <method>endKeyword</method>
  <thread>1</thread>
  <message>End action : rowText += col.getText() + &amp;quot; | &amp;quot;</message>
  <nestedLevel>4</nestedLevel>
  <escapedJava>false</escapedJava>
</record>
<record>
  <date>2026-01-27T10:56:33.982401600Z</date>
  <millis>1769511393982</millis>
  <nanos>401600</nanos>
  <sequence>776</sequence>
  <level>START</level>
  <class>com.kms.katalon.core.logging.XmlKeywordLogger</class>
  <method>startKeyword</method>
  <thread>1</thread>
  <message>Start action : rowText += col.getText() + &amp;quot; | &amp;quot;</message>
  <nestedLevel>4</nestedLevel>
  <escapedJava>false</escapedJava>
  <property name="startLine">52</property>
  <property name="stepIndex">1</property>
</record>
<record>
  <date>2026-01-27T10:56:33.995846200Z</date>
  <millis>1769511393995</millis>
  <nanos>846200</nanos>
  <sequence>777</sequence>
  <level>END</level>
  <class>com.kms.katalon.core.logging.XmlKeywordLogger</class>
  <method>endKeyword</method>
  <thread>1</thread>
  <message>End action : rowText += col.getText() + &amp;quot; | &amp;quot;</message>
  <nestedLevel>4</nestedLevel>
  <escapedJava>false</escapedJava>
</record>
<record>
  <date>2026-01-27T10:56:33.995846200Z</date>
  <millis>1769511393995</millis>
  <nanos>846200</nanos>
  <sequence>778</sequence>
  <level>START</level>
  <class>com.kms.katalon.core.logging.XmlKeywordLogger</class>
  <method>startKeyword</method>
  <thread>1</thread>
  <message>Start action : rowText += col.getText() + &amp;quot; | &amp;quot;</message>
  <nestedLevel>4</nestedLevel>
  <escapedJava>false</escapedJava>
  <property name="startLine">52</property>
  <property name="stepIndex">1</property>
</record>
<record>
  <date>2026-01-27T10:56:34.008517600Z</date>
  <millis>1769511394008</millis>
  <nanos>517600</nanos>
  <sequence>779</sequence>
  <level>END</level>
  <class>com.kms.katalon.core.logging.XmlKeywordLogger</class>
  <method>endKeyword</method>
  <thread>1</thread>
  <message>End action : rowText += col.getText() + &amp;quot; | &amp;quot;</message>
  <nestedLevel>4</nestedLevel>
  <escapedJava>false</escapedJava>
</record>
<record>
  <date>2026-01-27T10:56:34.009521900Z</date>
  <millis>1769511394009</millis>
  <nanos>521900</nanos>
  <sequence>780</sequence>
  <level>START</level>
  <class>com.kms.katalon.core.logging.XmlKeywordLogger</class>
  <method>startKeyword</method>
  <thread>1</thread>
  <message>Start action : rowText += col.getText() + &amp;quot; | &amp;quot;</message>
  <nestedLevel>4</nestedLevel>
  <escapedJava>false</escapedJava>
  <property name="startLine">52</property>
  <property name="stepIndex">1</property>
</record>
<record>
  <date>2026-01-27T10:56:34.022226100Z</date>
  <millis>1769511394022</millis>
  <nanos>226100</nanos>
  <sequence>781</sequence>
  <level>END</level>
  <class>com.kms.katalon.core.logging.XmlKeywordLogger</class>
  <method>endKeyword</method>
  <thread>1</thread>
  <message>End action : rowText += col.getText() + &amp;quot; | &amp;quot;</message>
  <nestedLevel>4</nestedLevel>
  <escapedJava>false</escapedJava>
</record>
<record>
  <date>2026-01-27T10:56:34.023670800Z</date>
  <millis>1769511394023</millis>
  <nanos>670800</nanos>
  <sequence>782</sequence>
  <level>END</level>
  <class>com.kms.katalon.core.logging.XmlKeywordLogger</class>
  <method>endKeyword</method>
  <thread>1</thread>
  <message>End action : for (org.openqa.selenium.WebElement col : cols)</message>
  <nestedLevel>3</nestedLevel>
  <escapedJava>false</escapedJava>
</record>
<record>
  <date>2026-01-27T10:56:34.023670800Z</date>
  <millis>1769511394023</millis>
  <nanos>670800</nanos>
  <sequence>783</sequence>
  <level>START</level>
  <class>com.kms.katalon.core.logging.XmlKeywordLogger</class>
  <method>startKeyword</method>
  <thread>1</thread>
  <message>Start action : logInfo(&amp;quot;Row &amp;quot; + i + &amp;quot;: &amp;quot; + rowText)</message>
  <nestedLevel>3</nestedLevel>
  <escapedJava>false</escapedJava>
  <property name="startLine">55</property>
  <property name="stepIndex">5</property>
</record>
<record>
  <date>2026-01-27T10:56:34.023670800Z</date>
  <millis>1769511394023</millis>
  <nanos>670800</nanos>
  <sequence>784</sequence>
  <level>INFO</level>
  <class>com.kms.katalon.core.logging.XmlKeywordLogger</class>
  <method>logMessage</method>
  <thread>1</thread>
  <message>Row 19:  | 19 | Advanced Rest Client | 36.44h | 30 | 9010 | +2 | Documentation Tools | </message>
  <nestedLevel>1</nestedLevel>
  <escapedJava>false</escapedJava>
</record>
<record>
  <date>2026-01-27T10:56:34.024703800Z</date>
  <millis>1769511394024</millis>
  <nanos>703800</nanos>
  <sequence>785</sequence>
  <level>END</level>
  <class>com.kms.katalon.core.logging.XmlKeywordLogger</class>
  <method>endKeyword</method>
  <thread>1</thread>
  <message>End action : logInfo(&amp;quot;Row &amp;quot; + i + &amp;quot;: &amp;quot; + rowText)</message>
  <nestedLevel>3</nestedLevel>
  <escapedJava>false</escapedJava>
</record>
<record>
  <date>2026-01-27T10:56:34.024703800Z</date>
  <millis>1769511394024</millis>
  <nanos>703800</nanos>
  <sequence>786</sequence>
  <level>START</level>
  <class>com.kms.katalon.core.logging.XmlKeywordLogger</class>
  <method>startKeyword</method>
  <thread>1</thread>
  <message>Start action : cols = get(i).findElements(By.tagName(&amp;quot;td&amp;quot;))</message>
  <nestedLevel>3</nestedLevel>
  <escapedJava>false</escapedJava>
  <property name="startLine">42</property>
  <property name="stepIndex">1</property>
</record>
<record>
  <date>2026-01-27T10:56:34.302609Z</date>
  <millis>1769511394302</millis>
  <nanos>609000</nanos>
  <sequence>787</sequence>
  <level>END</level>
  <class>com.kms.katalon.core.logging.XmlKeywordLogger</class>
  <method>endKeyword</method>
  <thread>1</thread>
  <message>End action : cols = get(i).findElements(By.tagName(&amp;quot;td&amp;quot;))</message>
  <nestedLevel>3</nestedLevel>
  <escapedJava>false</escapedJava>
</record>
<record>
  <date>2026-01-27T10:56:34.303611Z</date>
  <millis>1769511394303</millis>
  <nanos>611000</nanos>
  <sequence>788</sequence>
  <level>START</level>
  <class>com.kms.katalon.core.logging.XmlKeywordLogger</class>
  <method>startKeyword</method>
  <thread>1</thread>
  <message>Start action : if (cols.size() == 0)</message>
  <nestedLevel>3</nestedLevel>
  <escapedJava>false</escapedJava>
  <property name="startLine">45</property>
  <property name="stepIndex">2</property>
</record>
<record>
  <date>2026-01-27T10:56:34.304610800Z</date>
  <millis>1769511394304</millis>
  <nanos>610800</nanos>
  <sequence>789</sequence>
  <level>END</level>
  <class>com.kms.katalon.core.logging.XmlKeywordLogger</class>
  <method>endKeyword</method>
  <thread>1</thread>
  <message>End action : if (cols.size() == 0)</message>
  <nestedLevel>3</nestedLevel>
  <escapedJava>false</escapedJava>
</record>
<record>
  <date>2026-01-27T10:56:34.305119Z</date>
  <millis>1769511394305</millis>
  <nanos>119000</nanos>
  <sequence>790</sequence>
  <level>START</level>
  <class>com.kms.katalon.core.logging.XmlKeywordLogger</class>
  <method>startKeyword</method>
  <thread>1</thread>
  <message>Start action : rowText = &amp;quot;&amp;quot;</message>
  <nestedLevel>3</nestedLevel>
  <escapedJava>false</escapedJava>
  <property name="startLine">49</property>
  <property name="stepIndex">3</property>
</record>
<record>
  <date>2026-01-27T10:56:34.305119Z</date>
  <millis>1769511394305</millis>
  <nanos>119000</nanos>
  <sequence>791</sequence>
  <level>END</level>
  <class>com.kms.katalon.core.logging.XmlKeywordLogger</class>
  <method>endKeyword</method>
  <thread>1</thread>
  <message>End action : rowText = &amp;quot;&amp;quot;</message>
  <nestedLevel>3</nestedLevel>
  <escapedJava>false</escapedJava>
</record>
<record>
  <date>2026-01-27T10:56:34.306123200Z</date>
  <millis>1769511394306</millis>
  <nanos>123200</nanos>
  <sequence>792</sequence>
  <level>START</level>
  <class>com.kms.katalon.core.logging.XmlKeywordLogger</class>
  <method>startKeyword</method>
  <thread>1</thread>
  <message>Start action : for (org.openqa.selenium.WebElement col : cols)</message>
  <nestedLevel>3</nestedLevel>
  <escapedJava>false</escapedJava>
  <property name="startLine">51</property>
  <property name="stepIndex">4</property>
</record>
<record>
  <date>2026-01-27T10:56:34.307121800Z</date>
  <millis>1769511394307</millis>
  <nanos>121800</nanos>
  <sequence>793</sequence>
  <level>START</level>
  <class>com.kms.katalon.core.logging.XmlKeywordLogger</class>
  <method>startKeyword</method>
  <thread>1</thread>
  <message>Start action : rowText += col.getText() + &amp;quot; | &amp;quot;</message>
  <nestedLevel>4</nestedLevel>
  <escapedJava>false</escapedJava>
  <property name="startLine">52</property>
  <property name="stepIndex">1</property>
</record>
<record>
  <date>2026-01-27T10:56:34.333259600Z</date>
  <millis>1769511394333</millis>
  <nanos>259600</nanos>
  <sequence>794</sequence>
  <level>END</level>
  <class>com.kms.katalon.core.logging.XmlKeywordLogger</class>
  <method>endKeyword</method>
  <thread>1</thread>
  <message>End action : rowText += col.getText() + &amp;quot; | &amp;quot;</message>
  <nestedLevel>4</nestedLevel>
  <escapedJava>false</escapedJava>
</record>
<record>
  <date>2026-01-27T10:56:34.333259600Z</date>
  <millis>1769511394333</millis>
  <nanos>259600</nanos>
  <sequence>795</sequence>
  <level>START</level>
  <class>com.kms.katalon.core.logging.XmlKeywordLogger</class>
  <method>startKeyword</method>
  <thread>1</thread>
  <message>Start action : rowText += col.getText() + &amp;quot; | &amp;quot;</message>
  <nestedLevel>4</nestedLevel>
  <escapedJava>false</escapedJava>
  <property name="startLine">52</property>
  <property name="stepIndex">1</property>
</record>
<record>
  <date>2026-01-27T10:56:34.352573Z</date>
  <millis>1769511394352</millis>
  <nanos>573000</nanos>
  <sequence>796</sequence>
  <level>END</level>
  <class>com.kms.katalon.core.logging.XmlKeywordLogger</class>
  <method>endKeyword</method>
  <thread>1</thread>
  <message>End action : rowText += col.getText() + &amp;quot; | &amp;quot;</message>
  <nestedLevel>4</nestedLevel>
  <escapedJava>false</escapedJava>
</record>
<record>
  <date>2026-01-27T10:56:34.352573Z</date>
  <millis>1769511394352</millis>
  <nanos>573000</nanos>
  <sequence>797</sequence>
  <level>START</level>
  <class>com.kms.katalon.core.logging.XmlKeywordLogger</class>
  <method>startKeyword</method>
  <thread>1</thread>
  <message>Start action : rowText += col.getText() + &amp;quot; | &amp;quot;</message>
  <nestedLevel>4</nestedLevel>
  <escapedJava>false</escapedJava>
  <property name="startLine">52</property>
  <property name="stepIndex">1</property>
</record>
<record>
  <date>2026-01-27T10:56:34.367200300Z</date>
  <millis>1769511394367</millis>
  <nanos>200300</nanos>
  <sequence>798</sequence>
  <level>END</level>
  <class>com.kms.katalon.core.logging.XmlKeywordLogger</class>
  <method>endKeyword</method>
  <thread>1</thread>
  <message>End action : rowText += col.getText() + &amp;quot; | &amp;quot;</message>
  <nestedLevel>4</nestedLevel>
  <escapedJava>false</escapedJava>
</record>
<record>
  <date>2026-01-27T10:56:34.367200300Z</date>
  <millis>1769511394367</millis>
  <nanos>200300</nanos>
  <sequence>799</sequence>
  <level>START</level>
  <class>com.kms.katalon.core.logging.XmlKeywordLogger</class>
  <method>startKeyword</method>
  <thread>1</thread>
  <message>Start action : rowText += col.getText() + &amp;quot; | &amp;quot;</message>
  <nestedLevel>4</nestedLevel>
  <escapedJava>false</escapedJava>
  <property name="startLine">52</property>
  <property name="stepIndex">1</property>
</record>
<record>
  <date>2026-01-27T10:56:34.381451400Z</date>
  <millis>1769511394381</millis>
  <nanos>451400</nanos>
  <sequence>800</sequence>
  <level>END</level>
  <class>com.kms.katalon.core.logging.XmlKeywordLogger</class>
  <method>endKeyword</method>
  <thread>1</thread>
  <message>End action : rowText += col.getText() + &amp;quot; | &amp;quot;</message>
  <nestedLevel>4</nestedLevel>
  <escapedJava>false</escapedJava>
</record>
<record>
  <date>2026-01-27T10:56:34.381451400Z</date>
  <millis>1769511394381</millis>
  <nanos>451400</nanos>
  <sequence>801</sequence>
  <level>START</level>
  <class>com.kms.katalon.core.logging.XmlKeywordLogger</class>
  <method>startKeyword</method>
  <thread>1</thread>
  <message>Start action : rowText += col.getText() + &amp;quot; | &amp;quot;</message>
  <nestedLevel>4</nestedLevel>
  <escapedJava>false</escapedJava>
  <property name="startLine">52</property>
  <property name="stepIndex">1</property>
</record>
<record>
  <date>2026-01-27T10:56:34.396718300Z</date>
  <millis>1769511394396</millis>
  <nanos>718300</nanos>
  <sequence>802</sequence>
  <level>END</level>
  <class>com.kms.katalon.core.logging.XmlKeywordLogger</class>
  <method>endKeyword</method>
  <thread>1</thread>
  <message>End action : rowText += col.getText() + &amp;quot; | &amp;quot;</message>
  <nestedLevel>4</nestedLevel>
  <escapedJava>false</escapedJava>
</record>
<record>
  <date>2026-01-27T10:56:34.398034200Z</date>
  <millis>1769511394398</millis>
  <nanos>34200</nanos>
  <sequence>803</sequence>
  <level>START</level>
  <class>com.kms.katalon.core.logging.XmlKeywordLogger</class>
  <method>startKeyword</method>
  <thread>1</thread>
  <message>Start action : rowText += col.getText() + &amp;quot; | &amp;quot;</message>
  <nestedLevel>4</nestedLevel>
  <escapedJava>false</escapedJava>
  <property name="startLine">52</property>
  <property name="stepIndex">1</property>
</record>
<record>
  <date>2026-01-27T10:56:34.413506900Z</date>
  <millis>1769511394413</millis>
  <nanos>506900</nanos>
  <sequence>804</sequence>
  <level>END</level>
  <class>com.kms.katalon.core.logging.XmlKeywordLogger</class>
  <method>endKeyword</method>
  <thread>1</thread>
  <message>End action : rowText += col.getText() + &amp;quot; | &amp;quot;</message>
  <nestedLevel>4</nestedLevel>
  <escapedJava>false</escapedJava>
</record>
<record>
  <date>2026-01-27T10:56:34.413506900Z</date>
  <millis>1769511394413</millis>
  <nanos>506900</nanos>
  <sequence>805</sequence>
  <level>START</level>
  <class>com.kms.katalon.core.logging.XmlKeywordLogger</class>
  <method>startKeyword</method>
  <thread>1</thread>
  <message>Start action : rowText += col.getText() + &amp;quot; | &amp;quot;</message>
  <nestedLevel>4</nestedLevel>
  <escapedJava>false</escapedJava>
  <property name="startLine">52</property>
  <property name="stepIndex">1</property>
</record>
<record>
  <date>2026-01-27T10:56:34.427469600Z</date>
  <millis>1769511394427</millis>
  <nanos>469600</nanos>
  <sequence>806</sequence>
  <level>END</level>
  <class>com.kms.katalon.core.logging.XmlKeywordLogger</class>
  <method>endKeyword</method>
  <thread>1</thread>
  <message>End action : rowText += col.getText() + &amp;quot; | &amp;quot;</message>
  <nestedLevel>4</nestedLevel>
  <escapedJava>false</escapedJava>
</record>
<record>
  <date>2026-01-27T10:56:34.427469600Z</date>
  <millis>1769511394427</millis>
  <nanos>469600</nanos>
  <sequence>807</sequence>
  <level>START</level>
  <class>com.kms.katalon.core.logging.XmlKeywordLogger</class>
  <method>startKeyword</method>
  <thread>1</thread>
  <message>Start action : rowText += col.getText() + &amp;quot; | &amp;quot;</message>
  <nestedLevel>4</nestedLevel>
  <escapedJava>false</escapedJava>
  <property name="startLine">52</property>
  <property name="stepIndex">1</property>
</record>
<record>
  <date>2026-01-27T10:56:34.438439600Z</date>
  <millis>1769511394438</millis>
  <nanos>439600</nanos>
  <sequence>808</sequence>
  <level>END</level>
  <class>com.kms.katalon.core.logging.XmlKeywordLogger</class>
  <method>endKeyword</method>
  <thread>1</thread>
  <message>End action : rowText += col.getText() + &amp;quot; | &amp;quot;</message>
  <nestedLevel>4</nestedLevel>
  <escapedJava>false</escapedJava>
</record>
<record>
  <date>2026-01-27T10:56:34.439437800Z</date>
  <millis>1769511394439</millis>
  <nanos>437800</nanos>
  <sequence>809</sequence>
  <level>END</level>
  <class>com.kms.katalon.core.logging.XmlKeywordLogger</class>
  <method>endKeyword</method>
  <thread>1</thread>
  <message>End action : for (org.openqa.selenium.WebElement col : cols)</message>
  <nestedLevel>3</nestedLevel>
  <escapedJava>false</escapedJava>
</record>
<record>
  <date>2026-01-27T10:56:34.440436800Z</date>
  <millis>1769511394440</millis>
  <nanos>436800</nanos>
  <sequence>810</sequence>
  <level>START</level>
  <class>com.kms.katalon.core.logging.XmlKeywordLogger</class>
  <method>startKeyword</method>
  <thread>1</thread>
  <message>Start action : logInfo(&amp;quot;Row &amp;quot; + i + &amp;quot;: &amp;quot; + rowText)</message>
  <nestedLevel>3</nestedLevel>
  <escapedJava>false</escapedJava>
  <property name="startLine">55</property>
  <property name="stepIndex">5</property>
</record>
<record>
  <date>2026-01-27T10:56:34.440436800Z</date>
  <millis>1769511394440</millis>
  <nanos>436800</nanos>
  <sequence>811</sequence>
  <level>INFO</level>
  <class>com.kms.katalon.core.logging.XmlKeywordLogger</class>
  <method>logMessage</method>
  <thread>1</thread>
  <message>Row 20:  | 20 | General Web Browsing | 36.13h | 51 | 12572 | 0 | Documentation Tools | </message>
  <nestedLevel>1</nestedLevel>
  <escapedJava>false</escapedJava>
</record>
<record>
  <date>2026-01-27T10:56:34.441432900Z</date>
  <millis>1769511394441</millis>
  <nanos>432900</nanos>
  <sequence>812</sequence>
  <level>END</level>
  <class>com.kms.katalon.core.logging.XmlKeywordLogger</class>
  <method>endKeyword</method>
  <thread>1</thread>
  <message>End action : logInfo(&amp;quot;Row &amp;quot; + i + &amp;quot;: &amp;quot; + rowText)</message>
  <nestedLevel>3</nestedLevel>
  <escapedJava>false</escapedJava>
</record>
<record>
  <date>2026-01-27T10:56:34.441432900Z</date>
  <millis>1769511394441</millis>
  <nanos>432900</nanos>
  <sequence>813</sequence>
  <level>START</level>
  <class>com.kms.katalon.core.logging.XmlKeywordLogger</class>
  <method>startKeyword</method>
  <thread>1</thread>
  <message>Start action : cols = get(i).findElements(By.tagName(&amp;quot;td&amp;quot;))</message>
  <nestedLevel>3</nestedLevel>
  <escapedJava>false</escapedJava>
  <property name="startLine">42</property>
  <property name="stepIndex">1</property>
</record>
<record>
  <date>2026-01-27T10:56:34.721145900Z</date>
  <millis>1769511394721</millis>
  <nanos>145900</nanos>
  <sequence>814</sequence>
  <level>END</level>
  <class>com.kms.katalon.core.logging.XmlKeywordLogger</class>
  <method>endKeyword</method>
  <thread>1</thread>
  <message>End action : cols = get(i).findElements(By.tagName(&amp;quot;td&amp;quot;))</message>
  <nestedLevel>3</nestedLevel>
  <escapedJava>false</escapedJava>
</record>
<record>
  <date>2026-01-27T10:56:34.721145900Z</date>
  <millis>1769511394721</millis>
  <nanos>145900</nanos>
  <sequence>815</sequence>
  <level>START</level>
  <class>com.kms.katalon.core.logging.XmlKeywordLogger</class>
  <method>startKeyword</method>
  <thread>1</thread>
  <message>Start action : if (cols.size() == 0)</message>
  <nestedLevel>3</nestedLevel>
  <escapedJava>false</escapedJava>
  <property name="startLine">45</property>
  <property name="stepIndex">2</property>
</record>
<record>
  <date>2026-01-27T10:56:34.722181700Z</date>
  <millis>1769511394722</millis>
  <nanos>181700</nanos>
  <sequence>816</sequence>
  <level>END</level>
  <class>com.kms.katalon.core.logging.XmlKeywordLogger</class>
  <method>endKeyword</method>
  <thread>1</thread>
  <message>End action : if (cols.size() == 0)</message>
  <nestedLevel>3</nestedLevel>
  <escapedJava>false</escapedJava>
</record>
<record>
  <date>2026-01-27T10:56:34.722181700Z</date>
  <millis>1769511394722</millis>
  <nanos>181700</nanos>
  <sequence>817</sequence>
  <level>START</level>
  <class>com.kms.katalon.core.logging.XmlKeywordLogger</class>
  <method>startKeyword</method>
  <thread>1</thread>
  <message>Start action : rowText = &amp;quot;&amp;quot;</message>
  <nestedLevel>3</nestedLevel>
  <escapedJava>false</escapedJava>
  <property name="startLine">49</property>
  <property name="stepIndex">3</property>
</record>
<record>
  <date>2026-01-27T10:56:34.723189900Z</date>
  <millis>1769511394723</millis>
  <nanos>189900</nanos>
  <sequence>818</sequence>
  <level>END</level>
  <class>com.kms.katalon.core.logging.XmlKeywordLogger</class>
  <method>endKeyword</method>
  <thread>1</thread>
  <message>End action : rowText = &amp;quot;&amp;quot;</message>
  <nestedLevel>3</nestedLevel>
  <escapedJava>false</escapedJava>
</record>
<record>
  <date>2026-01-27T10:56:34.723189900Z</date>
  <millis>1769511394723</millis>
  <nanos>189900</nanos>
  <sequence>819</sequence>
  <level>START</level>
  <class>com.kms.katalon.core.logging.XmlKeywordLogger</class>
  <method>startKeyword</method>
  <thread>1</thread>
  <message>Start action : for (org.openqa.selenium.WebElement col : cols)</message>
  <nestedLevel>3</nestedLevel>
  <escapedJava>false</escapedJava>
  <property name="startLine">51</property>
  <property name="stepIndex">4</property>
</record>
<record>
  <date>2026-01-27T10:56:34.724569Z</date>
  <millis>1769511394724</millis>
  <nanos>569000</nanos>
  <sequence>820</sequence>
  <level>START</level>
  <class>com.kms.katalon.core.logging.XmlKeywordLogger</class>
  <method>startKeyword</method>
  <thread>1</thread>
  <message>Start action : rowText += col.getText() + &amp;quot; | &amp;quot;</message>
  <nestedLevel>4</nestedLevel>
  <escapedJava>false</escapedJava>
  <property name="startLine">52</property>
  <property name="stepIndex">1</property>
</record>
<record>
  <date>2026-01-27T10:56:34.752551200Z</date>
  <millis>1769511394752</millis>
  <nanos>551200</nanos>
  <sequence>821</sequence>
  <level>END</level>
  <class>com.kms.katalon.core.logging.XmlKeywordLogger</class>
  <method>endKeyword</method>
  <thread>1</thread>
  <message>End action : rowText += col.getText() + &amp;quot; | &amp;quot;</message>
  <nestedLevel>4</nestedLevel>
  <escapedJava>false</escapedJava>
</record>
<record>
  <date>2026-01-27T10:56:34.753549300Z</date>
  <millis>1769511394753</millis>
  <nanos>549300</nanos>
  <sequence>822</sequence>
  <level>START</level>
  <class>com.kms.katalon.core.logging.XmlKeywordLogger</class>
  <method>startKeyword</method>
  <thread>1</thread>
  <message>Start action : rowText += col.getText() + &amp;quot; | &amp;quot;</message>
  <nestedLevel>4</nestedLevel>
  <escapedJava>false</escapedJava>
  <property name="startLine">52</property>
  <property name="stepIndex">1</property>
</record>
<record>
  <date>2026-01-27T10:56:34.793550600Z</date>
  <millis>1769511394793</millis>
  <nanos>550600</nanos>
  <sequence>823</sequence>
  <level>END</level>
  <class>com.kms.katalon.core.logging.XmlKeywordLogger</class>
  <method>endKeyword</method>
  <thread>1</thread>
  <message>End action : rowText += col.getText() + &amp;quot; | &amp;quot;</message>
  <nestedLevel>4</nestedLevel>
  <escapedJava>false</escapedJava>
</record>
<record>
  <date>2026-01-27T10:56:34.793550600Z</date>
  <millis>1769511394793</millis>
  <nanos>550600</nanos>
  <sequence>824</sequence>
  <level>START</level>
  <class>com.kms.katalon.core.logging.XmlKeywordLogger</class>
  <method>startKeyword</method>
  <thread>1</thread>
  <message>Start action : rowText += col.getText() + &amp;quot; | &amp;quot;</message>
  <nestedLevel>4</nestedLevel>
  <escapedJava>false</escapedJava>
  <property name="startLine">52</property>
  <property name="stepIndex">1</property>
</record>
<record>
  <date>2026-01-27T10:56:34.806398300Z</date>
  <millis>1769511394806</millis>
  <nanos>398300</nanos>
  <sequence>825</sequence>
  <level>END</level>
  <class>com.kms.katalon.core.logging.XmlKeywordLogger</class>
  <method>endKeyword</method>
  <thread>1</thread>
  <message>End action : rowText += col.getText() + &amp;quot; | &amp;quot;</message>
  <nestedLevel>4</nestedLevel>
  <escapedJava>false</escapedJava>
</record>
<record>
  <date>2026-01-27T10:56:34.807471500Z</date>
  <millis>1769511394807</millis>
  <nanos>471500</nanos>
  <sequence>826</sequence>
  <level>START</level>
  <class>com.kms.katalon.core.logging.XmlKeywordLogger</class>
  <method>startKeyword</method>
  <thread>1</thread>
  <message>Start action : rowText += col.getText() + &amp;quot; | &amp;quot;</message>
  <nestedLevel>4</nestedLevel>
  <escapedJava>false</escapedJava>
  <property name="startLine">52</property>
  <property name="stepIndex">1</property>
</record>
<record>
  <date>2026-01-27T10:56:34.820904300Z</date>
  <millis>1769511394820</millis>
  <nanos>904300</nanos>
  <sequence>827</sequence>
  <level>END</level>
  <class>com.kms.katalon.core.logging.XmlKeywordLogger</class>
  <method>endKeyword</method>
  <thread>1</thread>
  <message>End action : rowText += col.getText() + &amp;quot; | &amp;quot;</message>
  <nestedLevel>4</nestedLevel>
  <escapedJava>false</escapedJava>
</record>
<record>
  <date>2026-01-27T10:56:34.820904300Z</date>
  <millis>1769511394820</millis>
  <nanos>904300</nanos>
  <sequence>828</sequence>
  <level>START</level>
  <class>com.kms.katalon.core.logging.XmlKeywordLogger</class>
  <method>startKeyword</method>
  <thread>1</thread>
  <message>Start action : rowText += col.getText() + &amp;quot; | &amp;quot;</message>
  <nestedLevel>4</nestedLevel>
  <escapedJava>false</escapedJava>
  <property name="startLine">52</property>
  <property name="stepIndex">1</property>
</record>
<record>
  <date>2026-01-27T10:56:34.831462900Z</date>
  <millis>1769511394831</millis>
  <nanos>462900</nanos>
  <sequence>829</sequence>
  <level>END</level>
  <class>com.kms.katalon.core.logging.XmlKeywordLogger</class>
  <method>endKeyword</method>
  <thread>1</thread>
  <message>End action : rowText += col.getText() + &amp;quot; | &amp;quot;</message>
  <nestedLevel>4</nestedLevel>
  <escapedJava>false</escapedJava>
</record>
<record>
  <date>2026-01-27T10:56:34.831462900Z</date>
  <millis>1769511394831</millis>
  <nanos>462900</nanos>
  <sequence>830</sequence>
  <level>START</level>
  <class>com.kms.katalon.core.logging.XmlKeywordLogger</class>
  <method>startKeyword</method>
  <thread>1</thread>
  <message>Start action : rowText += col.getText() + &amp;quot; | &amp;quot;</message>
  <nestedLevel>4</nestedLevel>
  <escapedJava>false</escapedJava>
  <property name="startLine">52</property>
  <property name="stepIndex">1</property>
</record>
<record>
  <date>2026-01-27T10:56:34.842705600Z</date>
  <millis>1769511394842</millis>
  <nanos>705600</nanos>
  <sequence>831</sequence>
  <level>END</level>
  <class>com.kms.katalon.core.logging.XmlKeywordLogger</class>
  <method>endKeyword</method>
  <thread>1</thread>
  <message>End action : rowText += col.getText() + &amp;quot; | &amp;quot;</message>
  <nestedLevel>4</nestedLevel>
  <escapedJava>false</escapedJava>
</record>
<record>
  <date>2026-01-27T10:56:34.843714200Z</date>
  <millis>1769511394843</millis>
  <nanos>714200</nanos>
  <sequence>832</sequence>
  <level>START</level>
  <class>com.kms.katalon.core.logging.XmlKeywordLogger</class>
  <method>startKeyword</method>
  <thread>1</thread>
  <message>Start action : rowText += col.getText() + &amp;quot; | &amp;quot;</message>
  <nestedLevel>4</nestedLevel>
  <escapedJava>false</escapedJava>
  <property name="startLine">52</property>
  <property name="stepIndex">1</property>
</record>
<record>
  <date>2026-01-27T10:56:34.854191900Z</date>
  <millis>1769511394854</millis>
  <nanos>191900</nanos>
  <sequence>833</sequence>
  <level>END</level>
  <class>com.kms.katalon.core.logging.XmlKeywordLogger</class>
  <method>endKeyword</method>
  <thread>1</thread>
  <message>End action : rowText += col.getText() + &amp;quot; | &amp;quot;</message>
  <nestedLevel>4</nestedLevel>
  <escapedJava>false</escapedJava>
</record>
<record>
  <date>2026-01-27T10:56:34.855251600Z</date>
  <millis>1769511394855</millis>
  <nanos>251600</nanos>
  <sequence>834</sequence>
  <level>START</level>
  <class>com.kms.katalon.core.logging.XmlKeywordLogger</class>
  <method>startKeyword</method>
  <thread>1</thread>
  <message>Start action : rowText += col.getText() + &amp;quot; | &amp;quot;</message>
  <nestedLevel>4</nestedLevel>
  <escapedJava>false</escapedJava>
  <property name="startLine">52</property>
  <property name="stepIndex">1</property>
</record>
<record>
  <date>2026-01-27T10:56:34.868135300Z</date>
  <millis>1769511394868</millis>
  <nanos>135300</nanos>
  <sequence>835</sequence>
  <level>END</level>
  <class>com.kms.katalon.core.logging.XmlKeywordLogger</class>
  <method>endKeyword</method>
  <thread>1</thread>
  <message>End action : rowText += col.getText() + &amp;quot; | &amp;quot;</message>
  <nestedLevel>4</nestedLevel>
  <escapedJava>false</escapedJava>
</record>
<record>
  <date>2026-01-27T10:56:34.868135300Z</date>
  <millis>1769511394868</millis>
  <nanos>135300</nanos>
  <sequence>836</sequence>
  <level>END</level>
  <class>com.kms.katalon.core.logging.XmlKeywordLogger</class>
  <method>endKeyword</method>
  <thread>1</thread>
  <message>End action : for (org.openqa.selenium.WebElement col : cols)</message>
  <nestedLevel>3</nestedLevel>
  <escapedJava>false</escapedJava>
</record>
<record>
  <date>2026-01-27T10:56:34.868135300Z</date>
  <millis>1769511394868</millis>
  <nanos>135300</nanos>
  <sequence>837</sequence>
  <level>START</level>
  <class>com.kms.katalon.core.logging.XmlKeywordLogger</class>
  <method>startKeyword</method>
  <thread>1</thread>
  <message>Start action : logInfo(&amp;quot;Row &amp;quot; + i + &amp;quot;: &amp;quot; + rowText)</message>
  <nestedLevel>3</nestedLevel>
  <escapedJava>false</escapedJava>
  <property name="startLine">55</property>
  <property name="stepIndex">5</property>
</record>
<record>
  <date>2026-01-27T10:56:34.868135300Z</date>
  <millis>1769511394868</millis>
  <nanos>135300</nanos>
  <sequence>838</sequence>
  <level>INFO</level>
  <class>com.kms.katalon.core.logging.XmlKeywordLogger</class>
  <method>logMessage</method>
  <thread>1</thread>
  <message>Row 21:  | 21 | License Portal | 25.09h | 49 | 6358 | +2 | Documentation Tools | </message>
  <nestedLevel>1</nestedLevel>
  <escapedJava>false</escapedJava>
</record>
<record>
  <date>2026-01-27T10:56:34.869159800Z</date>
  <millis>1769511394869</millis>
  <nanos>159800</nanos>
  <sequence>839</sequence>
  <level>END</level>
  <class>com.kms.katalon.core.logging.XmlKeywordLogger</class>
  <method>endKeyword</method>
  <thread>1</thread>
  <message>End action : logInfo(&amp;quot;Row &amp;quot; + i + &amp;quot;: &amp;quot; + rowText)</message>
  <nestedLevel>3</nestedLevel>
  <escapedJava>false</escapedJava>
</record>
<record>
  <date>2026-01-27T10:56:34.869159800Z</date>
  <millis>1769511394869</millis>
  <nanos>159800</nanos>
  <sequence>840</sequence>
  <level>START</level>
  <class>com.kms.katalon.core.logging.XmlKeywordLogger</class>
  <method>startKeyword</method>
  <thread>1</thread>
  <message>Start action : cols = get(i).findElements(By.tagName(&amp;quot;td&amp;quot;))</message>
  <nestedLevel>3</nestedLevel>
  <escapedJava>false</escapedJava>
  <property name="startLine">42</property>
  <property name="stepIndex">1</property>
</record>
<record>
  <date>2026-01-27T10:56:35.138848900Z</date>
  <millis>1769511395138</millis>
  <nanos>848900</nanos>
  <sequence>841</sequence>
  <level>END</level>
  <class>com.kms.katalon.core.logging.XmlKeywordLogger</class>
  <method>endKeyword</method>
  <thread>1</thread>
  <message>End action : cols = get(i).findElements(By.tagName(&amp;quot;td&amp;quot;))</message>
  <nestedLevel>3</nestedLevel>
  <escapedJava>false</escapedJava>
</record>
<record>
  <date>2026-01-27T10:56:35.140195400Z</date>
  <millis>1769511395140</millis>
  <nanos>195400</nanos>
  <sequence>842</sequence>
  <level>START</level>
  <class>com.kms.katalon.core.logging.XmlKeywordLogger</class>
  <method>startKeyword</method>
  <thread>1</thread>
  <message>Start action : if (cols.size() == 0)</message>
  <nestedLevel>3</nestedLevel>
  <escapedJava>false</escapedJava>
  <property name="startLine">45</property>
  <property name="stepIndex">2</property>
</record>
<record>
  <date>2026-01-27T10:56:35.140195400Z</date>
  <millis>1769511395140</millis>
  <nanos>195400</nanos>
  <sequence>843</sequence>
  <level>END</level>
  <class>com.kms.katalon.core.logging.XmlKeywordLogger</class>
  <method>endKeyword</method>
  <thread>1</thread>
  <message>End action : if (cols.size() == 0)</message>
  <nestedLevel>3</nestedLevel>
  <escapedJava>false</escapedJava>
</record>
<record>
  <date>2026-01-27T10:56:35.141340500Z</date>
  <millis>1769511395141</millis>
  <nanos>340500</nanos>
  <sequence>844</sequence>
  <level>START</level>
  <class>com.kms.katalon.core.logging.XmlKeywordLogger</class>
  <method>startKeyword</method>
  <thread>1</thread>
  <message>Start action : rowText = &amp;quot;&amp;quot;</message>
  <nestedLevel>3</nestedLevel>
  <escapedJava>false</escapedJava>
  <property name="startLine">49</property>
  <property name="stepIndex">3</property>
</record>
<record>
  <date>2026-01-27T10:56:35.141340500Z</date>
  <millis>1769511395141</millis>
  <nanos>340500</nanos>
  <sequence>845</sequence>
  <level>END</level>
  <class>com.kms.katalon.core.logging.XmlKeywordLogger</class>
  <method>endKeyword</method>
  <thread>1</thread>
  <message>End action : rowText = &amp;quot;&amp;quot;</message>
  <nestedLevel>3</nestedLevel>
  <escapedJava>false</escapedJava>
</record>
<record>
  <date>2026-01-27T10:56:35.142457700Z</date>
  <millis>1769511395142</millis>
  <nanos>457700</nanos>
  <sequence>846</sequence>
  <level>START</level>
  <class>com.kms.katalon.core.logging.XmlKeywordLogger</class>
  <method>startKeyword</method>
  <thread>1</thread>
  <message>Start action : for (org.openqa.selenium.WebElement col : cols)</message>
  <nestedLevel>3</nestedLevel>
  <escapedJava>false</escapedJava>
  <property name="startLine">51</property>
  <property name="stepIndex">4</property>
</record>
<record>
  <date>2026-01-27T10:56:35.142457700Z</date>
  <millis>1769511395142</millis>
  <nanos>457700</nanos>
  <sequence>847</sequence>
  <level>START</level>
  <class>com.kms.katalon.core.logging.XmlKeywordLogger</class>
  <method>startKeyword</method>
  <thread>1</thread>
  <message>Start action : rowText += col.getText() + &amp;quot; | &amp;quot;</message>
  <nestedLevel>4</nestedLevel>
  <escapedJava>false</escapedJava>
  <property name="startLine">52</property>
  <property name="stepIndex">1</property>
</record>
<record>
  <date>2026-01-27T10:56:35.167817800Z</date>
  <millis>1769511395167</millis>
  <nanos>817800</nanos>
  <sequence>848</sequence>
  <level>END</level>
  <class>com.kms.katalon.core.logging.XmlKeywordLogger</class>
  <method>endKeyword</method>
  <thread>1</thread>
  <message>End action : rowText += col.getText() + &amp;quot; | &amp;quot;</message>
  <nestedLevel>4</nestedLevel>
  <escapedJava>false</escapedJava>
</record>
<record>
  <date>2026-01-27T10:56:35.168814900Z</date>
  <millis>1769511395168</millis>
  <nanos>814900</nanos>
  <sequence>849</sequence>
  <level>START</level>
  <class>com.kms.katalon.core.logging.XmlKeywordLogger</class>
  <method>startKeyword</method>
  <thread>1</thread>
  <message>Start action : rowText += col.getText() + &amp;quot; | &amp;quot;</message>
  <nestedLevel>4</nestedLevel>
  <escapedJava>false</escapedJava>
  <property name="startLine">52</property>
  <property name="stepIndex">1</property>
</record>
<record>
  <date>2026-01-27T10:56:35.181268200Z</date>
  <millis>1769511395181</millis>
  <nanos>268200</nanos>
  <sequence>850</sequence>
  <level>END</level>
  <class>com.kms.katalon.core.logging.XmlKeywordLogger</class>
  <method>endKeyword</method>
  <thread>1</thread>
  <message>End action : rowText += col.getText() + &amp;quot; | &amp;quot;</message>
  <nestedLevel>4</nestedLevel>
  <escapedJava>false</escapedJava>
</record>
<record>
  <date>2026-01-27T10:56:35.182364800Z</date>
  <millis>1769511395182</millis>
  <nanos>364800</nanos>
  <sequence>851</sequence>
  <level>START</level>
  <class>com.kms.katalon.core.logging.XmlKeywordLogger</class>
  <method>startKeyword</method>
  <thread>1</thread>
  <message>Start action : rowText += col.getText() + &amp;quot; | &amp;quot;</message>
  <nestedLevel>4</nestedLevel>
  <escapedJava>false</escapedJava>
  <property name="startLine">52</property>
  <property name="stepIndex">1</property>
</record>
<record>
  <date>2026-01-27T10:56:35.193429400Z</date>
  <millis>1769511395193</millis>
  <nanos>429400</nanos>
  <sequence>852</sequence>
  <level>END</level>
  <class>com.kms.katalon.core.logging.XmlKeywordLogger</class>
  <method>endKeyword</method>
  <thread>1</thread>
  <message>End action : rowText += col.getText() + &amp;quot; | &amp;quot;</message>
  <nestedLevel>4</nestedLevel>
  <escapedJava>false</escapedJava>
</record>
<record>
  <date>2026-01-27T10:56:35.194482800Z</date>
  <millis>1769511395194</millis>
  <nanos>482800</nanos>
  <sequence>853</sequence>
  <level>START</level>
  <class>com.kms.katalon.core.logging.XmlKeywordLogger</class>
  <method>startKeyword</method>
  <thread>1</thread>
  <message>Start action : rowText += col.getText() + &amp;quot; | &amp;quot;</message>
  <nestedLevel>4</nestedLevel>
  <escapedJava>false</escapedJava>
  <property name="startLine">52</property>
  <property name="stepIndex">1</property>
</record>
<record>
  <date>2026-01-27T10:56:35.206052600Z</date>
  <millis>1769511395206</millis>
  <nanos>52600</nanos>
  <sequence>854</sequence>
  <level>END</level>
  <class>com.kms.katalon.core.logging.XmlKeywordLogger</class>
  <method>endKeyword</method>
  <thread>1</thread>
  <message>End action : rowText += col.getText() + &amp;quot; | &amp;quot;</message>
  <nestedLevel>4</nestedLevel>
  <escapedJava>false</escapedJava>
</record>
<record>
  <date>2026-01-27T10:56:35.207421300Z</date>
  <millis>1769511395207</millis>
  <nanos>421300</nanos>
  <sequence>855</sequence>
  <level>START</level>
  <class>com.kms.katalon.core.logging.XmlKeywordLogger</class>
  <method>startKeyword</method>
  <thread>1</thread>
  <message>Start action : rowText += col.getText() + &amp;quot; | &amp;quot;</message>
  <nestedLevel>4</nestedLevel>
  <escapedJava>false</escapedJava>
  <property name="startLine">52</property>
  <property name="stepIndex">1</property>
</record>
<record>
  <date>2026-01-27T10:56:35.227951200Z</date>
  <millis>1769511395227</millis>
  <nanos>951200</nanos>
  <sequence>856</sequence>
  <level>END</level>
  <class>com.kms.katalon.core.logging.XmlKeywordLogger</class>
  <method>endKeyword</method>
  <thread>1</thread>
  <message>End action : rowText += col.getText() + &amp;quot; | &amp;quot;</message>
  <nestedLevel>4</nestedLevel>
  <escapedJava>false</escapedJava>
</record>
<record>
  <date>2026-01-27T10:56:35.227951200Z</date>
  <millis>1769511395227</millis>
  <nanos>951200</nanos>
  <sequence>857</sequence>
  <level>START</level>
  <class>com.kms.katalon.core.logging.XmlKeywordLogger</class>
  <method>startKeyword</method>
  <thread>1</thread>
  <message>Start action : rowText += col.getText() + &amp;quot; | &amp;quot;</message>
  <nestedLevel>4</nestedLevel>
  <escapedJava>false</escapedJava>
  <property name="startLine">52</property>
  <property name="stepIndex">1</property>
</record>
<record>
  <date>2026-01-27T10:56:35.273395800Z</date>
  <millis>1769511395273</millis>
  <nanos>395800</nanos>
  <sequence>858</sequence>
  <level>END</level>
  <class>com.kms.katalon.core.logging.XmlKeywordLogger</class>
  <method>endKeyword</method>
  <thread>1</thread>
  <message>End action : rowText += col.getText() + &amp;quot; | &amp;quot;</message>
  <nestedLevel>4</nestedLevel>
  <escapedJava>false</escapedJava>
</record>
<record>
  <date>2026-01-27T10:56:35.273395800Z</date>
  <millis>1769511395273</millis>
  <nanos>395800</nanos>
  <sequence>859</sequence>
  <level>START</level>
  <class>com.kms.katalon.core.logging.XmlKeywordLogger</class>
  <method>startKeyword</method>
  <thread>1</thread>
  <message>Start action : rowText += col.getText() + &amp;quot; | &amp;quot;</message>
  <nestedLevel>4</nestedLevel>
  <escapedJava>false</escapedJava>
  <property name="startLine">52</property>
  <property name="stepIndex">1</property>
</record>
<record>
  <date>2026-01-27T10:56:35.288907Z</date>
  <millis>1769511395288</millis>
  <nanos>907000</nanos>
  <sequence>860</sequence>
  <level>END</level>
  <class>com.kms.katalon.core.logging.XmlKeywordLogger</class>
  <method>endKeyword</method>
  <thread>1</thread>
  <message>End action : rowText += col.getText() + &amp;quot; | &amp;quot;</message>
  <nestedLevel>4</nestedLevel>
  <escapedJava>false</escapedJava>
</record>
<record>
  <date>2026-01-27T10:56:35.288907Z</date>
  <millis>1769511395288</millis>
  <nanos>907000</nanos>
  <sequence>861</sequence>
  <level>START</level>
  <class>com.kms.katalon.core.logging.XmlKeywordLogger</class>
  <method>startKeyword</method>
  <thread>1</thread>
  <message>Start action : rowText += col.getText() + &amp;quot; | &amp;quot;</message>
  <nestedLevel>4</nestedLevel>
  <escapedJava>false</escapedJava>
  <property name="startLine">52</property>
  <property name="stepIndex">1</property>
</record>
<record>
  <date>2026-01-27T10:56:35.301653700Z</date>
  <millis>1769511395301</millis>
  <nanos>653700</nanos>
  <sequence>862</sequence>
  <level>END</level>
  <class>com.kms.katalon.core.logging.XmlKeywordLogger</class>
  <method>endKeyword</method>
  <thread>1</thread>
  <message>End action : rowText += col.getText() + &amp;quot; | &amp;quot;</message>
  <nestedLevel>4</nestedLevel>
  <escapedJava>false</escapedJava>
</record>
<record>
  <date>2026-01-27T10:56:35.301653700Z</date>
  <millis>1769511395301</millis>
  <nanos>653700</nanos>
  <sequence>863</sequence>
  <level>END</level>
  <class>com.kms.katalon.core.logging.XmlKeywordLogger</class>
  <method>endKeyword</method>
  <thread>1</thread>
  <message>End action : for (org.openqa.selenium.WebElement col : cols)</message>
  <nestedLevel>3</nestedLevel>
  <escapedJava>false</escapedJava>
</record>
<record>
  <date>2026-01-27T10:56:35.301653700Z</date>
  <millis>1769511395301</millis>
  <nanos>653700</nanos>
  <sequence>864</sequence>
  <level>START</level>
  <class>com.kms.katalon.core.logging.XmlKeywordLogger</class>
  <method>startKeyword</method>
  <thread>1</thread>
  <message>Start action : logInfo(&amp;quot;Row &amp;quot; + i + &amp;quot;: &amp;quot; + rowText)</message>
  <nestedLevel>3</nestedLevel>
  <escapedJava>false</escapedJava>
  <property name="startLine">55</property>
  <property name="stepIndex">5</property>
</record>
<record>
  <date>2026-01-27T10:56:35.301653700Z</date>
  <millis>1769511395301</millis>
  <nanos>653700</nanos>
  <sequence>865</sequence>
  <level>INFO</level>
  <class>com.kms.katalon.core.logging.XmlKeywordLogger</class>
  <method>logMessage</method>
  <thread>1</thread>
  <message>Row 22:  | 22 | Paint | 16.72h | 44 | 7468 | 0 | Documentation Tools | </message>
  <nestedLevel>1</nestedLevel>
  <escapedJava>false</escapedJava>
</record>
<record>
  <date>2026-01-27T10:56:35.302916300Z</date>
  <millis>1769511395302</millis>
  <nanos>916300</nanos>
  <sequence>866</sequence>
  <level>END</level>
  <class>com.kms.katalon.core.logging.XmlKeywordLogger</class>
  <method>endKeyword</method>
  <thread>1</thread>
  <message>End action : logInfo(&amp;quot;Row &amp;quot; + i + &amp;quot;: &amp;quot; + rowText)</message>
  <nestedLevel>3</nestedLevel>
  <escapedJava>false</escapedJava>
</record>
<record>
  <date>2026-01-27T10:56:35.302916300Z</date>
  <millis>1769511395302</millis>
  <nanos>916300</nanos>
  <sequence>867</sequence>
  <level>START</level>
  <class>com.kms.katalon.core.logging.XmlKeywordLogger</class>
  <method>startKeyword</method>
  <thread>1</thread>
  <message>Start action : cols = get(i).findElements(By.tagName(&amp;quot;td&amp;quot;))</message>
  <nestedLevel>3</nestedLevel>
  <escapedJava>false</escapedJava>
  <property name="startLine">42</property>
  <property name="stepIndex">1</property>
</record>
<record>
  <date>2026-01-27T10:56:35.591130700Z</date>
  <millis>1769511395591</millis>
  <nanos>130700</nanos>
  <sequence>868</sequence>
  <level>END</level>
  <class>com.kms.katalon.core.logging.XmlKeywordLogger</class>
  <method>endKeyword</method>
  <thread>1</thread>
  <message>End action : cols = get(i).findElements(By.tagName(&amp;quot;td&amp;quot;))</message>
  <nestedLevel>3</nestedLevel>
  <escapedJava>false</escapedJava>
</record>
<record>
  <date>2026-01-27T10:56:35.591130700Z</date>
  <millis>1769511395591</millis>
  <nanos>130700</nanos>
  <sequence>869</sequence>
  <level>START</level>
  <class>com.kms.katalon.core.logging.XmlKeywordLogger</class>
  <method>startKeyword</method>
  <thread>1</thread>
  <message>Start action : if (cols.size() == 0)</message>
  <nestedLevel>3</nestedLevel>
  <escapedJava>false</escapedJava>
  <property name="startLine">45</property>
  <property name="stepIndex">2</property>
</record>
<record>
  <date>2026-01-27T10:56:35.592196600Z</date>
  <millis>1769511395592</millis>
  <nanos>196600</nanos>
  <sequence>870</sequence>
  <level>END</level>
  <class>com.kms.katalon.core.logging.XmlKeywordLogger</class>
  <method>endKeyword</method>
  <thread>1</thread>
  <message>End action : if (cols.size() == 0)</message>
  <nestedLevel>3</nestedLevel>
  <escapedJava>false</escapedJava>
</record>
<record>
  <date>2026-01-27T10:56:35.592196600Z</date>
  <millis>1769511395592</millis>
  <nanos>196600</nanos>
  <sequence>871</sequence>
  <level>START</level>
  <class>com.kms.katalon.core.logging.XmlKeywordLogger</class>
  <method>startKeyword</method>
  <thread>1</thread>
  <message>Start action : rowText = &amp;quot;&amp;quot;</message>
  <nestedLevel>3</nestedLevel>
  <escapedJava>false</escapedJava>
  <property name="startLine">49</property>
  <property name="stepIndex">3</property>
</record>
<record>
  <date>2026-01-27T10:56:35.593249300Z</date>
  <millis>1769511395593</millis>
  <nanos>249300</nanos>
  <sequence>872</sequence>
  <level>END</level>
  <class>com.kms.katalon.core.logging.XmlKeywordLogger</class>
  <method>endKeyword</method>
  <thread>1</thread>
  <message>End action : rowText = &amp;quot;&amp;quot;</message>
  <nestedLevel>3</nestedLevel>
  <escapedJava>false</escapedJava>
</record>
<record>
  <date>2026-01-27T10:56:35.593249300Z</date>
  <millis>1769511395593</millis>
  <nanos>249300</nanos>
  <sequence>873</sequence>
  <level>START</level>
  <class>com.kms.katalon.core.logging.XmlKeywordLogger</class>
  <method>startKeyword</method>
  <thread>1</thread>
  <message>Start action : for (org.openqa.selenium.WebElement col : cols)</message>
  <nestedLevel>3</nestedLevel>
  <escapedJava>false</escapedJava>
  <property name="startLine">51</property>
  <property name="stepIndex">4</property>
</record>
<record>
  <date>2026-01-27T10:56:35.594548Z</date>
  <millis>1769511395594</millis>
  <nanos>548000</nanos>
  <sequence>874</sequence>
  <level>START</level>
  <class>com.kms.katalon.core.logging.XmlKeywordLogger</class>
  <method>startKeyword</method>
  <thread>1</thread>
  <message>Start action : rowText += col.getText() + &amp;quot; | &amp;quot;</message>
  <nestedLevel>4</nestedLevel>
  <escapedJava>false</escapedJava>
  <property name="startLine">52</property>
  <property name="stepIndex">1</property>
</record>
<record>
  <date>2026-01-27T10:56:35.617697900Z</date>
  <millis>1769511395617</millis>
  <nanos>697900</nanos>
  <sequence>875</sequence>
  <level>END</level>
  <class>com.kms.katalon.core.logging.XmlKeywordLogger</class>
  <method>endKeyword</method>
  <thread>1</thread>
  <message>End action : rowText += col.getText() + &amp;quot; | &amp;quot;</message>
  <nestedLevel>4</nestedLevel>
  <escapedJava>false</escapedJava>
</record>
<record>
  <date>2026-01-27T10:56:35.619000500Z</date>
  <millis>1769511395619</millis>
  <nanos>500</nanos>
  <sequence>876</sequence>
  <level>START</level>
  <class>com.kms.katalon.core.logging.XmlKeywordLogger</class>
  <method>startKeyword</method>
  <thread>1</thread>
  <message>Start action : rowText += col.getText() + &amp;quot; | &amp;quot;</message>
  <nestedLevel>4</nestedLevel>
  <escapedJava>false</escapedJava>
  <property name="startLine">52</property>
  <property name="stepIndex">1</property>
</record>
<record>
  <date>2026-01-27T10:56:35.633818800Z</date>
  <millis>1769511395633</millis>
  <nanos>818800</nanos>
  <sequence>877</sequence>
  <level>END</level>
  <class>com.kms.katalon.core.logging.XmlKeywordLogger</class>
  <method>endKeyword</method>
  <thread>1</thread>
  <message>End action : rowText += col.getText() + &amp;quot; | &amp;quot;</message>
  <nestedLevel>4</nestedLevel>
  <escapedJava>false</escapedJava>
</record>
<record>
  <date>2026-01-27T10:56:35.635146Z</date>
  <millis>1769511395635</millis>
  <nanos>146000</nanos>
  <sequence>878</sequence>
  <level>START</level>
  <class>com.kms.katalon.core.logging.XmlKeywordLogger</class>
  <method>startKeyword</method>
  <thread>1</thread>
  <message>Start action : rowText += col.getText() + &amp;quot; | &amp;quot;</message>
  <nestedLevel>4</nestedLevel>
  <escapedJava>false</escapedJava>
  <property name="startLine">52</property>
  <property name="stepIndex">1</property>
</record>
<record>
  <date>2026-01-27T10:56:35.647214600Z</date>
  <millis>1769511395647</millis>
  <nanos>214600</nanos>
  <sequence>879</sequence>
  <level>END</level>
  <class>com.kms.katalon.core.logging.XmlKeywordLogger</class>
  <method>endKeyword</method>
  <thread>1</thread>
  <message>End action : rowText += col.getText() + &amp;quot; | &amp;quot;</message>
  <nestedLevel>4</nestedLevel>
  <escapedJava>false</escapedJava>
</record>
<record>
  <date>2026-01-27T10:56:35.647214600Z</date>
  <millis>1769511395647</millis>
  <nanos>214600</nanos>
  <sequence>880</sequence>
  <level>START</level>
  <class>com.kms.katalon.core.logging.XmlKeywordLogger</class>
  <method>startKeyword</method>
  <thread>1</thread>
  <message>Start action : rowText += col.getText() + &amp;quot; | &amp;quot;</message>
  <nestedLevel>4</nestedLevel>
  <escapedJava>false</escapedJava>
  <property name="startLine">52</property>
  <property name="stepIndex">1</property>
</record>
<record>
  <date>2026-01-27T10:56:35.659338700Z</date>
  <millis>1769511395659</millis>
  <nanos>338700</nanos>
  <sequence>881</sequence>
  <level>END</level>
  <class>com.kms.katalon.core.logging.XmlKeywordLogger</class>
  <method>endKeyword</method>
  <thread>1</thread>
  <message>End action : rowText += col.getText() + &amp;quot; | &amp;quot;</message>
  <nestedLevel>4</nestedLevel>
  <escapedJava>false</escapedJava>
</record>
<record>
  <date>2026-01-27T10:56:35.659338700Z</date>
  <millis>1769511395659</millis>
  <nanos>338700</nanos>
  <sequence>882</sequence>
  <level>START</level>
  <class>com.kms.katalon.core.logging.XmlKeywordLogger</class>
  <method>startKeyword</method>
  <thread>1</thread>
  <message>Start action : rowText += col.getText() + &amp;quot; | &amp;quot;</message>
  <nestedLevel>4</nestedLevel>
  <escapedJava>false</escapedJava>
  <property name="startLine">52</property>
  <property name="stepIndex">1</property>
</record>
<record>
  <date>2026-01-27T10:56:35.678917800Z</date>
  <millis>1769511395678</millis>
  <nanos>917800</nanos>
  <sequence>883</sequence>
  <level>END</level>
  <class>com.kms.katalon.core.logging.XmlKeywordLogger</class>
  <method>endKeyword</method>
  <thread>1</thread>
  <message>End action : rowText += col.getText() + &amp;quot; | &amp;quot;</message>
  <nestedLevel>4</nestedLevel>
  <escapedJava>false</escapedJava>
</record>
<record>
  <date>2026-01-27T10:56:35.678917800Z</date>
  <millis>1769511395678</millis>
  <nanos>917800</nanos>
  <sequence>884</sequence>
  <level>START</level>
  <class>com.kms.katalon.core.logging.XmlKeywordLogger</class>
  <method>startKeyword</method>
  <thread>1</thread>
  <message>Start action : rowText += col.getText() + &amp;quot; | &amp;quot;</message>
  <nestedLevel>4</nestedLevel>
  <escapedJava>false</escapedJava>
  <property name="startLine">52</property>
  <property name="stepIndex">1</property>
</record>
<record>
  <date>2026-01-27T10:56:35.695594Z</date>
  <millis>1769511395695</millis>
  <nanos>594000</nanos>
  <sequence>885</sequence>
  <level>END</level>
  <class>com.kms.katalon.core.logging.XmlKeywordLogger</class>
  <method>endKeyword</method>
  <thread>1</thread>
  <message>End action : rowText += col.getText() + &amp;quot; | &amp;quot;</message>
  <nestedLevel>4</nestedLevel>
  <escapedJava>false</escapedJava>
</record>
<record>
  <date>2026-01-27T10:56:35.696593300Z</date>
  <millis>1769511395696</millis>
  <nanos>593300</nanos>
  <sequence>886</sequence>
  <level>START</level>
  <class>com.kms.katalon.core.logging.XmlKeywordLogger</class>
  <method>startKeyword</method>
  <thread>1</thread>
  <message>Start action : rowText += col.getText() + &amp;quot; | &amp;quot;</message>
  <nestedLevel>4</nestedLevel>
  <escapedJava>false</escapedJava>
  <property name="startLine">52</property>
  <property name="stepIndex">1</property>
</record>
<record>
  <date>2026-01-27T10:56:35.708703800Z</date>
  <millis>1769511395708</millis>
  <nanos>703800</nanos>
  <sequence>887</sequence>
  <level>END</level>
  <class>com.kms.katalon.core.logging.XmlKeywordLogger</class>
  <method>endKeyword</method>
  <thread>1</thread>
  <message>End action : rowText += col.getText() + &amp;quot; | &amp;quot;</message>
  <nestedLevel>4</nestedLevel>
  <escapedJava>false</escapedJava>
</record>
<record>
  <date>2026-01-27T10:56:35.708703800Z</date>
  <millis>1769511395708</millis>
  <nanos>703800</nanos>
  <sequence>888</sequence>
  <level>START</level>
  <class>com.kms.katalon.core.logging.XmlKeywordLogger</class>
  <method>startKeyword</method>
  <thread>1</thread>
  <message>Start action : rowText += col.getText() + &amp;quot; | &amp;quot;</message>
  <nestedLevel>4</nestedLevel>
  <escapedJava>false</escapedJava>
  <property name="startLine">52</property>
  <property name="stepIndex">1</property>
</record>
<record>
  <date>2026-01-27T10:56:35.724562600Z</date>
  <millis>1769511395724</millis>
  <nanos>562600</nanos>
  <sequence>889</sequence>
  <level>END</level>
  <class>com.kms.katalon.core.logging.XmlKeywordLogger</class>
  <method>endKeyword</method>
  <thread>1</thread>
  <message>End action : rowText += col.getText() + &amp;quot; | &amp;quot;</message>
  <nestedLevel>4</nestedLevel>
  <escapedJava>false</escapedJava>
</record>
<record>
  <date>2026-01-27T10:56:35.725574300Z</date>
  <millis>1769511395725</millis>
  <nanos>574300</nanos>
  <sequence>890</sequence>
  <level>END</level>
  <class>com.kms.katalon.core.logging.XmlKeywordLogger</class>
  <method>endKeyword</method>
  <thread>1</thread>
  <message>End action : for (org.openqa.selenium.WebElement col : cols)</message>
  <nestedLevel>3</nestedLevel>
  <escapedJava>false</escapedJava>
</record>
<record>
  <date>2026-01-27T10:56:35.725574300Z</date>
  <millis>1769511395725</millis>
  <nanos>574300</nanos>
  <sequence>891</sequence>
  <level>START</level>
  <class>com.kms.katalon.core.logging.XmlKeywordLogger</class>
  <method>startKeyword</method>
  <thread>1</thread>
  <message>Start action : logInfo(&amp;quot;Row &amp;quot; + i + &amp;quot;: &amp;quot; + rowText)</message>
  <nestedLevel>3</nestedLevel>
  <escapedJava>false</escapedJava>
  <property name="startLine">55</property>
  <property name="stepIndex">5</property>
</record>
<record>
  <date>2026-01-27T10:56:35.725574300Z</date>
  <millis>1769511395725</millis>
  <nanos>574300</nanos>
  <sequence>892</sequence>
  <level>INFO</level>
  <class>com.kms.katalon.core.logging.XmlKeywordLogger</class>
  <method>logMessage</method>
  <thread>1</thread>
  <message>Row 23:  | 23 | Python | 16.50h | 1 | 3664 | +2 | Development Tools | </message>
  <nestedLevel>1</nestedLevel>
  <escapedJava>false</escapedJava>
</record>
<record>
  <date>2026-01-27T10:56:35.725574300Z</date>
  <millis>1769511395725</millis>
  <nanos>574300</nanos>
  <sequence>893</sequence>
  <level>END</level>
  <class>com.kms.katalon.core.logging.XmlKeywordLogger</class>
  <method>endKeyword</method>
  <thread>1</thread>
  <message>End action : logInfo(&amp;quot;Row &amp;quot; + i + &amp;quot;: &amp;quot; + rowText)</message>
  <nestedLevel>3</nestedLevel>
  <escapedJava>false</escapedJava>
</record>
<record>
  <date>2026-01-27T10:56:35.727839600Z</date>
  <millis>1769511395727</millis>
  <nanos>839600</nanos>
  <sequence>894</sequence>
  <level>START</level>
  <class>com.kms.katalon.core.logging.XmlKeywordLogger</class>
  <method>startKeyword</method>
  <thread>1</thread>
  <message>Start action : cols = get(i).findElements(By.tagName(&amp;quot;td&amp;quot;))</message>
  <nestedLevel>3</nestedLevel>
  <escapedJava>false</escapedJava>
  <property name="startLine">42</property>
  <property name="stepIndex">1</property>
</record>
<record>
  <date>2026-01-27T10:56:36.012497Z</date>
  <millis>1769511396012</millis>
  <nanos>497000</nanos>
  <sequence>895</sequence>
  <level>END</level>
  <class>com.kms.katalon.core.logging.XmlKeywordLogger</class>
  <method>endKeyword</method>
  <thread>1</thread>
  <message>End action : cols = get(i).findElements(By.tagName(&amp;quot;td&amp;quot;))</message>
  <nestedLevel>3</nestedLevel>
  <escapedJava>false</escapedJava>
</record>
<record>
  <date>2026-01-27T10:56:36.013492200Z</date>
  <millis>1769511396013</millis>
  <nanos>492200</nanos>
  <sequence>896</sequence>
  <level>START</level>
  <class>com.kms.katalon.core.logging.XmlKeywordLogger</class>
  <method>startKeyword</method>
  <thread>1</thread>
  <message>Start action : if (cols.size() == 0)</message>
  <nestedLevel>3</nestedLevel>
  <escapedJava>false</escapedJava>
  <property name="startLine">45</property>
  <property name="stepIndex">2</property>
</record>
<record>
  <date>2026-01-27T10:56:36.014490400Z</date>
  <millis>1769511396014</millis>
  <nanos>490400</nanos>
  <sequence>897</sequence>
  <level>END</level>
  <class>com.kms.katalon.core.logging.XmlKeywordLogger</class>
  <method>endKeyword</method>
  <thread>1</thread>
  <message>End action : if (cols.size() == 0)</message>
  <nestedLevel>3</nestedLevel>
  <escapedJava>false</escapedJava>
</record>
<record>
  <date>2026-01-27T10:56:36.014490400Z</date>
  <millis>1769511396014</millis>
  <nanos>490400</nanos>
  <sequence>898</sequence>
  <level>START</level>
  <class>com.kms.katalon.core.logging.XmlKeywordLogger</class>
  <method>startKeyword</method>
  <thread>1</thread>
  <message>Start action : rowText = &amp;quot;&amp;quot;</message>
  <nestedLevel>3</nestedLevel>
  <escapedJava>false</escapedJava>
  <property name="startLine">49</property>
  <property name="stepIndex">3</property>
</record>
<record>
  <date>2026-01-27T10:56:36.014490400Z</date>
  <millis>1769511396014</millis>
  <nanos>490400</nanos>
  <sequence>899</sequence>
  <level>END</level>
  <class>com.kms.katalon.core.logging.XmlKeywordLogger</class>
  <method>endKeyword</method>
  <thread>1</thread>
  <message>End action : rowText = &amp;quot;&amp;quot;</message>
  <nestedLevel>3</nestedLevel>
  <escapedJava>false</escapedJava>
</record>
<record>
  <date>2026-01-27T10:56:36.015487300Z</date>
  <millis>1769511396015</millis>
  <nanos>487300</nanos>
  <sequence>900</sequence>
  <level>START</level>
  <class>com.kms.katalon.core.logging.XmlKeywordLogger</class>
  <method>startKeyword</method>
  <thread>1</thread>
  <message>Start action : for (org.openqa.selenium.WebElement col : cols)</message>
  <nestedLevel>3</nestedLevel>
  <escapedJava>false</escapedJava>
  <property name="startLine">51</property>
  <property name="stepIndex">4</property>
</record>
<record>
  <date>2026-01-27T10:56:36.015487300Z</date>
  <millis>1769511396015</millis>
  <nanos>487300</nanos>
  <sequence>901</sequence>
  <level>START</level>
  <class>com.kms.katalon.core.logging.XmlKeywordLogger</class>
  <method>startKeyword</method>
  <thread>1</thread>
  <message>Start action : rowText += col.getText() + &amp;quot; | &amp;quot;</message>
  <nestedLevel>4</nestedLevel>
  <escapedJava>false</escapedJava>
  <property name="startLine">52</property>
  <property name="stepIndex">1</property>
</record>
<record>
  <date>2026-01-27T10:56:36.029442600Z</date>
  <millis>1769511396029</millis>
  <nanos>442600</nanos>
  <sequence>902</sequence>
  <level>END</level>
  <class>com.kms.katalon.core.logging.XmlKeywordLogger</class>
  <method>endKeyword</method>
  <thread>1</thread>
  <message>End action : rowText += col.getText() + &amp;quot; | &amp;quot;</message>
  <nestedLevel>4</nestedLevel>
  <escapedJava>false</escapedJava>
</record>
<record>
  <date>2026-01-27T10:56:36.030439200Z</date>
  <millis>1769511396030</millis>
  <nanos>439200</nanos>
  <sequence>903</sequence>
  <level>START</level>
  <class>com.kms.katalon.core.logging.XmlKeywordLogger</class>
  <method>startKeyword</method>
  <thread>1</thread>
  <message>Start action : rowText += col.getText() + &amp;quot; | &amp;quot;</message>
  <nestedLevel>4</nestedLevel>
  <escapedJava>false</escapedJava>
  <property name="startLine">52</property>
  <property name="stepIndex">1</property>
</record>
<record>
  <date>2026-01-27T10:56:36.042677700Z</date>
  <millis>1769511396042</millis>
  <nanos>677700</nanos>
  <sequence>904</sequence>
  <level>END</level>
  <class>com.kms.katalon.core.logging.XmlKeywordLogger</class>
  <method>endKeyword</method>
  <thread>1</thread>
  <message>End action : rowText += col.getText() + &amp;quot; | &amp;quot;</message>
  <nestedLevel>4</nestedLevel>
  <escapedJava>false</escapedJava>
</record>
<record>
  <date>2026-01-27T10:56:36.043681600Z</date>
  <millis>1769511396043</millis>
  <nanos>681600</nanos>
  <sequence>905</sequence>
  <level>START</level>
  <class>com.kms.katalon.core.logging.XmlKeywordLogger</class>
  <method>startKeyword</method>
  <thread>1</thread>
  <message>Start action : rowText += col.getText() + &amp;quot; | &amp;quot;</message>
  <nestedLevel>4</nestedLevel>
  <escapedJava>false</escapedJava>
  <property name="startLine">52</property>
  <property name="stepIndex">1</property>
</record>
<record>
  <date>2026-01-27T10:56:36.060129500Z</date>
  <millis>1769511396060</millis>
  <nanos>129500</nanos>
  <sequence>906</sequence>
  <level>END</level>
  <class>com.kms.katalon.core.logging.XmlKeywordLogger</class>
  <method>endKeyword</method>
  <thread>1</thread>
  <message>End action : rowText += col.getText() + &amp;quot; | &amp;quot;</message>
  <nestedLevel>4</nestedLevel>
  <escapedJava>false</escapedJava>
</record>
<record>
  <date>2026-01-27T10:56:36.060129500Z</date>
  <millis>1769511396060</millis>
  <nanos>129500</nanos>
  <sequence>907</sequence>
  <level>START</level>
  <class>com.kms.katalon.core.logging.XmlKeywordLogger</class>
  <method>startKeyword</method>
  <thread>1</thread>
  <message>Start action : rowText += col.getText() + &amp;quot; | &amp;quot;</message>
  <nestedLevel>4</nestedLevel>
  <escapedJava>false</escapedJava>
  <property name="startLine">52</property>
  <property name="stepIndex">1</property>
</record>
<record>
  <date>2026-01-27T10:56:36.076395500Z</date>
  <millis>1769511396076</millis>
  <nanos>395500</nanos>
  <sequence>908</sequence>
  <level>END</level>
  <class>com.kms.katalon.core.logging.XmlKeywordLogger</class>
  <method>endKeyword</method>
  <thread>1</thread>
  <message>End action : rowText += col.getText() + &amp;quot; | &amp;quot;</message>
  <nestedLevel>4</nestedLevel>
  <escapedJava>false</escapedJava>
</record>
<record>
  <date>2026-01-27T10:56:36.076395500Z</date>
  <millis>1769511396076</millis>
  <nanos>395500</nanos>
  <sequence>909</sequence>
  <level>START</level>
  <class>com.kms.katalon.core.logging.XmlKeywordLogger</class>
  <method>startKeyword</method>
  <thread>1</thread>
  <message>Start action : rowText += col.getText() + &amp;quot; | &amp;quot;</message>
  <nestedLevel>4</nestedLevel>
  <escapedJava>false</escapedJava>
  <property name="startLine">52</property>
  <property name="stepIndex">1</property>
</record>
<record>
  <date>2026-01-27T10:56:36.092795Z</date>
  <millis>1769511396092</millis>
  <nanos>795000</nanos>
  <sequence>910</sequence>
  <level>END</level>
  <class>com.kms.katalon.core.logging.XmlKeywordLogger</class>
  <method>endKeyword</method>
  <thread>1</thread>
  <message>End action : rowText += col.getText() + &amp;quot; | &amp;quot;</message>
  <nestedLevel>4</nestedLevel>
  <escapedJava>false</escapedJava>
</record>
<record>
  <date>2026-01-27T10:56:36.092795Z</date>
  <millis>1769511396092</millis>
  <nanos>795000</nanos>
  <sequence>911</sequence>
  <level>START</level>
  <class>com.kms.katalon.core.logging.XmlKeywordLogger</class>
  <method>startKeyword</method>
  <thread>1</thread>
  <message>Start action : rowText += col.getText() + &amp;quot; | &amp;quot;</message>
  <nestedLevel>4</nestedLevel>
  <escapedJava>false</escapedJava>
  <property name="startLine">52</property>
  <property name="stepIndex">1</property>
</record>
<record>
  <date>2026-01-27T10:56:36.108549Z</date>
  <millis>1769511396108</millis>
  <nanos>549000</nanos>
  <sequence>912</sequence>
  <level>END</level>
  <class>com.kms.katalon.core.logging.XmlKeywordLogger</class>
  <method>endKeyword</method>
  <thread>1</thread>
  <message>End action : rowText += col.getText() + &amp;quot; | &amp;quot;</message>
  <nestedLevel>4</nestedLevel>
  <escapedJava>false</escapedJava>
</record>
<record>
  <date>2026-01-27T10:56:36.109915500Z</date>
  <millis>1769511396109</millis>
  <nanos>915500</nanos>
  <sequence>913</sequence>
  <level>START</level>
  <class>com.kms.katalon.core.logging.XmlKeywordLogger</class>
  <method>startKeyword</method>
  <thread>1</thread>
  <message>Start action : rowText += col.getText() + &amp;quot; | &amp;quot;</message>
  <nestedLevel>4</nestedLevel>
  <escapedJava>false</escapedJava>
  <property name="startLine">52</property>
  <property name="stepIndex">1</property>
</record>
<record>
  <date>2026-01-27T10:56:36.125390300Z</date>
  <millis>1769511396125</millis>
  <nanos>390300</nanos>
  <sequence>914</sequence>
  <level>END</level>
  <class>com.kms.katalon.core.logging.XmlKeywordLogger</class>
  <method>endKeyword</method>
  <thread>1</thread>
  <message>End action : rowText += col.getText() + &amp;quot; | &amp;quot;</message>
  <nestedLevel>4</nestedLevel>
  <escapedJava>false</escapedJava>
</record>
<record>
  <date>2026-01-27T10:56:36.125390300Z</date>
  <millis>1769511396125</millis>
  <nanos>390300</nanos>
  <sequence>915</sequence>
  <level>START</level>
  <class>com.kms.katalon.core.logging.XmlKeywordLogger</class>
  <method>startKeyword</method>
  <thread>1</thread>
  <message>Start action : rowText += col.getText() + &amp;quot; | &amp;quot;</message>
  <nestedLevel>4</nestedLevel>
  <escapedJava>false</escapedJava>
  <property name="startLine">52</property>
  <property name="stepIndex">1</property>
</record>
<record>
  <date>2026-01-27T10:56:36.140349400Z</date>
  <millis>1769511396140</millis>
  <nanos>349400</nanos>
  <sequence>916</sequence>
  <level>END</level>
  <class>com.kms.katalon.core.logging.XmlKeywordLogger</class>
  <method>endKeyword</method>
  <thread>1</thread>
  <message>End action : rowText += col.getText() + &amp;quot; | &amp;quot;</message>
  <nestedLevel>4</nestedLevel>
  <escapedJava>false</escapedJava>
</record>
<record>
  <date>2026-01-27T10:56:36.140349400Z</date>
  <millis>1769511396140</millis>
  <nanos>349400</nanos>
  <sequence>917</sequence>
  <level>END</level>
  <class>com.kms.katalon.core.logging.XmlKeywordLogger</class>
  <method>endKeyword</method>
  <thread>1</thread>
  <message>End action : for (org.openqa.selenium.WebElement col : cols)</message>
  <nestedLevel>3</nestedLevel>
  <escapedJava>false</escapedJava>
</record>
<record>
  <date>2026-01-27T10:56:36.141347100Z</date>
  <millis>1769511396141</millis>
  <nanos>347100</nanos>
  <sequence>918</sequence>
  <level>START</level>
  <class>com.kms.katalon.core.logging.XmlKeywordLogger</class>
  <method>startKeyword</method>
  <thread>1</thread>
  <message>Start action : logInfo(&amp;quot;Row &amp;quot; + i + &amp;quot;: &amp;quot; + rowText)</message>
  <nestedLevel>3</nestedLevel>
  <escapedJava>false</escapedJava>
  <property name="startLine">55</property>
  <property name="stepIndex">5</property>
</record>
<record>
  <date>2026-01-27T10:56:36.142344800Z</date>
  <millis>1769511396142</millis>
  <nanos>344800</nanos>
  <sequence>919</sequence>
  <level>INFO</level>
  <class>com.kms.katalon.core.logging.XmlKeywordLogger</class>
  <method>logMessage</method>
  <thread>1</thread>
  <message>Row 24:  | 24 | Files &amp;amp; Folders | 15.50h | 12 | 5252 | 0 | System Tools | </message>
  <nestedLevel>1</nestedLevel>
  <escapedJava>false</escapedJava>
</record>
<record>
  <date>2026-01-27T10:56:36.142344800Z</date>
  <millis>1769511396142</millis>
  <nanos>344800</nanos>
  <sequence>920</sequence>
  <level>END</level>
  <class>com.kms.katalon.core.logging.XmlKeywordLogger</class>
  <method>endKeyword</method>
  <thread>1</thread>
  <message>End action : logInfo(&amp;quot;Row &amp;quot; + i + &amp;quot;: &amp;quot; + rowText)</message>
  <nestedLevel>3</nestedLevel>
  <escapedJava>false</escapedJava>
</record>
<record>
  <date>2026-01-27T10:56:36.142344800Z</date>
  <millis>1769511396142</millis>
  <nanos>344800</nanos>
  <sequence>921</sequence>
  <level>START</level>
  <class>com.kms.katalon.core.logging.XmlKeywordLogger</class>
  <method>startKeyword</method>
  <thread>1</thread>
  <message>Start action : cols = get(i).findElements(By.tagName(&amp;quot;td&amp;quot;))</message>
  <nestedLevel>3</nestedLevel>
  <escapedJava>false</escapedJava>
  <property name="startLine">42</property>
  <property name="stepIndex">1</property>
</record>
<record>
  <date>2026-01-27T10:56:36.416979400Z</date>
  <millis>1769511396416</millis>
  <nanos>979400</nanos>
  <sequence>922</sequence>
  <level>END</level>
  <class>com.kms.katalon.core.logging.XmlKeywordLogger</class>
  <method>endKeyword</method>
  <thread>1</thread>
  <message>End action : cols = get(i).findElements(By.tagName(&amp;quot;td&amp;quot;))</message>
  <nestedLevel>3</nestedLevel>
  <escapedJava>false</escapedJava>
</record>
<record>
  <date>2026-01-27T10:56:36.416979400Z</date>
  <millis>1769511396416</millis>
  <nanos>979400</nanos>
  <sequence>923</sequence>
  <level>START</level>
  <class>com.kms.katalon.core.logging.XmlKeywordLogger</class>
  <method>startKeyword</method>
  <thread>1</thread>
  <message>Start action : if (cols.size() == 0)</message>
  <nestedLevel>3</nestedLevel>
  <escapedJava>false</escapedJava>
  <property name="startLine">45</property>
  <property name="stepIndex">2</property>
</record>
<record>
  <date>2026-01-27T10:56:36.417976200Z</date>
  <millis>1769511396417</millis>
  <nanos>976200</nanos>
  <sequence>924</sequence>
  <level>END</level>
  <class>com.kms.katalon.core.logging.XmlKeywordLogger</class>
  <method>endKeyword</method>
  <thread>1</thread>
  <message>End action : if (cols.size() == 0)</message>
  <nestedLevel>3</nestedLevel>
  <escapedJava>false</escapedJava>
</record>
<record>
  <date>2026-01-27T10:56:36.417976200Z</date>
  <millis>1769511396417</millis>
  <nanos>976200</nanos>
  <sequence>925</sequence>
  <level>START</level>
  <class>com.kms.katalon.core.logging.XmlKeywordLogger</class>
  <method>startKeyword</method>
  <thread>1</thread>
  <message>Start action : rowText = &amp;quot;&amp;quot;</message>
  <nestedLevel>3</nestedLevel>
  <escapedJava>false</escapedJava>
  <property name="startLine">49</property>
  <property name="stepIndex">3</property>
</record>
<record>
  <date>2026-01-27T10:56:36.418974Z</date>
  <millis>1769511396418</millis>
  <nanos>974000</nanos>
  <sequence>926</sequence>
  <level>END</level>
  <class>com.kms.katalon.core.logging.XmlKeywordLogger</class>
  <method>endKeyword</method>
  <thread>1</thread>
  <message>End action : rowText = &amp;quot;&amp;quot;</message>
  <nestedLevel>3</nestedLevel>
  <escapedJava>false</escapedJava>
</record>
<record>
  <date>2026-01-27T10:56:36.418974Z</date>
  <millis>1769511396418</millis>
  <nanos>974000</nanos>
  <sequence>927</sequence>
  <level>START</level>
  <class>com.kms.katalon.core.logging.XmlKeywordLogger</class>
  <method>startKeyword</method>
  <thread>1</thread>
  <message>Start action : for (org.openqa.selenium.WebElement col : cols)</message>
  <nestedLevel>3</nestedLevel>
  <escapedJava>false</escapedJava>
  <property name="startLine">51</property>
  <property name="stepIndex">4</property>
</record>
<record>
  <date>2026-01-27T10:56:36.419970100Z</date>
  <millis>1769511396419</millis>
  <nanos>970100</nanos>
  <sequence>928</sequence>
  <level>START</level>
  <class>com.kms.katalon.core.logging.XmlKeywordLogger</class>
  <method>startKeyword</method>
  <thread>1</thread>
  <message>Start action : rowText += col.getText() + &amp;quot; | &amp;quot;</message>
  <nestedLevel>4</nestedLevel>
  <escapedJava>false</escapedJava>
  <property name="startLine">52</property>
  <property name="stepIndex">1</property>
</record>
<record>
  <date>2026-01-27T10:56:36.438048400Z</date>
  <millis>1769511396438</millis>
  <nanos>48400</nanos>
  <sequence>929</sequence>
  <level>END</level>
  <class>com.kms.katalon.core.logging.XmlKeywordLogger</class>
  <method>endKeyword</method>
  <thread>1</thread>
  <message>End action : rowText += col.getText() + &amp;quot; | &amp;quot;</message>
  <nestedLevel>4</nestedLevel>
  <escapedJava>false</escapedJava>
</record>
<record>
  <date>2026-01-27T10:56:36.438048400Z</date>
  <millis>1769511396438</millis>
  <nanos>48400</nanos>
  <sequence>930</sequence>
  <level>START</level>
  <class>com.kms.katalon.core.logging.XmlKeywordLogger</class>
  <method>startKeyword</method>
  <thread>1</thread>
  <message>Start action : rowText += col.getText() + &amp;quot; | &amp;quot;</message>
  <nestedLevel>4</nestedLevel>
  <escapedJava>false</escapedJava>
  <property name="startLine">52</property>
  <property name="stepIndex">1</property>
</record>
<record>
  <date>2026-01-27T10:56:36.453457900Z</date>
  <millis>1769511396453</millis>
  <nanos>457900</nanos>
  <sequence>931</sequence>
  <level>END</level>
  <class>com.kms.katalon.core.logging.XmlKeywordLogger</class>
  <method>endKeyword</method>
  <thread>1</thread>
  <message>End action : rowText += col.getText() + &amp;quot; | &amp;quot;</message>
  <nestedLevel>4</nestedLevel>
  <escapedJava>false</escapedJava>
</record>
<record>
  <date>2026-01-27T10:56:36.453457900Z</date>
  <millis>1769511396453</millis>
  <nanos>457900</nanos>
  <sequence>932</sequence>
  <level>START</level>
  <class>com.kms.katalon.core.logging.XmlKeywordLogger</class>
  <method>startKeyword</method>
  <thread>1</thread>
  <message>Start action : rowText += col.getText() + &amp;quot; | &amp;quot;</message>
  <nestedLevel>4</nestedLevel>
  <escapedJava>false</escapedJava>
  <property name="startLine">52</property>
  <property name="stepIndex">1</property>
</record>
<record>
  <date>2026-01-27T10:56:36.466209800Z</date>
  <millis>1769511396466</millis>
  <nanos>209800</nanos>
  <sequence>933</sequence>
  <level>END</level>
  <class>com.kms.katalon.core.logging.XmlKeywordLogger</class>
  <method>endKeyword</method>
  <thread>1</thread>
  <message>End action : rowText += col.getText() + &amp;quot; | &amp;quot;</message>
  <nestedLevel>4</nestedLevel>
  <escapedJava>false</escapedJava>
</record>
<record>
  <date>2026-01-27T10:56:36.467206100Z</date>
  <millis>1769511396467</millis>
  <nanos>206100</nanos>
  <sequence>934</sequence>
  <level>START</level>
  <class>com.kms.katalon.core.logging.XmlKeywordLogger</class>
  <method>startKeyword</method>
  <thread>1</thread>
  <message>Start action : rowText += col.getText() + &amp;quot; | &amp;quot;</message>
  <nestedLevel>4</nestedLevel>
  <escapedJava>false</escapedJava>
  <property name="startLine">52</property>
  <property name="stepIndex">1</property>
</record>
<record>
  <date>2026-01-27T10:56:36.478654300Z</date>
  <millis>1769511396478</millis>
  <nanos>654300</nanos>
  <sequence>935</sequence>
  <level>END</level>
  <class>com.kms.katalon.core.logging.XmlKeywordLogger</class>
  <method>endKeyword</method>
  <thread>1</thread>
  <message>End action : rowText += col.getText() + &amp;quot; | &amp;quot;</message>
  <nestedLevel>4</nestedLevel>
  <escapedJava>false</escapedJava>
</record>
<record>
  <date>2026-01-27T10:56:36.478654300Z</date>
  <millis>1769511396478</millis>
  <nanos>654300</nanos>
  <sequence>936</sequence>
  <level>START</level>
  <class>com.kms.katalon.core.logging.XmlKeywordLogger</class>
  <method>startKeyword</method>
  <thread>1</thread>
  <message>Start action : rowText += col.getText() + &amp;quot; | &amp;quot;</message>
  <nestedLevel>4</nestedLevel>
  <escapedJava>false</escapedJava>
  <property name="startLine">52</property>
  <property name="stepIndex">1</property>
</record>
<record>
  <date>2026-01-27T10:56:36.491632800Z</date>
  <millis>1769511396491</millis>
  <nanos>632800</nanos>
  <sequence>937</sequence>
  <level>END</level>
  <class>com.kms.katalon.core.logging.XmlKeywordLogger</class>
  <method>endKeyword</method>
  <thread>1</thread>
  <message>End action : rowText += col.getText() + &amp;quot; | &amp;quot;</message>
  <nestedLevel>4</nestedLevel>
  <escapedJava>false</escapedJava>
</record>
<record>
  <date>2026-01-27T10:56:36.491632800Z</date>
  <millis>1769511396491</millis>
  <nanos>632800</nanos>
  <sequence>938</sequence>
  <level>START</level>
  <class>com.kms.katalon.core.logging.XmlKeywordLogger</class>
  <method>startKeyword</method>
  <thread>1</thread>
  <message>Start action : rowText += col.getText() + &amp;quot; | &amp;quot;</message>
  <nestedLevel>4</nestedLevel>
  <escapedJava>false</escapedJava>
  <property name="startLine">52</property>
  <property name="stepIndex">1</property>
</record>
<record>
  <date>2026-01-27T10:56:36.503743700Z</date>
  <millis>1769511396503</millis>
  <nanos>743700</nanos>
  <sequence>939</sequence>
  <level>END</level>
  <class>com.kms.katalon.core.logging.XmlKeywordLogger</class>
  <method>endKeyword</method>
  <thread>1</thread>
  <message>End action : rowText += col.getText() + &amp;quot; | &amp;quot;</message>
  <nestedLevel>4</nestedLevel>
  <escapedJava>false</escapedJava>
</record>
<record>
  <date>2026-01-27T10:56:36.503743700Z</date>
  <millis>1769511396503</millis>
  <nanos>743700</nanos>
  <sequence>940</sequence>
  <level>START</level>
  <class>com.kms.katalon.core.logging.XmlKeywordLogger</class>
  <method>startKeyword</method>
  <thread>1</thread>
  <message>Start action : rowText += col.getText() + &amp;quot; | &amp;quot;</message>
  <nestedLevel>4</nestedLevel>
  <escapedJava>false</escapedJava>
  <property name="startLine">52</property>
  <property name="stepIndex">1</property>
</record>
<record>
  <date>2026-01-27T10:56:36.514955500Z</date>
  <millis>1769511396514</millis>
  <nanos>955500</nanos>
  <sequence>941</sequence>
  <level>END</level>
  <class>com.kms.katalon.core.logging.XmlKeywordLogger</class>
  <method>endKeyword</method>
  <thread>1</thread>
  <message>End action : rowText += col.getText() + &amp;quot; | &amp;quot;</message>
  <nestedLevel>4</nestedLevel>
  <escapedJava>false</escapedJava>
</record>
<record>
  <date>2026-01-27T10:56:36.516369700Z</date>
  <millis>1769511396516</millis>
  <nanos>369700</nanos>
  <sequence>942</sequence>
  <level>START</level>
  <class>com.kms.katalon.core.logging.XmlKeywordLogger</class>
  <method>startKeyword</method>
  <thread>1</thread>
  <message>Start action : rowText += col.getText() + &amp;quot; | &amp;quot;</message>
  <nestedLevel>4</nestedLevel>
  <escapedJava>false</escapedJava>
  <property name="startLine">52</property>
  <property name="stepIndex">1</property>
</record>
<record>
  <date>2026-01-27T10:56:36.528195700Z</date>
  <millis>1769511396528</millis>
  <nanos>195700</nanos>
  <sequence>943</sequence>
  <level>END</level>
  <class>com.kms.katalon.core.logging.XmlKeywordLogger</class>
  <method>endKeyword</method>
  <thread>1</thread>
  <message>End action : rowText += col.getText() + &amp;quot; | &amp;quot;</message>
  <nestedLevel>4</nestedLevel>
  <escapedJava>false</escapedJava>
</record>
<record>
  <date>2026-01-27T10:56:36.528195700Z</date>
  <millis>1769511396528</millis>
  <nanos>195700</nanos>
  <sequence>944</sequence>
  <level>END</level>
  <class>com.kms.katalon.core.logging.XmlKeywordLogger</class>
  <method>endKeyword</method>
  <thread>1</thread>
  <message>End action : for (org.openqa.selenium.WebElement col : cols)</message>
  <nestedLevel>3</nestedLevel>
  <escapedJava>false</escapedJava>
</record>
<record>
  <date>2026-01-27T10:56:36.528195700Z</date>
  <millis>1769511396528</millis>
  <nanos>195700</nanos>
  <sequence>945</sequence>
  <level>START</level>
  <class>com.kms.katalon.core.logging.XmlKeywordLogger</class>
  <method>startKeyword</method>
  <thread>1</thread>
  <message>Start action : logInfo(&amp;quot;Row &amp;quot; + i + &amp;quot;: &amp;quot; + rowText)</message>
  <nestedLevel>3</nestedLevel>
  <escapedJava>false</escapedJava>
  <property name="startLine">55</property>
  <property name="stepIndex">5</property>
</record>
<record>
  <date>2026-01-27T10:56:36.529202300Z</date>
  <millis>1769511396529</millis>
  <nanos>202300</nanos>
  <sequence>946</sequence>
  <level>INFO</level>
  <class>com.kms.katalon.core.logging.XmlKeywordLogger</class>
  <method>logMessage</method>
  <thread>1</thread>
  <message>Row 25:  | 25 | IP Messenger | 10.21h | 43 | 4111 | +1 | Communication Tools | </message>
  <nestedLevel>1</nestedLevel>
  <escapedJava>false</escapedJava>
</record>
<record>
  <date>2026-01-27T10:56:36.529202300Z</date>
  <millis>1769511396529</millis>
  <nanos>202300</nanos>
  <sequence>947</sequence>
  <level>END</level>
  <class>com.kms.katalon.core.logging.XmlKeywordLogger</class>
  <method>endKeyword</method>
  <thread>1</thread>
  <message>End action : logInfo(&amp;quot;Row &amp;quot; + i + &amp;quot;: &amp;quot; + rowText)</message>
  <nestedLevel>3</nestedLevel>
  <escapedJava>false</escapedJava>
</record>
<record>
  <date>2026-01-27T10:56:36.529202300Z</date>
  <millis>1769511396529</millis>
  <nanos>202300</nanos>
  <sequence>948</sequence>
  <level>START</level>
  <class>com.kms.katalon.core.logging.XmlKeywordLogger</class>
  <method>startKeyword</method>
  <thread>1</thread>
  <message>Start action : cols = get(i).findElements(By.tagName(&amp;quot;td&amp;quot;))</message>
  <nestedLevel>3</nestedLevel>
  <escapedJava>false</escapedJava>
  <property name="startLine">42</property>
  <property name="stepIndex">1</property>
</record>
<record>
  <date>2026-01-27T10:56:36.796845100Z</date>
  <millis>1769511396796</millis>
  <nanos>845100</nanos>
  <sequence>949</sequence>
  <level>END</level>
  <class>com.kms.katalon.core.logging.XmlKeywordLogger</class>
  <method>endKeyword</method>
  <thread>1</thread>
  <message>End action : cols = get(i).findElements(By.tagName(&amp;quot;td&amp;quot;))</message>
  <nestedLevel>3</nestedLevel>
  <escapedJava>false</escapedJava>
</record>
<record>
  <date>2026-01-27T10:56:36.797964700Z</date>
  <millis>1769511396797</millis>
  <nanos>964700</nanos>
  <sequence>950</sequence>
  <level>START</level>
  <class>com.kms.katalon.core.logging.XmlKeywordLogger</class>
  <method>startKeyword</method>
  <thread>1</thread>
  <message>Start action : if (cols.size() == 0)</message>
  <nestedLevel>3</nestedLevel>
  <escapedJava>false</escapedJava>
  <property name="startLine">45</property>
  <property name="stepIndex">2</property>
</record>
<record>
  <date>2026-01-27T10:56:36.798960500Z</date>
  <millis>1769511396798</millis>
  <nanos>960500</nanos>
  <sequence>951</sequence>
  <level>END</level>
  <class>com.kms.katalon.core.logging.XmlKeywordLogger</class>
  <method>endKeyword</method>
  <thread>1</thread>
  <message>End action : if (cols.size() == 0)</message>
  <nestedLevel>3</nestedLevel>
  <escapedJava>false</escapedJava>
</record>
<record>
  <date>2026-01-27T10:56:36.798960500Z</date>
  <millis>1769511396798</millis>
  <nanos>960500</nanos>
  <sequence>952</sequence>
  <level>START</level>
  <class>com.kms.katalon.core.logging.XmlKeywordLogger</class>
  <method>startKeyword</method>
  <thread>1</thread>
  <message>Start action : rowText = &amp;quot;&amp;quot;</message>
  <nestedLevel>3</nestedLevel>
  <escapedJava>false</escapedJava>
  <property name="startLine">49</property>
  <property name="stepIndex">3</property>
</record>
<record>
  <date>2026-01-27T10:56:36.800046100Z</date>
  <millis>1769511396800</millis>
  <nanos>46100</nanos>
  <sequence>953</sequence>
  <level>END</level>
  <class>com.kms.katalon.core.logging.XmlKeywordLogger</class>
  <method>endKeyword</method>
  <thread>1</thread>
  <message>End action : rowText = &amp;quot;&amp;quot;</message>
  <nestedLevel>3</nestedLevel>
  <escapedJava>false</escapedJava>
</record>
<record>
  <date>2026-01-27T10:56:36.801050800Z</date>
  <millis>1769511396801</millis>
  <nanos>50800</nanos>
  <sequence>954</sequence>
  <level>START</level>
  <class>com.kms.katalon.core.logging.XmlKeywordLogger</class>
  <method>startKeyword</method>
  <thread>1</thread>
  <message>Start action : for (org.openqa.selenium.WebElement col : cols)</message>
  <nestedLevel>3</nestedLevel>
  <escapedJava>false</escapedJava>
  <property name="startLine">51</property>
  <property name="stepIndex">4</property>
</record>
<record>
  <date>2026-01-27T10:56:36.801050800Z</date>
  <millis>1769511396801</millis>
  <nanos>50800</nanos>
  <sequence>955</sequence>
  <level>START</level>
  <class>com.kms.katalon.core.logging.XmlKeywordLogger</class>
  <method>startKeyword</method>
  <thread>1</thread>
  <message>Start action : rowText += col.getText() + &amp;quot; | &amp;quot;</message>
  <nestedLevel>4</nestedLevel>
  <escapedJava>false</escapedJava>
  <property name="startLine">52</property>
  <property name="stepIndex">1</property>
</record>
<record>
  <date>2026-01-27T10:56:36.818364Z</date>
  <millis>1769511396818</millis>
  <nanos>364000</nanos>
  <sequence>956</sequence>
  <level>END</level>
  <class>com.kms.katalon.core.logging.XmlKeywordLogger</class>
  <method>endKeyword</method>
  <thread>1</thread>
  <message>End action : rowText += col.getText() + &amp;quot; | &amp;quot;</message>
  <nestedLevel>4</nestedLevel>
  <escapedJava>false</escapedJava>
</record>
<record>
  <date>2026-01-27T10:56:36.818364Z</date>
  <millis>1769511396818</millis>
  <nanos>364000</nanos>
  <sequence>957</sequence>
  <level>START</level>
  <class>com.kms.katalon.core.logging.XmlKeywordLogger</class>
  <method>startKeyword</method>
  <thread>1</thread>
  <message>Start action : rowText += col.getText() + &amp;quot; | &amp;quot;</message>
  <nestedLevel>4</nestedLevel>
  <escapedJava>false</escapedJava>
  <property name="startLine">52</property>
  <property name="stepIndex">1</property>
</record>
<record>
  <date>2026-01-27T10:56:36.831630500Z</date>
  <millis>1769511396831</millis>
  <nanos>630500</nanos>
  <sequence>958</sequence>
  <level>END</level>
  <class>com.kms.katalon.core.logging.XmlKeywordLogger</class>
  <method>endKeyword</method>
  <thread>1</thread>
  <message>End action : rowText += col.getText() + &amp;quot; | &amp;quot;</message>
  <nestedLevel>4</nestedLevel>
  <escapedJava>false</escapedJava>
</record>
<record>
  <date>2026-01-27T10:56:36.831630500Z</date>
  <millis>1769511396831</millis>
  <nanos>630500</nanos>
  <sequence>959</sequence>
  <level>START</level>
  <class>com.kms.katalon.core.logging.XmlKeywordLogger</class>
  <method>startKeyword</method>
  <thread>1</thread>
  <message>Start action : rowText += col.getText() + &amp;quot; | &amp;quot;</message>
  <nestedLevel>4</nestedLevel>
  <escapedJava>false</escapedJava>
  <property name="startLine">52</property>
  <property name="stepIndex">1</property>
</record>
<record>
  <date>2026-01-27T10:56:36.844662500Z</date>
  <millis>1769511396844</millis>
  <nanos>662500</nanos>
  <sequence>960</sequence>
  <level>END</level>
  <class>com.kms.katalon.core.logging.XmlKeywordLogger</class>
  <method>endKeyword</method>
  <thread>1</thread>
  <message>End action : rowText += col.getText() + &amp;quot; | &amp;quot;</message>
  <nestedLevel>4</nestedLevel>
  <escapedJava>false</escapedJava>
</record>
<record>
  <date>2026-01-27T10:56:36.844662500Z</date>
  <millis>1769511396844</millis>
  <nanos>662500</nanos>
  <sequence>961</sequence>
  <level>START</level>
  <class>com.kms.katalon.core.logging.XmlKeywordLogger</class>
  <method>startKeyword</method>
  <thread>1</thread>
  <message>Start action : rowText += col.getText() + &amp;quot; | &amp;quot;</message>
  <nestedLevel>4</nestedLevel>
  <escapedJava>false</escapedJava>
  <property name="startLine">52</property>
  <property name="stepIndex">1</property>
</record>
<record>
  <date>2026-01-27T10:56:36.855325200Z</date>
  <millis>1769511396855</millis>
  <nanos>325200</nanos>
  <sequence>962</sequence>
  <level>END</level>
  <class>com.kms.katalon.core.logging.XmlKeywordLogger</class>
  <method>endKeyword</method>
  <thread>1</thread>
  <message>End action : rowText += col.getText() + &amp;quot; | &amp;quot;</message>
  <nestedLevel>4</nestedLevel>
  <escapedJava>false</escapedJava>
</record>
<record>
  <date>2026-01-27T10:56:36.855325200Z</date>
  <millis>1769511396855</millis>
  <nanos>325200</nanos>
  <sequence>963</sequence>
  <level>START</level>
  <class>com.kms.katalon.core.logging.XmlKeywordLogger</class>
  <method>startKeyword</method>
  <thread>1</thread>
  <message>Start action : rowText += col.getText() + &amp;quot; | &amp;quot;</message>
  <nestedLevel>4</nestedLevel>
  <escapedJava>false</escapedJava>
  <property name="startLine">52</property>
  <property name="stepIndex">1</property>
</record>
<record>
  <date>2026-01-27T10:56:36.867044Z</date>
  <millis>1769511396867</millis>
  <nanos>44000</nanos>
  <sequence>964</sequence>
  <level>END</level>
  <class>com.kms.katalon.core.logging.XmlKeywordLogger</class>
  <method>endKeyword</method>
  <thread>1</thread>
  <message>End action : rowText += col.getText() + &amp;quot; | &amp;quot;</message>
  <nestedLevel>4</nestedLevel>
  <escapedJava>false</escapedJava>
</record>
<record>
  <date>2026-01-27T10:56:36.868130500Z</date>
  <millis>1769511396868</millis>
  <nanos>130500</nanos>
  <sequence>965</sequence>
  <level>START</level>
  <class>com.kms.katalon.core.logging.XmlKeywordLogger</class>
  <method>startKeyword</method>
  <thread>1</thread>
  <message>Start action : rowText += col.getText() + &amp;quot; | &amp;quot;</message>
  <nestedLevel>4</nestedLevel>
  <escapedJava>false</escapedJava>
  <property name="startLine">52</property>
  <property name="stepIndex">1</property>
</record>
<record>
  <date>2026-01-27T10:56:36.879212900Z</date>
  <millis>1769511396879</millis>
  <nanos>212900</nanos>
  <sequence>966</sequence>
  <level>END</level>
  <class>com.kms.katalon.core.logging.XmlKeywordLogger</class>
  <method>endKeyword</method>
  <thread>1</thread>
  <message>End action : rowText += col.getText() + &amp;quot; | &amp;quot;</message>
  <nestedLevel>4</nestedLevel>
  <escapedJava>false</escapedJava>
</record>
<record>
  <date>2026-01-27T10:56:36.879212900Z</date>
  <millis>1769511396879</millis>
  <nanos>212900</nanos>
  <sequence>967</sequence>
  <level>START</level>
  <class>com.kms.katalon.core.logging.XmlKeywordLogger</class>
  <method>startKeyword</method>
  <thread>1</thread>
  <message>Start action : rowText += col.getText() + &amp;quot; | &amp;quot;</message>
  <nestedLevel>4</nestedLevel>
  <escapedJava>false</escapedJava>
  <property name="startLine">52</property>
  <property name="stepIndex">1</property>
</record>
<record>
  <date>2026-01-27T10:56:36.892329400Z</date>
  <millis>1769511396892</millis>
  <nanos>329400</nanos>
  <sequence>968</sequence>
  <level>END</level>
  <class>com.kms.katalon.core.logging.XmlKeywordLogger</class>
  <method>endKeyword</method>
  <thread>1</thread>
  <message>End action : rowText += col.getText() + &amp;quot; | &amp;quot;</message>
  <nestedLevel>4</nestedLevel>
  <escapedJava>false</escapedJava>
</record>
<record>
  <date>2026-01-27T10:56:36.892329400Z</date>
  <millis>1769511396892</millis>
  <nanos>329400</nanos>
  <sequence>969</sequence>
  <level>START</level>
  <class>com.kms.katalon.core.logging.XmlKeywordLogger</class>
  <method>startKeyword</method>
  <thread>1</thread>
  <message>Start action : rowText += col.getText() + &amp;quot; | &amp;quot;</message>
  <nestedLevel>4</nestedLevel>
  <escapedJava>false</escapedJava>
  <property name="startLine">52</property>
  <property name="stepIndex">1</property>
</record>
<record>
  <date>2026-01-27T10:56:36.904023Z</date>
  <millis>1769511396904</millis>
  <nanos>23000</nanos>
  <sequence>970</sequence>
  <level>END</level>
  <class>com.kms.katalon.core.logging.XmlKeywordLogger</class>
  <method>endKeyword</method>
  <thread>1</thread>
  <message>End action : rowText += col.getText() + &amp;quot; | &amp;quot;</message>
  <nestedLevel>4</nestedLevel>
  <escapedJava>false</escapedJava>
</record>
<record>
  <date>2026-01-27T10:56:36.904023Z</date>
  <millis>1769511396904</millis>
  <nanos>23000</nanos>
  <sequence>971</sequence>
  <level>END</level>
  <class>com.kms.katalon.core.logging.XmlKeywordLogger</class>
  <method>endKeyword</method>
  <thread>1</thread>
  <message>End action : for (org.openqa.selenium.WebElement col : cols)</message>
  <nestedLevel>3</nestedLevel>
  <escapedJava>false</escapedJava>
</record>
<record>
  <date>2026-01-27T10:56:36.904023Z</date>
  <millis>1769511396904</millis>
  <nanos>23000</nanos>
  <sequence>972</sequence>
  <level>START</level>
  <class>com.kms.katalon.core.logging.XmlKeywordLogger</class>
  <method>startKeyword</method>
  <thread>1</thread>
  <message>Start action : logInfo(&amp;quot;Row &amp;quot; + i + &amp;quot;: &amp;quot; + rowText)</message>
  <nestedLevel>3</nestedLevel>
  <escapedJava>false</escapedJava>
  <property name="startLine">55</property>
  <property name="stepIndex">5</property>
</record>
<record>
  <date>2026-01-27T10:56:36.904023Z</date>
  <millis>1769511396904</millis>
  <nanos>23000</nanos>
  <sequence>973</sequence>
  <level>INFO</level>
  <class>com.kms.katalon.core.logging.XmlKeywordLogger</class>
  <method>logMessage</method>
  <thread>1</thread>
  <message>Row 26:  | 26 | Automation Robot | 08.75h | 4 | 3377 | +2 | Development Tools | </message>
  <nestedLevel>1</nestedLevel>
  <escapedJava>false</escapedJava>
</record>
<record>
  <date>2026-01-27T10:56:36.904023Z</date>
  <millis>1769511396904</millis>
  <nanos>23000</nanos>
  <sequence>974</sequence>
  <level>END</level>
  <class>com.kms.katalon.core.logging.XmlKeywordLogger</class>
  <method>endKeyword</method>
  <thread>1</thread>
  <message>End action : logInfo(&amp;quot;Row &amp;quot; + i + &amp;quot;: &amp;quot; + rowText)</message>
  <nestedLevel>3</nestedLevel>
  <escapedJava>false</escapedJava>
</record>
<record>
  <date>2026-01-27T10:56:36.905029800Z</date>
  <millis>1769511396905</millis>
  <nanos>29800</nanos>
  <sequence>975</sequence>
  <level>START</level>
  <class>com.kms.katalon.core.logging.XmlKeywordLogger</class>
  <method>startKeyword</method>
  <thread>1</thread>
  <message>Start action : cols = get(i).findElements(By.tagName(&amp;quot;td&amp;quot;))</message>
  <nestedLevel>3</nestedLevel>
  <escapedJava>false</escapedJava>
  <property name="startLine">42</property>
  <property name="stepIndex">1</property>
</record>
<record>
  <date>2026-01-27T10:56:37.163992200Z</date>
  <millis>1769511397163</millis>
  <nanos>992200</nanos>
  <sequence>976</sequence>
  <level>END</level>
  <class>com.kms.katalon.core.logging.XmlKeywordLogger</class>
  <method>endKeyword</method>
  <thread>1</thread>
  <message>End action : cols = get(i).findElements(By.tagName(&amp;quot;td&amp;quot;))</message>
  <nestedLevel>3</nestedLevel>
  <escapedJava>false</escapedJava>
</record>
<record>
  <date>2026-01-27T10:56:37.163992200Z</date>
  <millis>1769511397163</millis>
  <nanos>992200</nanos>
  <sequence>977</sequence>
  <level>START</level>
  <class>com.kms.katalon.core.logging.XmlKeywordLogger</class>
  <method>startKeyword</method>
  <thread>1</thread>
  <message>Start action : if (cols.size() == 0)</message>
  <nestedLevel>3</nestedLevel>
  <escapedJava>false</escapedJava>
  <property name="startLine">45</property>
  <property name="stepIndex">2</property>
</record>
<record>
  <date>2026-01-27T10:56:37.165080600Z</date>
  <millis>1769511397165</millis>
  <nanos>80600</nanos>
  <sequence>978</sequence>
  <level>END</level>
  <class>com.kms.katalon.core.logging.XmlKeywordLogger</class>
  <method>endKeyword</method>
  <thread>1</thread>
  <message>End action : if (cols.size() == 0)</message>
  <nestedLevel>3</nestedLevel>
  <escapedJava>false</escapedJava>
</record>
<record>
  <date>2026-01-27T10:56:37.166076400Z</date>
  <millis>1769511397166</millis>
  <nanos>76400</nanos>
  <sequence>979</sequence>
  <level>START</level>
  <class>com.kms.katalon.core.logging.XmlKeywordLogger</class>
  <method>startKeyword</method>
  <thread>1</thread>
  <message>Start action : rowText = &amp;quot;&amp;quot;</message>
  <nestedLevel>3</nestedLevel>
  <escapedJava>false</escapedJava>
  <property name="startLine">49</property>
  <property name="stepIndex">3</property>
</record>
<record>
  <date>2026-01-27T10:56:37.166076400Z</date>
  <millis>1769511397166</millis>
  <nanos>76400</nanos>
  <sequence>980</sequence>
  <level>END</level>
  <class>com.kms.katalon.core.logging.XmlKeywordLogger</class>
  <method>endKeyword</method>
  <thread>1</thread>
  <message>End action : rowText = &amp;quot;&amp;quot;</message>
  <nestedLevel>3</nestedLevel>
  <escapedJava>false</escapedJava>
</record>
<record>
  <date>2026-01-27T10:56:37.166076400Z</date>
  <millis>1769511397166</millis>
  <nanos>76400</nanos>
  <sequence>981</sequence>
  <level>START</level>
  <class>com.kms.katalon.core.logging.XmlKeywordLogger</class>
  <method>startKeyword</method>
  <thread>1</thread>
  <message>Start action : for (org.openqa.selenium.WebElement col : cols)</message>
  <nestedLevel>3</nestedLevel>
  <escapedJava>false</escapedJava>
  <property name="startLine">51</property>
  <property name="stepIndex">4</property>
</record>
<record>
  <date>2026-01-27T10:56:37.166076400Z</date>
  <millis>1769511397166</millis>
  <nanos>76400</nanos>
  <sequence>982</sequence>
  <level>START</level>
  <class>com.kms.katalon.core.logging.XmlKeywordLogger</class>
  <method>startKeyword</method>
  <thread>1</thread>
  <message>Start action : rowText += col.getText() + &amp;quot; | &amp;quot;</message>
  <nestedLevel>4</nestedLevel>
  <escapedJava>false</escapedJava>
  <property name="startLine">52</property>
  <property name="stepIndex">1</property>
</record>
<record>
  <date>2026-01-27T10:56:37.191276Z</date>
  <millis>1769511397191</millis>
  <nanos>276000</nanos>
  <sequence>983</sequence>
  <level>END</level>
  <class>com.kms.katalon.core.logging.XmlKeywordLogger</class>
  <method>endKeyword</method>
  <thread>1</thread>
  <message>End action : rowText += col.getText() + &amp;quot; | &amp;quot;</message>
  <nestedLevel>4</nestedLevel>
  <escapedJava>false</escapedJava>
</record>
<record>
  <date>2026-01-27T10:56:37.191276Z</date>
  <millis>1769511397191</millis>
  <nanos>276000</nanos>
  <sequence>984</sequence>
  <level>START</level>
  <class>com.kms.katalon.core.logging.XmlKeywordLogger</class>
  <method>startKeyword</method>
  <thread>1</thread>
  <message>Start action : rowText += col.getText() + &amp;quot; | &amp;quot;</message>
  <nestedLevel>4</nestedLevel>
  <escapedJava>false</escapedJava>
  <property name="startLine">52</property>
  <property name="stepIndex">1</property>
</record>
<record>
  <date>2026-01-27T10:56:37.214728800Z</date>
  <millis>1769511397214</millis>
  <nanos>728800</nanos>
  <sequence>985</sequence>
  <level>END</level>
  <class>com.kms.katalon.core.logging.XmlKeywordLogger</class>
  <method>endKeyword</method>
  <thread>1</thread>
  <message>End action : rowText += col.getText() + &amp;quot; | &amp;quot;</message>
  <nestedLevel>4</nestedLevel>
  <escapedJava>false</escapedJava>
</record>
<record>
  <date>2026-01-27T10:56:37.214728800Z</date>
  <millis>1769511397214</millis>
  <nanos>728800</nanos>
  <sequence>986</sequence>
  <level>START</level>
  <class>com.kms.katalon.core.logging.XmlKeywordLogger</class>
  <method>startKeyword</method>
  <thread>1</thread>
  <message>Start action : rowText += col.getText() + &amp;quot; | &amp;quot;</message>
  <nestedLevel>4</nestedLevel>
  <escapedJava>false</escapedJava>
  <property name="startLine">52</property>
  <property name="stepIndex">1</property>
</record>
<record>
  <date>2026-01-27T10:56:37.233065100Z</date>
  <millis>1769511397233</millis>
  <nanos>65100</nanos>
  <sequence>987</sequence>
  <level>END</level>
  <class>com.kms.katalon.core.logging.XmlKeywordLogger</class>
  <method>endKeyword</method>
  <thread>1</thread>
  <message>End action : rowText += col.getText() + &amp;quot; | &amp;quot;</message>
  <nestedLevel>4</nestedLevel>
  <escapedJava>false</escapedJava>
</record>
<record>
  <date>2026-01-27T10:56:37.233065100Z</date>
  <millis>1769511397233</millis>
  <nanos>65100</nanos>
  <sequence>988</sequence>
  <level>START</level>
  <class>com.kms.katalon.core.logging.XmlKeywordLogger</class>
  <method>startKeyword</method>
  <thread>1</thread>
  <message>Start action : rowText += col.getText() + &amp;quot; | &amp;quot;</message>
  <nestedLevel>4</nestedLevel>
  <escapedJava>false</escapedJava>
  <property name="startLine">52</property>
  <property name="stepIndex">1</property>
</record>
<record>
  <date>2026-01-27T10:56:37.254046400Z</date>
  <millis>1769511397254</millis>
  <nanos>46400</nanos>
  <sequence>989</sequence>
  <level>END</level>
  <class>com.kms.katalon.core.logging.XmlKeywordLogger</class>
  <method>endKeyword</method>
  <thread>1</thread>
  <message>End action : rowText += col.getText() + &amp;quot; | &amp;quot;</message>
  <nestedLevel>4</nestedLevel>
  <escapedJava>false</escapedJava>
</record>
<record>
  <date>2026-01-27T10:56:37.255515800Z</date>
  <millis>1769511397255</millis>
  <nanos>515800</nanos>
  <sequence>990</sequence>
  <level>START</level>
  <class>com.kms.katalon.core.logging.XmlKeywordLogger</class>
  <method>startKeyword</method>
  <thread>1</thread>
  <message>Start action : rowText += col.getText() + &amp;quot; | &amp;quot;</message>
  <nestedLevel>4</nestedLevel>
  <escapedJava>false</escapedJava>
  <property name="startLine">52</property>
  <property name="stepIndex">1</property>
</record>
<record>
  <date>2026-01-27T10:56:37.269628500Z</date>
  <millis>1769511397269</millis>
  <nanos>628500</nanos>
  <sequence>991</sequence>
  <level>END</level>
  <class>com.kms.katalon.core.logging.XmlKeywordLogger</class>
  <method>endKeyword</method>
  <thread>1</thread>
  <message>End action : rowText += col.getText() + &amp;quot; | &amp;quot;</message>
  <nestedLevel>4</nestedLevel>
  <escapedJava>false</escapedJava>
</record>
<record>
  <date>2026-01-27T10:56:37.269628500Z</date>
  <millis>1769511397269</millis>
  <nanos>628500</nanos>
  <sequence>992</sequence>
  <level>START</level>
  <class>com.kms.katalon.core.logging.XmlKeywordLogger</class>
  <method>startKeyword</method>
  <thread>1</thread>
  <message>Start action : rowText += col.getText() + &amp;quot; | &amp;quot;</message>
  <nestedLevel>4</nestedLevel>
  <escapedJava>false</escapedJava>
  <property name="startLine">52</property>
  <property name="stepIndex">1</property>
</record>
<record>
  <date>2026-01-27T10:56:37.283481Z</date>
  <millis>1769511397283</millis>
  <nanos>481000</nanos>
  <sequence>993</sequence>
  <level>END</level>
  <class>com.kms.katalon.core.logging.XmlKeywordLogger</class>
  <method>endKeyword</method>
  <thread>1</thread>
  <message>End action : rowText += col.getText() + &amp;quot; | &amp;quot;</message>
  <nestedLevel>4</nestedLevel>
  <escapedJava>false</escapedJava>
</record>
<record>
  <date>2026-01-27T10:56:37.283481Z</date>
  <millis>1769511397283</millis>
  <nanos>481000</nanos>
  <sequence>994</sequence>
  <level>START</level>
  <class>com.kms.katalon.core.logging.XmlKeywordLogger</class>
  <method>startKeyword</method>
  <thread>1</thread>
  <message>Start action : rowText += col.getText() + &amp;quot; | &amp;quot;</message>
  <nestedLevel>4</nestedLevel>
  <escapedJava>false</escapedJava>
  <property name="startLine">52</property>
  <property name="stepIndex">1</property>
</record>
<record>
  <date>2026-01-27T10:56:37.302327400Z</date>
  <millis>1769511397302</millis>
  <nanos>327400</nanos>
  <sequence>995</sequence>
  <level>END</level>
  <class>com.kms.katalon.core.logging.XmlKeywordLogger</class>
  <method>endKeyword</method>
  <thread>1</thread>
  <message>End action : rowText += col.getText() + &amp;quot; | &amp;quot;</message>
  <nestedLevel>4</nestedLevel>
  <escapedJava>false</escapedJava>
</record>
<record>
  <date>2026-01-27T10:56:37.303323900Z</date>
  <millis>1769511397303</millis>
  <nanos>323900</nanos>
  <sequence>996</sequence>
  <level>START</level>
  <class>com.kms.katalon.core.logging.XmlKeywordLogger</class>
  <method>startKeyword</method>
  <thread>1</thread>
  <message>Start action : rowText += col.getText() + &amp;quot; | &amp;quot;</message>
  <nestedLevel>4</nestedLevel>
  <escapedJava>false</escapedJava>
  <property name="startLine">52</property>
  <property name="stepIndex">1</property>
</record>
<record>
  <date>2026-01-27T10:56:37.317804100Z</date>
  <millis>1769511397317</millis>
  <nanos>804100</nanos>
  <sequence>997</sequence>
  <level>END</level>
  <class>com.kms.katalon.core.logging.XmlKeywordLogger</class>
  <method>endKeyword</method>
  <thread>1</thread>
  <message>End action : rowText += col.getText() + &amp;quot; | &amp;quot;</message>
  <nestedLevel>4</nestedLevel>
  <escapedJava>false</escapedJava>
</record>
<record>
  <date>2026-01-27T10:56:37.317804100Z</date>
  <millis>1769511397317</millis>
  <nanos>804100</nanos>
  <sequence>998</sequence>
  <level>END</level>
  <class>com.kms.katalon.core.logging.XmlKeywordLogger</class>
  <method>endKeyword</method>
  <thread>1</thread>
  <message>End action : for (org.openqa.selenium.WebElement col : cols)</message>
  <nestedLevel>3</nestedLevel>
  <escapedJava>false</escapedJava>
</record>
<record>
  <date>2026-01-27T10:56:37.317804100Z</date>
  <millis>1769511397317</millis>
  <nanos>804100</nanos>
  <sequence>999</sequence>
  <level>START</level>
  <class>com.kms.katalon.core.logging.XmlKeywordLogger</class>
  <method>startKeyword</method>
  <thread>1</thread>
  <message>Start action : logInfo(&amp;quot;Row &amp;quot; + i + &amp;quot;: &amp;quot; + rowText)</message>
  <nestedLevel>3</nestedLevel>
  <escapedJava>false</escapedJava>
  <property name="startLine">55</property>
  <property name="stepIndex">5</property>
</record>
<record>
  <date>2026-01-27T10:56:37.318803200Z</date>
  <millis>1769511397318</millis>
  <nanos>803200</nanos>
  <sequence>1000</sequence>
  <level>INFO</level>
  <class>com.kms.katalon.core.logging.XmlKeywordLogger</class>
  <method>logMessage</method>
  <thread>1</thread>
  <message>Row 27:  | 27 | Jenkins | 08.26h | 47 | 4064 | +2 | Development Tools | </message>
  <nestedLevel>1</nestedLevel>
  <escapedJava>false</escapedJava>
</record>
<record>
  <date>2026-01-27T10:56:37.318803200Z</date>
  <millis>1769511397318</millis>
  <nanos>803200</nanos>
  <sequence>1001</sequence>
  <level>END</level>
  <class>com.kms.katalon.core.logging.XmlKeywordLogger</class>
  <method>endKeyword</method>
  <thread>1</thread>
  <message>End action : logInfo(&amp;quot;Row &amp;quot; + i + &amp;quot;: &amp;quot; + rowText)</message>
  <nestedLevel>3</nestedLevel>
  <escapedJava>false</escapedJava>
</record>
<record>
  <date>2026-01-27T10:56:37.319799900Z</date>
  <millis>1769511397319</millis>
  <nanos>799900</nanos>
  <sequence>1002</sequence>
  <level>START</level>
  <class>com.kms.katalon.core.logging.XmlKeywordLogger</class>
  <method>startKeyword</method>
  <thread>1</thread>
  <message>Start action : cols = get(i).findElements(By.tagName(&amp;quot;td&amp;quot;))</message>
  <nestedLevel>3</nestedLevel>
  <escapedJava>false</escapedJava>
  <property name="startLine">42</property>
  <property name="stepIndex">1</property>
</record>
<record>
  <date>2026-01-27T10:56:37.581790300Z</date>
  <millis>1769511397581</millis>
  <nanos>790300</nanos>
  <sequence>1003</sequence>
  <level>END</level>
  <class>com.kms.katalon.core.logging.XmlKeywordLogger</class>
  <method>endKeyword</method>
  <thread>1</thread>
  <message>End action : cols = get(i).findElements(By.tagName(&amp;quot;td&amp;quot;))</message>
  <nestedLevel>3</nestedLevel>
  <escapedJava>false</escapedJava>
</record>
<record>
  <date>2026-01-27T10:56:37.582788100Z</date>
  <millis>1769511397582</millis>
  <nanos>788100</nanos>
  <sequence>1004</sequence>
  <level>START</level>
  <class>com.kms.katalon.core.logging.XmlKeywordLogger</class>
  <method>startKeyword</method>
  <thread>1</thread>
  <message>Start action : if (cols.size() == 0)</message>
  <nestedLevel>3</nestedLevel>
  <escapedJava>false</escapedJava>
  <property name="startLine">45</property>
  <property name="stepIndex">2</property>
</record>
<record>
  <date>2026-01-27T10:56:37.582788100Z</date>
  <millis>1769511397582</millis>
  <nanos>788100</nanos>
  <sequence>1005</sequence>
  <level>END</level>
  <class>com.kms.katalon.core.logging.XmlKeywordLogger</class>
  <method>endKeyword</method>
  <thread>1</thread>
  <message>End action : if (cols.size() == 0)</message>
  <nestedLevel>3</nestedLevel>
  <escapedJava>false</escapedJava>
</record>
<record>
  <date>2026-01-27T10:56:37.582788100Z</date>
  <millis>1769511397582</millis>
  <nanos>788100</nanos>
  <sequence>1006</sequence>
  <level>START</level>
  <class>com.kms.katalon.core.logging.XmlKeywordLogger</class>
  <method>startKeyword</method>
  <thread>1</thread>
  <message>Start action : rowText = &amp;quot;&amp;quot;</message>
  <nestedLevel>3</nestedLevel>
  <escapedJava>false</escapedJava>
  <property name="startLine">49</property>
  <property name="stepIndex">3</property>
</record>
<record>
  <date>2026-01-27T10:56:37.583785600Z</date>
  <millis>1769511397583</millis>
  <nanos>785600</nanos>
  <sequence>1007</sequence>
  <level>END</level>
  <class>com.kms.katalon.core.logging.XmlKeywordLogger</class>
  <method>endKeyword</method>
  <thread>1</thread>
  <message>End action : rowText = &amp;quot;&amp;quot;</message>
  <nestedLevel>3</nestedLevel>
  <escapedJava>false</escapedJava>
</record>
<record>
  <date>2026-01-27T10:56:37.583785600Z</date>
  <millis>1769511397583</millis>
  <nanos>785600</nanos>
  <sequence>1008</sequence>
  <level>START</level>
  <class>com.kms.katalon.core.logging.XmlKeywordLogger</class>
  <method>startKeyword</method>
  <thread>1</thread>
  <message>Start action : for (org.openqa.selenium.WebElement col : cols)</message>
  <nestedLevel>3</nestedLevel>
  <escapedJava>false</escapedJava>
  <property name="startLine">51</property>
  <property name="stepIndex">4</property>
</record>
<record>
  <date>2026-01-27T10:56:37.584783Z</date>
  <millis>1769511397584</millis>
  <nanos>783000</nanos>
  <sequence>1009</sequence>
  <level>START</level>
  <class>com.kms.katalon.core.logging.XmlKeywordLogger</class>
  <method>startKeyword</method>
  <thread>1</thread>
  <message>Start action : rowText += col.getText() + &amp;quot; | &amp;quot;</message>
  <nestedLevel>4</nestedLevel>
  <escapedJava>false</escapedJava>
  <property name="startLine">52</property>
  <property name="stepIndex">1</property>
</record>
<record>
  <date>2026-01-27T10:56:37.598298400Z</date>
  <millis>1769511397598</millis>
  <nanos>298400</nanos>
  <sequence>1010</sequence>
  <level>END</level>
  <class>com.kms.katalon.core.logging.XmlKeywordLogger</class>
  <method>endKeyword</method>
  <thread>1</thread>
  <message>End action : rowText += col.getText() + &amp;quot; | &amp;quot;</message>
  <nestedLevel>4</nestedLevel>
  <escapedJava>false</escapedJava>
</record>
<record>
  <date>2026-01-27T10:56:37.598298400Z</date>
  <millis>1769511397598</millis>
  <nanos>298400</nanos>
  <sequence>1011</sequence>
  <level>START</level>
  <class>com.kms.katalon.core.logging.XmlKeywordLogger</class>
  <method>startKeyword</method>
  <thread>1</thread>
  <message>Start action : rowText += col.getText() + &amp;quot; | &amp;quot;</message>
  <nestedLevel>4</nestedLevel>
  <escapedJava>false</escapedJava>
  <property name="startLine">52</property>
  <property name="stepIndex">1</property>
</record>
<record>
  <date>2026-01-27T10:56:37.615414200Z</date>
  <millis>1769511397615</millis>
  <nanos>414200</nanos>
  <sequence>1012</sequence>
  <level>END</level>
  <class>com.kms.katalon.core.logging.XmlKeywordLogger</class>
  <method>endKeyword</method>
  <thread>1</thread>
  <message>End action : rowText += col.getText() + &amp;quot; | &amp;quot;</message>
  <nestedLevel>4</nestedLevel>
  <escapedJava>false</escapedJava>
</record>
<record>
  <date>2026-01-27T10:56:37.615414200Z</date>
  <millis>1769511397615</millis>
  <nanos>414200</nanos>
  <sequence>1013</sequence>
  <level>START</level>
  <class>com.kms.katalon.core.logging.XmlKeywordLogger</class>
  <method>startKeyword</method>
  <thread>1</thread>
  <message>Start action : rowText += col.getText() + &amp;quot; | &amp;quot;</message>
  <nestedLevel>4</nestedLevel>
  <escapedJava>false</escapedJava>
  <property name="startLine">52</property>
  <property name="stepIndex">1</property>
</record>
<record>
  <date>2026-01-27T10:56:37.629565400Z</date>
  <millis>1769511397629</millis>
  <nanos>565400</nanos>
  <sequence>1014</sequence>
  <level>END</level>
  <class>com.kms.katalon.core.logging.XmlKeywordLogger</class>
  <method>endKeyword</method>
  <thread>1</thread>
  <message>End action : rowText += col.getText() + &amp;quot; | &amp;quot;</message>
  <nestedLevel>4</nestedLevel>
  <escapedJava>false</escapedJava>
</record>
<record>
  <date>2026-01-27T10:56:37.629565400Z</date>
  <millis>1769511397629</millis>
  <nanos>565400</nanos>
  <sequence>1015</sequence>
  <level>START</level>
  <class>com.kms.katalon.core.logging.XmlKeywordLogger</class>
  <method>startKeyword</method>
  <thread>1</thread>
  <message>Start action : rowText += col.getText() + &amp;quot; | &amp;quot;</message>
  <nestedLevel>4</nestedLevel>
  <escapedJava>false</escapedJava>
  <property name="startLine">52</property>
  <property name="stepIndex">1</property>
</record>
<record>
  <date>2026-01-27T10:56:37.639762200Z</date>
  <millis>1769511397639</millis>
  <nanos>762200</nanos>
  <sequence>1016</sequence>
  <level>END</level>
  <class>com.kms.katalon.core.logging.XmlKeywordLogger</class>
  <method>endKeyword</method>
  <thread>1</thread>
  <message>End action : rowText += col.getText() + &amp;quot; | &amp;quot;</message>
  <nestedLevel>4</nestedLevel>
  <escapedJava>false</escapedJava>
</record>
<record>
  <date>2026-01-27T10:56:37.639762200Z</date>
  <millis>1769511397639</millis>
  <nanos>762200</nanos>
  <sequence>1017</sequence>
  <level>START</level>
  <class>com.kms.katalon.core.logging.XmlKeywordLogger</class>
  <method>startKeyword</method>
  <thread>1</thread>
  <message>Start action : rowText += col.getText() + &amp;quot; | &amp;quot;</message>
  <nestedLevel>4</nestedLevel>
  <escapedJava>false</escapedJava>
  <property name="startLine">52</property>
  <property name="stepIndex">1</property>
</record>
<record>
  <date>2026-01-27T10:56:37.652211600Z</date>
  <millis>1769511397652</millis>
  <nanos>211600</nanos>
  <sequence>1018</sequence>
  <level>END</level>
  <class>com.kms.katalon.core.logging.XmlKeywordLogger</class>
  <method>endKeyword</method>
  <thread>1</thread>
  <message>End action : rowText += col.getText() + &amp;quot; | &amp;quot;</message>
  <nestedLevel>4</nestedLevel>
  <escapedJava>false</escapedJava>
</record>
<record>
  <date>2026-01-27T10:56:37.654361600Z</date>
  <millis>1769511397654</millis>
  <nanos>361600</nanos>
  <sequence>1019</sequence>
  <level>START</level>
  <class>com.kms.katalon.core.logging.XmlKeywordLogger</class>
  <method>startKeyword</method>
  <thread>1</thread>
  <message>Start action : rowText += col.getText() + &amp;quot; | &amp;quot;</message>
  <nestedLevel>4</nestedLevel>
  <escapedJava>false</escapedJava>
  <property name="startLine">52</property>
  <property name="stepIndex">1</property>
</record>
<record>
  <date>2026-01-27T10:56:37.665710Z</date>
  <millis>1769511397665</millis>
  <nanos>710000</nanos>
  <sequence>1020</sequence>
  <level>END</level>
  <class>com.kms.katalon.core.logging.XmlKeywordLogger</class>
  <method>endKeyword</method>
  <thread>1</thread>
  <message>End action : rowText += col.getText() + &amp;quot; | &amp;quot;</message>
  <nestedLevel>4</nestedLevel>
  <escapedJava>false</escapedJava>
</record>
<record>
  <date>2026-01-27T10:56:37.665710Z</date>
  <millis>1769511397665</millis>
  <nanos>710000</nanos>
  <sequence>1021</sequence>
  <level>START</level>
  <class>com.kms.katalon.core.logging.XmlKeywordLogger</class>
  <method>startKeyword</method>
  <thread>1</thread>
  <message>Start action : rowText += col.getText() + &amp;quot; | &amp;quot;</message>
  <nestedLevel>4</nestedLevel>
  <escapedJava>false</escapedJava>
  <property name="startLine">52</property>
  <property name="stepIndex">1</property>
</record>
<record>
  <date>2026-01-27T10:56:37.678624Z</date>
  <millis>1769511397678</millis>
  <nanos>624000</nanos>
  <sequence>1022</sequence>
  <level>END</level>
  <class>com.kms.katalon.core.logging.XmlKeywordLogger</class>
  <method>endKeyword</method>
  <thread>1</thread>
  <message>End action : rowText += col.getText() + &amp;quot; | &amp;quot;</message>
  <nestedLevel>4</nestedLevel>
  <escapedJava>false</escapedJava>
</record>
<record>
  <date>2026-01-27T10:56:37.678624Z</date>
  <millis>1769511397678</millis>
  <nanos>624000</nanos>
  <sequence>1023</sequence>
  <level>START</level>
  <class>com.kms.katalon.core.logging.XmlKeywordLogger</class>
  <method>startKeyword</method>
  <thread>1</thread>
  <message>Start action : rowText += col.getText() + &amp;quot; | &amp;quot;</message>
  <nestedLevel>4</nestedLevel>
  <escapedJava>false</escapedJava>
  <property name="startLine">52</property>
  <property name="stepIndex">1</property>
</record>
<record>
  <date>2026-01-27T10:56:37.691155100Z</date>
  <millis>1769511397691</millis>
  <nanos>155100</nanos>
  <sequence>1024</sequence>
  <level>END</level>
  <class>com.kms.katalon.core.logging.XmlKeywordLogger</class>
  <method>endKeyword</method>
  <thread>1</thread>
  <message>End action : rowText += col.getText() + &amp;quot; | &amp;quot;</message>
  <nestedLevel>4</nestedLevel>
  <escapedJava>false</escapedJava>
</record>
<record>
  <date>2026-01-27T10:56:37.691155100Z</date>
  <millis>1769511397691</millis>
  <nanos>155100</nanos>
  <sequence>1025</sequence>
  <level>END</level>
  <class>com.kms.katalon.core.logging.XmlKeywordLogger</class>
  <method>endKeyword</method>
  <thread>1</thread>
  <message>End action : for (org.openqa.selenium.WebElement col : cols)</message>
  <nestedLevel>3</nestedLevel>
  <escapedJava>false</escapedJava>
</record>
<record>
  <date>2026-01-27T10:56:37.691155100Z</date>
  <millis>1769511397691</millis>
  <nanos>155100</nanos>
  <sequence>1026</sequence>
  <level>START</level>
  <class>com.kms.katalon.core.logging.XmlKeywordLogger</class>
  <method>startKeyword</method>
  <thread>1</thread>
  <message>Start action : logInfo(&amp;quot;Row &amp;quot; + i + &amp;quot;: &amp;quot; + rowText)</message>
  <nestedLevel>3</nestedLevel>
  <escapedJava>false</escapedJava>
  <property name="startLine">55</property>
  <property name="stepIndex">5</property>
</record>
<record>
  <date>2026-01-27T10:56:37.691155100Z</date>
  <millis>1769511397691</millis>
  <nanos>155100</nanos>
  <sequence>1027</sequence>
  <level>INFO</level>
  <class>com.kms.katalon.core.logging.XmlKeywordLogger</class>
  <method>logMessage</method>
  <thread>1</thread>
  <message>Row 28:  | 28 | Unproductive Sites | 08.26h | 40 | 1379 | 0 | Unproductive | </message>
  <nestedLevel>1</nestedLevel>
  <escapedJava>false</escapedJava>
</record>
<record>
  <date>2026-01-27T10:56:37.692157400Z</date>
  <millis>1769511397692</millis>
  <nanos>157400</nanos>
  <sequence>1028</sequence>
  <level>END</level>
  <class>com.kms.katalon.core.logging.XmlKeywordLogger</class>
  <method>endKeyword</method>
  <thread>1</thread>
  <message>End action : logInfo(&amp;quot;Row &amp;quot; + i + &amp;quot;: &amp;quot; + rowText)</message>
  <nestedLevel>3</nestedLevel>
  <escapedJava>false</escapedJava>
</record>
<record>
  <date>2026-01-27T10:56:37.692157400Z</date>
  <millis>1769511397692</millis>
  <nanos>157400</nanos>
  <sequence>1029</sequence>
  <level>START</level>
  <class>com.kms.katalon.core.logging.XmlKeywordLogger</class>
  <method>startKeyword</method>
  <thread>1</thread>
  <message>Start action : cols = get(i).findElements(By.tagName(&amp;quot;td&amp;quot;))</message>
  <nestedLevel>3</nestedLevel>
  <escapedJava>false</escapedJava>
  <property name="startLine">42</property>
  <property name="stepIndex">1</property>
</record>
<record>
  <date>2026-01-27T10:56:37.965237400Z</date>
  <millis>1769511397965</millis>
  <nanos>237400</nanos>
  <sequence>1030</sequence>
  <level>END</level>
  <class>com.kms.katalon.core.logging.XmlKeywordLogger</class>
  <method>endKeyword</method>
  <thread>1</thread>
  <message>End action : cols = get(i).findElements(By.tagName(&amp;quot;td&amp;quot;))</message>
  <nestedLevel>3</nestedLevel>
  <escapedJava>false</escapedJava>
</record>
<record>
  <date>2026-01-27T10:56:37.965237400Z</date>
  <millis>1769511397965</millis>
  <nanos>237400</nanos>
  <sequence>1031</sequence>
  <level>START</level>
  <class>com.kms.katalon.core.logging.XmlKeywordLogger</class>
  <method>startKeyword</method>
  <thread>1</thread>
  <message>Start action : if (cols.size() == 0)</message>
  <nestedLevel>3</nestedLevel>
  <escapedJava>false</escapedJava>
  <property name="startLine">45</property>
  <property name="stepIndex">2</property>
</record>
<record>
  <date>2026-01-27T10:56:37.966235100Z</date>
  <millis>1769511397966</millis>
  <nanos>235100</nanos>
  <sequence>1032</sequence>
  <level>END</level>
  <class>com.kms.katalon.core.logging.XmlKeywordLogger</class>
  <method>endKeyword</method>
  <thread>1</thread>
  <message>End action : if (cols.size() == 0)</message>
  <nestedLevel>3</nestedLevel>
  <escapedJava>false</escapedJava>
</record>
<record>
  <date>2026-01-27T10:56:37.966235100Z</date>
  <millis>1769511397966</millis>
  <nanos>235100</nanos>
  <sequence>1033</sequence>
  <level>START</level>
  <class>com.kms.katalon.core.logging.XmlKeywordLogger</class>
  <method>startKeyword</method>
  <thread>1</thread>
  <message>Start action : rowText = &amp;quot;&amp;quot;</message>
  <nestedLevel>3</nestedLevel>
  <escapedJava>false</escapedJava>
  <property name="startLine">49</property>
  <property name="stepIndex">3</property>
</record>
<record>
  <date>2026-01-27T10:56:37.967410400Z</date>
  <millis>1769511397967</millis>
  <nanos>410400</nanos>
  <sequence>1034</sequence>
  <level>END</level>
  <class>com.kms.katalon.core.logging.XmlKeywordLogger</class>
  <method>endKeyword</method>
  <thread>1</thread>
  <message>End action : rowText = &amp;quot;&amp;quot;</message>
  <nestedLevel>3</nestedLevel>
  <escapedJava>false</escapedJava>
</record>
<record>
  <date>2026-01-27T10:56:37.967410400Z</date>
  <millis>1769511397967</millis>
  <nanos>410400</nanos>
  <sequence>1035</sequence>
  <level>START</level>
  <class>com.kms.katalon.core.logging.XmlKeywordLogger</class>
  <method>startKeyword</method>
  <thread>1</thread>
  <message>Start action : for (org.openqa.selenium.WebElement col : cols)</message>
  <nestedLevel>3</nestedLevel>
  <escapedJava>false</escapedJava>
  <property name="startLine">51</property>
  <property name="stepIndex">4</property>
</record>
<record>
  <date>2026-01-27T10:56:37.968407600Z</date>
  <millis>1769511397968</millis>
  <nanos>407600</nanos>
  <sequence>1036</sequence>
  <level>START</level>
  <class>com.kms.katalon.core.logging.XmlKeywordLogger</class>
  <method>startKeyword</method>
  <thread>1</thread>
  <message>Start action : rowText += col.getText() + &amp;quot; | &amp;quot;</message>
  <nestedLevel>4</nestedLevel>
  <escapedJava>false</escapedJava>
  <property name="startLine">52</property>
  <property name="stepIndex">1</property>
</record>
<record>
  <date>2026-01-27T10:56:37.983906200Z</date>
  <millis>1769511397983</millis>
  <nanos>906200</nanos>
  <sequence>1037</sequence>
  <level>END</level>
  <class>com.kms.katalon.core.logging.XmlKeywordLogger</class>
  <method>endKeyword</method>
  <thread>1</thread>
  <message>End action : rowText += col.getText() + &amp;quot; | &amp;quot;</message>
  <nestedLevel>4</nestedLevel>
  <escapedJava>false</escapedJava>
</record>
<record>
  <date>2026-01-27T10:56:37.984967100Z</date>
  <millis>1769511397984</millis>
  <nanos>967100</nanos>
  <sequence>1038</sequence>
  <level>START</level>
  <class>com.kms.katalon.core.logging.XmlKeywordLogger</class>
  <method>startKeyword</method>
  <thread>1</thread>
  <message>Start action : rowText += col.getText() + &amp;quot; | &amp;quot;</message>
  <nestedLevel>4</nestedLevel>
  <escapedJava>false</escapedJava>
  <property name="startLine">52</property>
  <property name="stepIndex">1</property>
</record>
<record>
  <date>2026-01-27T10:56:37.999975200Z</date>
  <millis>1769511397999</millis>
  <nanos>975200</nanos>
  <sequence>1039</sequence>
  <level>END</level>
  <class>com.kms.katalon.core.logging.XmlKeywordLogger</class>
  <method>endKeyword</method>
  <thread>1</thread>
  <message>End action : rowText += col.getText() + &amp;quot; | &amp;quot;</message>
  <nestedLevel>4</nestedLevel>
  <escapedJava>false</escapedJava>
</record>
<record>
  <date>2026-01-27T10:56:37.999975200Z</date>
  <millis>1769511397999</millis>
  <nanos>975200</nanos>
  <sequence>1040</sequence>
  <level>START</level>
  <class>com.kms.katalon.core.logging.XmlKeywordLogger</class>
  <method>startKeyword</method>
  <thread>1</thread>
  <message>Start action : rowText += col.getText() + &amp;quot; | &amp;quot;</message>
  <nestedLevel>4</nestedLevel>
  <escapedJava>false</escapedJava>
  <property name="startLine">52</property>
  <property name="stepIndex">1</property>
</record>
<record>
  <date>2026-01-27T10:56:38.012900100Z</date>
  <millis>1769511398012</millis>
  <nanos>900100</nanos>
  <sequence>1041</sequence>
  <level>END</level>
  <class>com.kms.katalon.core.logging.XmlKeywordLogger</class>
  <method>endKeyword</method>
  <thread>1</thread>
  <message>End action : rowText += col.getText() + &amp;quot; | &amp;quot;</message>
  <nestedLevel>4</nestedLevel>
  <escapedJava>false</escapedJava>
</record>
<record>
  <date>2026-01-27T10:56:38.013903700Z</date>
  <millis>1769511398013</millis>
  <nanos>903700</nanos>
  <sequence>1042</sequence>
  <level>START</level>
  <class>com.kms.katalon.core.logging.XmlKeywordLogger</class>
  <method>startKeyword</method>
  <thread>1</thread>
  <message>Start action : rowText += col.getText() + &amp;quot; | &amp;quot;</message>
  <nestedLevel>4</nestedLevel>
  <escapedJava>false</escapedJava>
  <property name="startLine">52</property>
  <property name="stepIndex">1</property>
</record>
<record>
  <date>2026-01-27T10:56:38.023928300Z</date>
  <millis>1769511398023</millis>
  <nanos>928300</nanos>
  <sequence>1043</sequence>
  <level>END</level>
  <class>com.kms.katalon.core.logging.XmlKeywordLogger</class>
  <method>endKeyword</method>
  <thread>1</thread>
  <message>End action : rowText += col.getText() + &amp;quot; | &amp;quot;</message>
  <nestedLevel>4</nestedLevel>
  <escapedJava>false</escapedJava>
</record>
<record>
  <date>2026-01-27T10:56:38.025194300Z</date>
  <millis>1769511398025</millis>
  <nanos>194300</nanos>
  <sequence>1044</sequence>
  <level>START</level>
  <class>com.kms.katalon.core.logging.XmlKeywordLogger</class>
  <method>startKeyword</method>
  <thread>1</thread>
  <message>Start action : rowText += col.getText() + &amp;quot; | &amp;quot;</message>
  <nestedLevel>4</nestedLevel>
  <escapedJava>false</escapedJava>
  <property name="startLine">52</property>
  <property name="stepIndex">1</property>
</record>
<record>
  <date>2026-01-27T10:56:38.037944Z</date>
  <millis>1769511398037</millis>
  <nanos>944000</nanos>
  <sequence>1045</sequence>
  <level>END</level>
  <class>com.kms.katalon.core.logging.XmlKeywordLogger</class>
  <method>endKeyword</method>
  <thread>1</thread>
  <message>End action : rowText += col.getText() + &amp;quot; | &amp;quot;</message>
  <nestedLevel>4</nestedLevel>
  <escapedJava>false</escapedJava>
</record>
<record>
  <date>2026-01-27T10:56:38.038942800Z</date>
  <millis>1769511398038</millis>
  <nanos>942800</nanos>
  <sequence>1046</sequence>
  <level>START</level>
  <class>com.kms.katalon.core.logging.XmlKeywordLogger</class>
  <method>startKeyword</method>
  <thread>1</thread>
  <message>Start action : rowText += col.getText() + &amp;quot; | &amp;quot;</message>
  <nestedLevel>4</nestedLevel>
  <escapedJava>false</escapedJava>
  <property name="startLine">52</property>
  <property name="stepIndex">1</property>
</record>
<record>
  <date>2026-01-27T10:56:38.050958Z</date>
  <millis>1769511398050</millis>
  <nanos>958000</nanos>
  <sequence>1047</sequence>
  <level>END</level>
  <class>com.kms.katalon.core.logging.XmlKeywordLogger</class>
  <method>endKeyword</method>
  <thread>1</thread>
  <message>End action : rowText += col.getText() + &amp;quot; | &amp;quot;</message>
  <nestedLevel>4</nestedLevel>
  <escapedJava>false</escapedJava>
</record>
<record>
  <date>2026-01-27T10:56:38.050958Z</date>
  <millis>1769511398050</millis>
  <nanos>958000</nanos>
  <sequence>1048</sequence>
  <level>START</level>
  <class>com.kms.katalon.core.logging.XmlKeywordLogger</class>
  <method>startKeyword</method>
  <thread>1</thread>
  <message>Start action : rowText += col.getText() + &amp;quot; | &amp;quot;</message>
  <nestedLevel>4</nestedLevel>
  <escapedJava>false</escapedJava>
  <property name="startLine">52</property>
  <property name="stepIndex">1</property>
</record>
<record>
  <date>2026-01-27T10:56:38.066048300Z</date>
  <millis>1769511398066</millis>
  <nanos>48300</nanos>
  <sequence>1049</sequence>
  <level>END</level>
  <class>com.kms.katalon.core.logging.XmlKeywordLogger</class>
  <method>endKeyword</method>
  <thread>1</thread>
  <message>End action : rowText += col.getText() + &amp;quot; | &amp;quot;</message>
  <nestedLevel>4</nestedLevel>
  <escapedJava>false</escapedJava>
</record>
<record>
  <date>2026-01-27T10:56:38.066048300Z</date>
  <millis>1769511398066</millis>
  <nanos>48300</nanos>
  <sequence>1050</sequence>
  <level>START</level>
  <class>com.kms.katalon.core.logging.XmlKeywordLogger</class>
  <method>startKeyword</method>
  <thread>1</thread>
  <message>Start action : rowText += col.getText() + &amp;quot; | &amp;quot;</message>
  <nestedLevel>4</nestedLevel>
  <escapedJava>false</escapedJava>
  <property name="startLine">52</property>
  <property name="stepIndex">1</property>
</record>
<record>
  <date>2026-01-27T10:56:38.077262Z</date>
  <millis>1769511398077</millis>
  <nanos>262000</nanos>
  <sequence>1051</sequence>
  <level>END</level>
  <class>com.kms.katalon.core.logging.XmlKeywordLogger</class>
  <method>endKeyword</method>
  <thread>1</thread>
  <message>End action : rowText += col.getText() + &amp;quot; | &amp;quot;</message>
  <nestedLevel>4</nestedLevel>
  <escapedJava>false</escapedJava>
</record>
<record>
  <date>2026-01-27T10:56:38.077262Z</date>
  <millis>1769511398077</millis>
  <nanos>262000</nanos>
  <sequence>1052</sequence>
  <level>END</level>
  <class>com.kms.katalon.core.logging.XmlKeywordLogger</class>
  <method>endKeyword</method>
  <thread>1</thread>
  <message>End action : for (org.openqa.selenium.WebElement col : cols)</message>
  <nestedLevel>3</nestedLevel>
  <escapedJava>false</escapedJava>
</record>
<record>
  <date>2026-01-27T10:56:38.078274300Z</date>
  <millis>1769511398078</millis>
  <nanos>274300</nanos>
  <sequence>1053</sequence>
  <level>START</level>
  <class>com.kms.katalon.core.logging.XmlKeywordLogger</class>
  <method>startKeyword</method>
  <thread>1</thread>
  <message>Start action : logInfo(&amp;quot;Row &amp;quot; + i + &amp;quot;: &amp;quot; + rowText)</message>
  <nestedLevel>3</nestedLevel>
  <escapedJava>false</escapedJava>
  <property name="startLine">55</property>
  <property name="stepIndex">5</property>
</record>
<record>
  <date>2026-01-27T10:56:38.078274300Z</date>
  <millis>1769511398078</millis>
  <nanos>274300</nanos>
  <sequence>1054</sequence>
  <level>INFO</level>
  <class>com.kms.katalon.core.logging.XmlKeywordLogger</class>
  <method>logMessage</method>
  <thread>1</thread>
  <message>Row 29:  | 29 | Word | 07.45h | 9 | 1355 | +2 | Documentation Tools | </message>
  <nestedLevel>1</nestedLevel>
  <escapedJava>false</escapedJava>
</record>
<record>
  <date>2026-01-27T10:56:38.078274300Z</date>
  <millis>1769511398078</millis>
  <nanos>274300</nanos>
  <sequence>1055</sequence>
  <level>END</level>
  <class>com.kms.katalon.core.logging.XmlKeywordLogger</class>
  <method>endKeyword</method>
  <thread>1</thread>
  <message>End action : logInfo(&amp;quot;Row &amp;quot; + i + &amp;quot;: &amp;quot; + rowText)</message>
  <nestedLevel>3</nestedLevel>
  <escapedJava>false</escapedJava>
</record>
<record>
  <date>2026-01-27T10:56:38.078274300Z</date>
  <millis>1769511398078</millis>
  <nanos>274300</nanos>
  <sequence>1056</sequence>
  <level>START</level>
  <class>com.kms.katalon.core.logging.XmlKeywordLogger</class>
  <method>startKeyword</method>
  <thread>1</thread>
  <message>Start action : cols = get(i).findElements(By.tagName(&amp;quot;td&amp;quot;))</message>
  <nestedLevel>3</nestedLevel>
  <escapedJava>false</escapedJava>
  <property name="startLine">42</property>
  <property name="stepIndex">1</property>
</record>
<record>
  <date>2026-01-27T10:56:38.354295500Z</date>
  <millis>1769511398354</millis>
  <nanos>295500</nanos>
  <sequence>1057</sequence>
  <level>END</level>
  <class>com.kms.katalon.core.logging.XmlKeywordLogger</class>
  <method>endKeyword</method>
  <thread>1</thread>
  <message>End action : cols = get(i).findElements(By.tagName(&amp;quot;td&amp;quot;))</message>
  <nestedLevel>3</nestedLevel>
  <escapedJava>false</escapedJava>
</record>
<record>
  <date>2026-01-27T10:56:38.354295500Z</date>
  <millis>1769511398354</millis>
  <nanos>295500</nanos>
  <sequence>1058</sequence>
  <level>START</level>
  <class>com.kms.katalon.core.logging.XmlKeywordLogger</class>
  <method>startKeyword</method>
  <thread>1</thread>
  <message>Start action : if (cols.size() == 0)</message>
  <nestedLevel>3</nestedLevel>
  <escapedJava>false</escapedJava>
  <property name="startLine">45</property>
  <property name="stepIndex">2</property>
</record>
<record>
  <date>2026-01-27T10:56:38.355303700Z</date>
  <millis>1769511398355</millis>
  <nanos>303700</nanos>
  <sequence>1059</sequence>
  <level>END</level>
  <class>com.kms.katalon.core.logging.XmlKeywordLogger</class>
  <method>endKeyword</method>
  <thread>1</thread>
  <message>End action : if (cols.size() == 0)</message>
  <nestedLevel>3</nestedLevel>
  <escapedJava>false</escapedJava>
</record>
<record>
  <date>2026-01-27T10:56:38.355303700Z</date>
  <millis>1769511398355</millis>
  <nanos>303700</nanos>
  <sequence>1060</sequence>
  <level>START</level>
  <class>com.kms.katalon.core.logging.XmlKeywordLogger</class>
  <method>startKeyword</method>
  <thread>1</thread>
  <message>Start action : rowText = &amp;quot;&amp;quot;</message>
  <nestedLevel>3</nestedLevel>
  <escapedJava>false</escapedJava>
  <property name="startLine">49</property>
  <property name="stepIndex">3</property>
</record>
<record>
  <date>2026-01-27T10:56:38.356302800Z</date>
  <millis>1769511398356</millis>
  <nanos>302800</nanos>
  <sequence>1061</sequence>
  <level>END</level>
  <class>com.kms.katalon.core.logging.XmlKeywordLogger</class>
  <method>endKeyword</method>
  <thread>1</thread>
  <message>End action : rowText = &amp;quot;&amp;quot;</message>
  <nestedLevel>3</nestedLevel>
  <escapedJava>false</escapedJava>
</record>
<record>
  <date>2026-01-27T10:56:38.356302800Z</date>
  <millis>1769511398356</millis>
  <nanos>302800</nanos>
  <sequence>1062</sequence>
  <level>START</level>
  <class>com.kms.katalon.core.logging.XmlKeywordLogger</class>
  <method>startKeyword</method>
  <thread>1</thread>
  <message>Start action : for (org.openqa.selenium.WebElement col : cols)</message>
  <nestedLevel>3</nestedLevel>
  <escapedJava>false</escapedJava>
  <property name="startLine">51</property>
  <property name="stepIndex">4</property>
</record>
<record>
  <date>2026-01-27T10:56:38.356302800Z</date>
  <millis>1769511398356</millis>
  <nanos>302800</nanos>
  <sequence>1063</sequence>
  <level>START</level>
  <class>com.kms.katalon.core.logging.XmlKeywordLogger</class>
  <method>startKeyword</method>
  <thread>1</thread>
  <message>Start action : rowText += col.getText() + &amp;quot; | &amp;quot;</message>
  <nestedLevel>4</nestedLevel>
  <escapedJava>false</escapedJava>
  <property name="startLine">52</property>
  <property name="stepIndex">1</property>
</record>
<record>
  <date>2026-01-27T10:56:38.379186700Z</date>
  <millis>1769511398379</millis>
  <nanos>186700</nanos>
  <sequence>1064</sequence>
  <level>END</level>
  <class>com.kms.katalon.core.logging.XmlKeywordLogger</class>
  <method>endKeyword</method>
  <thread>1</thread>
  <message>End action : rowText += col.getText() + &amp;quot; | &amp;quot;</message>
  <nestedLevel>4</nestedLevel>
  <escapedJava>false</escapedJava>
</record>
<record>
  <date>2026-01-27T10:56:38.379186700Z</date>
  <millis>1769511398379</millis>
  <nanos>186700</nanos>
  <sequence>1065</sequence>
  <level>START</level>
  <class>com.kms.katalon.core.logging.XmlKeywordLogger</class>
  <method>startKeyword</method>
  <thread>1</thread>
  <message>Start action : rowText += col.getText() + &amp;quot; | &amp;quot;</message>
  <nestedLevel>4</nestedLevel>
  <escapedJava>false</escapedJava>
  <property name="startLine">52</property>
  <property name="stepIndex">1</property>
</record>
<record>
  <date>2026-01-27T10:56:38.393781100Z</date>
  <millis>1769511398393</millis>
  <nanos>781100</nanos>
  <sequence>1066</sequence>
  <level>END</level>
  <class>com.kms.katalon.core.logging.XmlKeywordLogger</class>
  <method>endKeyword</method>
  <thread>1</thread>
  <message>End action : rowText += col.getText() + &amp;quot; | &amp;quot;</message>
  <nestedLevel>4</nestedLevel>
  <escapedJava>false</escapedJava>
</record>
<record>
  <date>2026-01-27T10:56:38.394782800Z</date>
  <millis>1769511398394</millis>
  <nanos>782800</nanos>
  <sequence>1067</sequence>
  <level>START</level>
  <class>com.kms.katalon.core.logging.XmlKeywordLogger</class>
  <method>startKeyword</method>
  <thread>1</thread>
  <message>Start action : rowText += col.getText() + &amp;quot; | &amp;quot;</message>
  <nestedLevel>4</nestedLevel>
  <escapedJava>false</escapedJava>
  <property name="startLine">52</property>
  <property name="stepIndex">1</property>
</record>
<record>
  <date>2026-01-27T10:56:38.406235Z</date>
  <millis>1769511398406</millis>
  <nanos>235000</nanos>
  <sequence>1068</sequence>
  <level>END</level>
  <class>com.kms.katalon.core.logging.XmlKeywordLogger</class>
  <method>endKeyword</method>
  <thread>1</thread>
  <message>End action : rowText += col.getText() + &amp;quot; | &amp;quot;</message>
  <nestedLevel>4</nestedLevel>
  <escapedJava>false</escapedJava>
</record>
<record>
  <date>2026-01-27T10:56:38.406235Z</date>
  <millis>1769511398406</millis>
  <nanos>235000</nanos>
  <sequence>1069</sequence>
  <level>START</level>
  <class>com.kms.katalon.core.logging.XmlKeywordLogger</class>
  <method>startKeyword</method>
  <thread>1</thread>
  <message>Start action : rowText += col.getText() + &amp;quot; | &amp;quot;</message>
  <nestedLevel>4</nestedLevel>
  <escapedJava>false</escapedJava>
  <property name="startLine">52</property>
  <property name="stepIndex">1</property>
</record>
<record>
  <date>2026-01-27T10:56:38.416037200Z</date>
  <millis>1769511398416</millis>
  <nanos>37200</nanos>
  <sequence>1070</sequence>
  <level>END</level>
  <class>com.kms.katalon.core.logging.XmlKeywordLogger</class>
  <method>endKeyword</method>
  <thread>1</thread>
  <message>End action : rowText += col.getText() + &amp;quot; | &amp;quot;</message>
  <nestedLevel>4</nestedLevel>
  <escapedJava>false</escapedJava>
</record>
<record>
  <date>2026-01-27T10:56:38.417047500Z</date>
  <millis>1769511398417</millis>
  <nanos>47500</nanos>
  <sequence>1071</sequence>
  <level>START</level>
  <class>com.kms.katalon.core.logging.XmlKeywordLogger</class>
  <method>startKeyword</method>
  <thread>1</thread>
  <message>Start action : rowText += col.getText() + &amp;quot; | &amp;quot;</message>
  <nestedLevel>4</nestedLevel>
  <escapedJava>false</escapedJava>
  <property name="startLine">52</property>
  <property name="stepIndex">1</property>
</record>
<record>
  <date>2026-01-27T10:56:38.428200600Z</date>
  <millis>1769511398428</millis>
  <nanos>200600</nanos>
  <sequence>1072</sequence>
  <level>END</level>
  <class>com.kms.katalon.core.logging.XmlKeywordLogger</class>
  <method>endKeyword</method>
  <thread>1</thread>
  <message>End action : rowText += col.getText() + &amp;quot; | &amp;quot;</message>
  <nestedLevel>4</nestedLevel>
  <escapedJava>false</escapedJava>
</record>
<record>
  <date>2026-01-27T10:56:38.428200600Z</date>
  <millis>1769511398428</millis>
  <nanos>200600</nanos>
  <sequence>1073</sequence>
  <level>START</level>
  <class>com.kms.katalon.core.logging.XmlKeywordLogger</class>
  <method>startKeyword</method>
  <thread>1</thread>
  <message>Start action : rowText += col.getText() + &amp;quot; | &amp;quot;</message>
  <nestedLevel>4</nestedLevel>
  <escapedJava>false</escapedJava>
  <property name="startLine">52</property>
  <property name="stepIndex">1</property>
</record>
<record>
  <date>2026-01-27T10:56:38.439181200Z</date>
  <millis>1769511398439</millis>
  <nanos>181200</nanos>
  <sequence>1074</sequence>
  <level>END</level>
  <class>com.kms.katalon.core.logging.XmlKeywordLogger</class>
  <method>endKeyword</method>
  <thread>1</thread>
  <message>End action : rowText += col.getText() + &amp;quot; | &amp;quot;</message>
  <nestedLevel>4</nestedLevel>
  <escapedJava>false</escapedJava>
</record>
<record>
  <date>2026-01-27T10:56:38.440215600Z</date>
  <millis>1769511398440</millis>
  <nanos>215600</nanos>
  <sequence>1075</sequence>
  <level>START</level>
  <class>com.kms.katalon.core.logging.XmlKeywordLogger</class>
  <method>startKeyword</method>
  <thread>1</thread>
  <message>Start action : rowText += col.getText() + &amp;quot; | &amp;quot;</message>
  <nestedLevel>4</nestedLevel>
  <escapedJava>false</escapedJava>
  <property name="startLine">52</property>
  <property name="stepIndex">1</property>
</record>
<record>
  <date>2026-01-27T10:56:38.452692800Z</date>
  <millis>1769511398452</millis>
  <nanos>692800</nanos>
  <sequence>1076</sequence>
  <level>END</level>
  <class>com.kms.katalon.core.logging.XmlKeywordLogger</class>
  <method>endKeyword</method>
  <thread>1</thread>
  <message>End action : rowText += col.getText() + &amp;quot; | &amp;quot;</message>
  <nestedLevel>4</nestedLevel>
  <escapedJava>false</escapedJava>
</record>
<record>
  <date>2026-01-27T10:56:38.453837400Z</date>
  <millis>1769511398453</millis>
  <nanos>837400</nanos>
  <sequence>1077</sequence>
  <level>START</level>
  <class>com.kms.katalon.core.logging.XmlKeywordLogger</class>
  <method>startKeyword</method>
  <thread>1</thread>
  <message>Start action : rowText += col.getText() + &amp;quot; | &amp;quot;</message>
  <nestedLevel>4</nestedLevel>
  <escapedJava>false</escapedJava>
  <property name="startLine">52</property>
  <property name="stepIndex">1</property>
</record>
<record>
  <date>2026-01-27T10:56:38.467637500Z</date>
  <millis>1769511398467</millis>
  <nanos>637500</nanos>
  <sequence>1078</sequence>
  <level>END</level>
  <class>com.kms.katalon.core.logging.XmlKeywordLogger</class>
  <method>endKeyword</method>
  <thread>1</thread>
  <message>End action : rowText += col.getText() + &amp;quot; | &amp;quot;</message>
  <nestedLevel>4</nestedLevel>
  <escapedJava>false</escapedJava>
</record>
<record>
  <date>2026-01-27T10:56:38.467637500Z</date>
  <millis>1769511398467</millis>
  <nanos>637500</nanos>
  <sequence>1079</sequence>
  <level>END</level>
  <class>com.kms.katalon.core.logging.XmlKeywordLogger</class>
  <method>endKeyword</method>
  <thread>1</thread>
  <message>End action : for (org.openqa.selenium.WebElement col : cols)</message>
  <nestedLevel>3</nestedLevel>
  <escapedJava>false</escapedJava>
</record>
<record>
  <date>2026-01-27T10:56:38.467637500Z</date>
  <millis>1769511398467</millis>
  <nanos>637500</nanos>
  <sequence>1080</sequence>
  <level>START</level>
  <class>com.kms.katalon.core.logging.XmlKeywordLogger</class>
  <method>startKeyword</method>
  <thread>1</thread>
  <message>Start action : logInfo(&amp;quot;Row &amp;quot; + i + &amp;quot;: &amp;quot; + rowText)</message>
  <nestedLevel>3</nestedLevel>
  <escapedJava>false</escapedJava>
  <property name="startLine">55</property>
  <property name="stepIndex">5</property>
</record>
<record>
  <date>2026-01-27T10:56:38.467637500Z</date>
  <millis>1769511398467</millis>
  <nanos>637500</nanos>
  <sequence>1081</sequence>
  <level>INFO</level>
  <class>com.kms.katalon.core.logging.XmlKeywordLogger</class>
  <method>logMessage</method>
  <thread>1</thread>
  <message>Row 30:  | 30 | Grey Tip HR | 06.64h | 42 | 1106 | +2 | Internal Applications | </message>
  <nestedLevel>1</nestedLevel>
  <escapedJava>false</escapedJava>
</record>
<record>
  <date>2026-01-27T10:56:38.468641200Z</date>
  <millis>1769511398468</millis>
  <nanos>641200</nanos>
  <sequence>1082</sequence>
  <level>END</level>
  <class>com.kms.katalon.core.logging.XmlKeywordLogger</class>
  <method>endKeyword</method>
  <thread>1</thread>
  <message>End action : logInfo(&amp;quot;Row &amp;quot; + i + &amp;quot;: &amp;quot; + rowText)</message>
  <nestedLevel>3</nestedLevel>
  <escapedJava>false</escapedJava>
</record>
<record>
  <date>2026-01-27T10:56:38.468641200Z</date>
  <millis>1769511398468</millis>
  <nanos>641200</nanos>
  <sequence>1083</sequence>
  <level>START</level>
  <class>com.kms.katalon.core.logging.XmlKeywordLogger</class>
  <method>startKeyword</method>
  <thread>1</thread>
  <message>Start action : cols = get(i).findElements(By.tagName(&amp;quot;td&amp;quot;))</message>
  <nestedLevel>3</nestedLevel>
  <escapedJava>false</escapedJava>
  <property name="startLine">42</property>
  <property name="stepIndex">1</property>
</record>
<record>
  <date>2026-01-27T10:56:38.743881300Z</date>
  <millis>1769511398743</millis>
  <nanos>881300</nanos>
  <sequence>1084</sequence>
  <level>END</level>
  <class>com.kms.katalon.core.logging.XmlKeywordLogger</class>
  <method>endKeyword</method>
  <thread>1</thread>
  <message>End action : cols = get(i).findElements(By.tagName(&amp;quot;td&amp;quot;))</message>
  <nestedLevel>3</nestedLevel>
  <escapedJava>false</escapedJava>
</record>
<record>
  <date>2026-01-27T10:56:38.745097700Z</date>
  <millis>1769511398745</millis>
  <nanos>97700</nanos>
  <sequence>1085</sequence>
  <level>START</level>
  <class>com.kms.katalon.core.logging.XmlKeywordLogger</class>
  <method>startKeyword</method>
  <thread>1</thread>
  <message>Start action : if (cols.size() == 0)</message>
  <nestedLevel>3</nestedLevel>
  <escapedJava>false</escapedJava>
  <property name="startLine">45</property>
  <property name="stepIndex">2</property>
</record>
<record>
  <date>2026-01-27T10:56:38.746297200Z</date>
  <millis>1769511398746</millis>
  <nanos>297200</nanos>
  <sequence>1086</sequence>
  <level>END</level>
  <class>com.kms.katalon.core.logging.XmlKeywordLogger</class>
  <method>endKeyword</method>
  <thread>1</thread>
  <message>End action : if (cols.size() == 0)</message>
  <nestedLevel>3</nestedLevel>
  <escapedJava>false</escapedJava>
</record>
<record>
  <date>2026-01-27T10:56:38.746297200Z</date>
  <millis>1769511398746</millis>
  <nanos>297200</nanos>
  <sequence>1087</sequence>
  <level>START</level>
  <class>com.kms.katalon.core.logging.XmlKeywordLogger</class>
  <method>startKeyword</method>
  <thread>1</thread>
  <message>Start action : rowText = &amp;quot;&amp;quot;</message>
  <nestedLevel>3</nestedLevel>
  <escapedJava>false</escapedJava>
  <property name="startLine">49</property>
  <property name="stepIndex">3</property>
</record>
<record>
  <date>2026-01-27T10:56:38.746297200Z</date>
  <millis>1769511398746</millis>
  <nanos>297200</nanos>
  <sequence>1088</sequence>
  <level>END</level>
  <class>com.kms.katalon.core.logging.XmlKeywordLogger</class>
  <method>endKeyword</method>
  <thread>1</thread>
  <message>End action : rowText = &amp;quot;&amp;quot;</message>
  <nestedLevel>3</nestedLevel>
  <escapedJava>false</escapedJava>
</record>
<record>
  <date>2026-01-27T10:56:38.747292200Z</date>
  <millis>1769511398747</millis>
  <nanos>292200</nanos>
  <sequence>1089</sequence>
  <level>START</level>
  <class>com.kms.katalon.core.logging.XmlKeywordLogger</class>
  <method>startKeyword</method>
  <thread>1</thread>
  <message>Start action : for (org.openqa.selenium.WebElement col : cols)</message>
  <nestedLevel>3</nestedLevel>
  <escapedJava>false</escapedJava>
  <property name="startLine">51</property>
  <property name="stepIndex">4</property>
</record>
<record>
  <date>2026-01-27T10:56:38.747292200Z</date>
  <millis>1769511398747</millis>
  <nanos>292200</nanos>
  <sequence>1090</sequence>
  <level>START</level>
  <class>com.kms.katalon.core.logging.XmlKeywordLogger</class>
  <method>startKeyword</method>
  <thread>1</thread>
  <message>Start action : rowText += col.getText() + &amp;quot; | &amp;quot;</message>
  <nestedLevel>4</nestedLevel>
  <escapedJava>false</escapedJava>
  <property name="startLine">52</property>
  <property name="stepIndex">1</property>
</record>
<record>
  <date>2026-01-27T10:56:38.763143300Z</date>
  <millis>1769511398763</millis>
  <nanos>143300</nanos>
  <sequence>1091</sequence>
  <level>END</level>
  <class>com.kms.katalon.core.logging.XmlKeywordLogger</class>
  <method>endKeyword</method>
  <thread>1</thread>
  <message>End action : rowText += col.getText() + &amp;quot; | &amp;quot;</message>
  <nestedLevel>4</nestedLevel>
  <escapedJava>false</escapedJava>
</record>
<record>
  <date>2026-01-27T10:56:38.763143300Z</date>
  <millis>1769511398763</millis>
  <nanos>143300</nanos>
  <sequence>1092</sequence>
  <level>START</level>
  <class>com.kms.katalon.core.logging.XmlKeywordLogger</class>
  <method>startKeyword</method>
  <thread>1</thread>
  <message>Start action : rowText += col.getText() + &amp;quot; | &amp;quot;</message>
  <nestedLevel>4</nestedLevel>
  <escapedJava>false</escapedJava>
  <property name="startLine">52</property>
  <property name="stepIndex">1</property>
</record>
<record>
  <date>2026-01-27T10:56:38.775624900Z</date>
  <millis>1769511398775</millis>
  <nanos>624900</nanos>
  <sequence>1093</sequence>
  <level>END</level>
  <class>com.kms.katalon.core.logging.XmlKeywordLogger</class>
  <method>endKeyword</method>
  <thread>1</thread>
  <message>End action : rowText += col.getText() + &amp;quot; | &amp;quot;</message>
  <nestedLevel>4</nestedLevel>
  <escapedJava>false</escapedJava>
</record>
<record>
  <date>2026-01-27T10:56:38.775624900Z</date>
  <millis>1769511398775</millis>
  <nanos>624900</nanos>
  <sequence>1094</sequence>
  <level>START</level>
  <class>com.kms.katalon.core.logging.XmlKeywordLogger</class>
  <method>startKeyword</method>
  <thread>1</thread>
  <message>Start action : rowText += col.getText() + &amp;quot; | &amp;quot;</message>
  <nestedLevel>4</nestedLevel>
  <escapedJava>false</escapedJava>
  <property name="startLine">52</property>
  <property name="stepIndex">1</property>
</record>
<record>
  <date>2026-01-27T10:56:38.785923600Z</date>
  <millis>1769511398785</millis>
  <nanos>923600</nanos>
  <sequence>1095</sequence>
  <level>END</level>
  <class>com.kms.katalon.core.logging.XmlKeywordLogger</class>
  <method>endKeyword</method>
  <thread>1</thread>
  <message>End action : rowText += col.getText() + &amp;quot; | &amp;quot;</message>
  <nestedLevel>4</nestedLevel>
  <escapedJava>false</escapedJava>
</record>
<record>
  <date>2026-01-27T10:56:38.785923600Z</date>
  <millis>1769511398785</millis>
  <nanos>923600</nanos>
  <sequence>1096</sequence>
  <level>START</level>
  <class>com.kms.katalon.core.logging.XmlKeywordLogger</class>
  <method>startKeyword</method>
  <thread>1</thread>
  <message>Start action : rowText += col.getText() + &amp;quot; | &amp;quot;</message>
  <nestedLevel>4</nestedLevel>
  <escapedJava>false</escapedJava>
  <property name="startLine">52</property>
  <property name="stepIndex">1</property>
</record>
<record>
  <date>2026-01-27T10:56:38.800Z</date>
  <millis>1769511398800</millis>
  <sequence>1097</sequence>
  <level>END</level>
  <class>com.kms.katalon.core.logging.XmlKeywordLogger</class>
  <method>endKeyword</method>
  <thread>1</thread>
  <message>End action : rowText += col.getText() + &amp;quot; | &amp;quot;</message>
  <nestedLevel>4</nestedLevel>
  <escapedJava>false</escapedJava>
</record>
<record>
  <date>2026-01-27T10:56:38.800Z</date>
  <millis>1769511398800</millis>
  <sequence>1098</sequence>
  <level>START</level>
  <class>com.kms.katalon.core.logging.XmlKeywordLogger</class>
  <method>startKeyword</method>
  <thread>1</thread>
  <message>Start action : rowText += col.getText() + &amp;quot; | &amp;quot;</message>
  <nestedLevel>4</nestedLevel>
  <escapedJava>false</escapedJava>
  <property name="startLine">52</property>
  <property name="stepIndex">1</property>
</record>
<record>
  <date>2026-01-27T10:56:38.813583900Z</date>
  <millis>1769511398813</millis>
  <nanos>583900</nanos>
  <sequence>1099</sequence>
  <level>END</level>
  <class>com.kms.katalon.core.logging.XmlKeywordLogger</class>
  <method>endKeyword</method>
  <thread>1</thread>
  <message>End action : rowText += col.getText() + &amp;quot; | &amp;quot;</message>
  <nestedLevel>4</nestedLevel>
  <escapedJava>false</escapedJava>
</record>
<record>
  <date>2026-01-27T10:56:38.813583900Z</date>
  <millis>1769511398813</millis>
  <nanos>583900</nanos>
  <sequence>1100</sequence>
  <level>START</level>
  <class>com.kms.katalon.core.logging.XmlKeywordLogger</class>
  <method>startKeyword</method>
  <thread>1</thread>
  <message>Start action : rowText += col.getText() + &amp;quot; | &amp;quot;</message>
  <nestedLevel>4</nestedLevel>
  <escapedJava>false</escapedJava>
  <property name="startLine">52</property>
  <property name="stepIndex">1</property>
</record>
<record>
  <date>2026-01-27T10:56:38.826105Z</date>
  <millis>1769511398826</millis>
  <nanos>105000</nanos>
  <sequence>1101</sequence>
  <level>END</level>
  <class>com.kms.katalon.core.logging.XmlKeywordLogger</class>
  <method>endKeyword</method>
  <thread>1</thread>
  <message>End action : rowText += col.getText() + &amp;quot; | &amp;quot;</message>
  <nestedLevel>4</nestedLevel>
  <escapedJava>false</escapedJava>
</record>
<record>
  <date>2026-01-27T10:56:38.826105Z</date>
  <millis>1769511398826</millis>
  <nanos>105000</nanos>
  <sequence>1102</sequence>
  <level>START</level>
  <class>com.kms.katalon.core.logging.XmlKeywordLogger</class>
  <method>startKeyword</method>
  <thread>1</thread>
  <message>Start action : rowText += col.getText() + &amp;quot; | &amp;quot;</message>
  <nestedLevel>4</nestedLevel>
  <escapedJava>false</escapedJava>
  <property name="startLine">52</property>
  <property name="stepIndex">1</property>
</record>
<record>
  <date>2026-01-27T10:56:38.835726100Z</date>
  <millis>1769511398835</millis>
  <nanos>726100</nanos>
  <sequence>1103</sequence>
  <level>END</level>
  <class>com.kms.katalon.core.logging.XmlKeywordLogger</class>
  <method>endKeyword</method>
  <thread>1</thread>
  <message>End action : rowText += col.getText() + &amp;quot; | &amp;quot;</message>
  <nestedLevel>4</nestedLevel>
  <escapedJava>false</escapedJava>
</record>
<record>
  <date>2026-01-27T10:56:38.837049700Z</date>
  <millis>1769511398837</millis>
  <nanos>49700</nanos>
  <sequence>1104</sequence>
  <level>START</level>
  <class>com.kms.katalon.core.logging.XmlKeywordLogger</class>
  <method>startKeyword</method>
  <thread>1</thread>
  <message>Start action : rowText += col.getText() + &amp;quot; | &amp;quot;</message>
  <nestedLevel>4</nestedLevel>
  <escapedJava>false</escapedJava>
  <property name="startLine">52</property>
  <property name="stepIndex">1</property>
</record>
<record>
  <date>2026-01-27T10:56:38.849069500Z</date>
  <millis>1769511398849</millis>
  <nanos>69500</nanos>
  <sequence>1105</sequence>
  <level>END</level>
  <class>com.kms.katalon.core.logging.XmlKeywordLogger</class>
  <method>endKeyword</method>
  <thread>1</thread>
  <message>End action : rowText += col.getText() + &amp;quot; | &amp;quot;</message>
  <nestedLevel>4</nestedLevel>
  <escapedJava>false</escapedJava>
</record>
<record>
  <date>2026-01-27T10:56:38.850101200Z</date>
  <millis>1769511398850</millis>
  <nanos>101200</nanos>
  <sequence>1106</sequence>
  <level>END</level>
  <class>com.kms.katalon.core.logging.XmlKeywordLogger</class>
  <method>endKeyword</method>
  <thread>1</thread>
  <message>End action : for (org.openqa.selenium.WebElement col : cols)</message>
  <nestedLevel>3</nestedLevel>
  <escapedJava>false</escapedJava>
</record>
<record>
  <date>2026-01-27T10:56:38.850101200Z</date>
  <millis>1769511398850</millis>
  <nanos>101200</nanos>
  <sequence>1107</sequence>
  <level>START</level>
  <class>com.kms.katalon.core.logging.XmlKeywordLogger</class>
  <method>startKeyword</method>
  <thread>1</thread>
  <message>Start action : logInfo(&amp;quot;Row &amp;quot; + i + &amp;quot;: &amp;quot; + rowText)</message>
  <nestedLevel>3</nestedLevel>
  <escapedJava>false</escapedJava>
  <property name="startLine">55</property>
  <property name="stepIndex">5</property>
</record>
<record>
  <date>2026-01-27T10:56:38.850101200Z</date>
  <millis>1769511398850</millis>
  <nanos>101200</nanos>
  <sequence>1108</sequence>
  <level>INFO</level>
  <class>com.kms.katalon.core.logging.XmlKeywordLogger</class>
  <method>logMessage</method>
  <thread>1</thread>
  <message>Row 31:  | 31 | Browser Extensions and Addons | 02.89h | 8 | 616 | +2 | Development Tools | </message>
  <nestedLevel>1</nestedLevel>
  <escapedJava>false</escapedJava>
</record>
<record>
  <date>2026-01-27T10:56:38.851105100Z</date>
  <millis>1769511398851</millis>
  <nanos>105100</nanos>
  <sequence>1109</sequence>
  <level>END</level>
  <class>com.kms.katalon.core.logging.XmlKeywordLogger</class>
  <method>endKeyword</method>
  <thread>1</thread>
  <message>End action : logInfo(&amp;quot;Row &amp;quot; + i + &amp;quot;: &amp;quot; + rowText)</message>
  <nestedLevel>3</nestedLevel>
  <escapedJava>false</escapedJava>
</record>
<record>
  <date>2026-01-27T10:56:38.851105100Z</date>
  <millis>1769511398851</millis>
  <nanos>105100</nanos>
  <sequence>1110</sequence>
  <level>START</level>
  <class>com.kms.katalon.core.logging.XmlKeywordLogger</class>
  <method>startKeyword</method>
  <thread>1</thread>
  <message>Start action : cols = get(i).findElements(By.tagName(&amp;quot;td&amp;quot;))</message>
  <nestedLevel>3</nestedLevel>
  <escapedJava>false</escapedJava>
  <property name="startLine">42</property>
  <property name="stepIndex">1</property>
</record>
<record>
  <date>2026-01-27T10:56:39.119014600Z</date>
  <millis>1769511399119</millis>
  <nanos>14600</nanos>
  <sequence>1111</sequence>
  <level>END</level>
  <class>com.kms.katalon.core.logging.XmlKeywordLogger</class>
  <method>endKeyword</method>
  <thread>1</thread>
  <message>End action : cols = get(i).findElements(By.tagName(&amp;quot;td&amp;quot;))</message>
  <nestedLevel>3</nestedLevel>
  <escapedJava>false</escapedJava>
</record>
<record>
  <date>2026-01-27T10:56:39.120012Z</date>
  <millis>1769511399120</millis>
  <nanos>12000</nanos>
  <sequence>1112</sequence>
  <level>START</level>
  <class>com.kms.katalon.core.logging.XmlKeywordLogger</class>
  <method>startKeyword</method>
  <thread>1</thread>
  <message>Start action : if (cols.size() == 0)</message>
  <nestedLevel>3</nestedLevel>
  <escapedJava>false</escapedJava>
  <property name="startLine">45</property>
  <property name="stepIndex">2</property>
</record>
<record>
  <date>2026-01-27T10:56:39.120012Z</date>
  <millis>1769511399120</millis>
  <nanos>12000</nanos>
  <sequence>1113</sequence>
  <level>END</level>
  <class>com.kms.katalon.core.logging.XmlKeywordLogger</class>
  <method>endKeyword</method>
  <thread>1</thread>
  <message>End action : if (cols.size() == 0)</message>
  <nestedLevel>3</nestedLevel>
  <escapedJava>false</escapedJava>
</record>
<record>
  <date>2026-01-27T10:56:39.121319800Z</date>
  <millis>1769511399121</millis>
  <nanos>319800</nanos>
  <sequence>1114</sequence>
  <level>START</level>
  <class>com.kms.katalon.core.logging.XmlKeywordLogger</class>
  <method>startKeyword</method>
  <thread>1</thread>
  <message>Start action : rowText = &amp;quot;&amp;quot;</message>
  <nestedLevel>3</nestedLevel>
  <escapedJava>false</escapedJava>
  <property name="startLine">49</property>
  <property name="stepIndex">3</property>
</record>
<record>
  <date>2026-01-27T10:56:39.121319800Z</date>
  <millis>1769511399121</millis>
  <nanos>319800</nanos>
  <sequence>1115</sequence>
  <level>END</level>
  <class>com.kms.katalon.core.logging.XmlKeywordLogger</class>
  <method>endKeyword</method>
  <thread>1</thread>
  <message>End action : rowText = &amp;quot;&amp;quot;</message>
  <nestedLevel>3</nestedLevel>
  <escapedJava>false</escapedJava>
</record>
<record>
  <date>2026-01-27T10:56:39.122327700Z</date>
  <millis>1769511399122</millis>
  <nanos>327700</nanos>
  <sequence>1116</sequence>
  <level>START</level>
  <class>com.kms.katalon.core.logging.XmlKeywordLogger</class>
  <method>startKeyword</method>
  <thread>1</thread>
  <message>Start action : for (org.openqa.selenium.WebElement col : cols)</message>
  <nestedLevel>3</nestedLevel>
  <escapedJava>false</escapedJava>
  <property name="startLine">51</property>
  <property name="stepIndex">4</property>
</record>
<record>
  <date>2026-01-27T10:56:39.123419100Z</date>
  <millis>1769511399123</millis>
  <nanos>419100</nanos>
  <sequence>1117</sequence>
  <level>START</level>
  <class>com.kms.katalon.core.logging.XmlKeywordLogger</class>
  <method>startKeyword</method>
  <thread>1</thread>
  <message>Start action : rowText += col.getText() + &amp;quot; | &amp;quot;</message>
  <nestedLevel>4</nestedLevel>
  <escapedJava>false</escapedJava>
  <property name="startLine">52</property>
  <property name="stepIndex">1</property>
</record>
<record>
  <date>2026-01-27T10:56:39.138972100Z</date>
  <millis>1769511399138</millis>
  <nanos>972100</nanos>
  <sequence>1118</sequence>
  <level>END</level>
  <class>com.kms.katalon.core.logging.XmlKeywordLogger</class>
  <method>endKeyword</method>
  <thread>1</thread>
  <message>End action : rowText += col.getText() + &amp;quot; | &amp;quot;</message>
  <nestedLevel>4</nestedLevel>
  <escapedJava>false</escapedJava>
</record>
<record>
  <date>2026-01-27T10:56:39.140292800Z</date>
  <millis>1769511399140</millis>
  <nanos>292800</nanos>
  <sequence>1119</sequence>
  <level>START</level>
  <class>com.kms.katalon.core.logging.XmlKeywordLogger</class>
  <method>startKeyword</method>
  <thread>1</thread>
  <message>Start action : rowText += col.getText() + &amp;quot; | &amp;quot;</message>
  <nestedLevel>4</nestedLevel>
  <escapedJava>false</escapedJava>
  <property name="startLine">52</property>
  <property name="stepIndex">1</property>
</record>
<record>
  <date>2026-01-27T10:56:39.155026300Z</date>
  <millis>1769511399155</millis>
  <nanos>26300</nanos>
  <sequence>1120</sequence>
  <level>END</level>
  <class>com.kms.katalon.core.logging.XmlKeywordLogger</class>
  <method>endKeyword</method>
  <thread>1</thread>
  <message>End action : rowText += col.getText() + &amp;quot; | &amp;quot;</message>
  <nestedLevel>4</nestedLevel>
  <escapedJava>false</escapedJava>
</record>
<record>
  <date>2026-01-27T10:56:39.155026300Z</date>
  <millis>1769511399155</millis>
  <nanos>26300</nanos>
  <sequence>1121</sequence>
  <level>START</level>
  <class>com.kms.katalon.core.logging.XmlKeywordLogger</class>
  <method>startKeyword</method>
  <thread>1</thread>
  <message>Start action : rowText += col.getText() + &amp;quot; | &amp;quot;</message>
  <nestedLevel>4</nestedLevel>
  <escapedJava>false</escapedJava>
  <property name="startLine">52</property>
  <property name="stepIndex">1</property>
</record>
<record>
  <date>2026-01-27T10:56:39.167752100Z</date>
  <millis>1769511399167</millis>
  <nanos>752100</nanos>
  <sequence>1122</sequence>
  <level>END</level>
  <class>com.kms.katalon.core.logging.XmlKeywordLogger</class>
  <method>endKeyword</method>
  <thread>1</thread>
  <message>End action : rowText += col.getText() + &amp;quot; | &amp;quot;</message>
  <nestedLevel>4</nestedLevel>
  <escapedJava>false</escapedJava>
</record>
<record>
  <date>2026-01-27T10:56:39.168761Z</date>
  <millis>1769511399168</millis>
  <nanos>761000</nanos>
  <sequence>1123</sequence>
  <level>START</level>
  <class>com.kms.katalon.core.logging.XmlKeywordLogger</class>
  <method>startKeyword</method>
  <thread>1</thread>
  <message>Start action : rowText += col.getText() + &amp;quot; | &amp;quot;</message>
  <nestedLevel>4</nestedLevel>
  <escapedJava>false</escapedJava>
  <property name="startLine">52</property>
  <property name="stepIndex">1</property>
</record>
<record>
  <date>2026-01-27T10:56:39.181215300Z</date>
  <millis>1769511399181</millis>
  <nanos>215300</nanos>
  <sequence>1124</sequence>
  <level>END</level>
  <class>com.kms.katalon.core.logging.XmlKeywordLogger</class>
  <method>endKeyword</method>
  <thread>1</thread>
  <message>End action : rowText += col.getText() + &amp;quot; | &amp;quot;</message>
  <nestedLevel>4</nestedLevel>
  <escapedJava>false</escapedJava>
</record>
<record>
  <date>2026-01-27T10:56:39.181215300Z</date>
  <millis>1769511399181</millis>
  <nanos>215300</nanos>
  <sequence>1125</sequence>
  <level>START</level>
  <class>com.kms.katalon.core.logging.XmlKeywordLogger</class>
  <method>startKeyword</method>
  <thread>1</thread>
  <message>Start action : rowText += col.getText() + &amp;quot; | &amp;quot;</message>
  <nestedLevel>4</nestedLevel>
  <escapedJava>false</escapedJava>
  <property name="startLine">52</property>
  <property name="stepIndex">1</property>
</record>
<record>
  <date>2026-01-27T10:56:39.194594400Z</date>
  <millis>1769511399194</millis>
  <nanos>594400</nanos>
  <sequence>1126</sequence>
  <level>END</level>
  <class>com.kms.katalon.core.logging.XmlKeywordLogger</class>
  <method>endKeyword</method>
  <thread>1</thread>
  <message>End action : rowText += col.getText() + &amp;quot; | &amp;quot;</message>
  <nestedLevel>4</nestedLevel>
  <escapedJava>false</escapedJava>
</record>
<record>
  <date>2026-01-27T10:56:39.194594400Z</date>
  <millis>1769511399194</millis>
  <nanos>594400</nanos>
  <sequence>1127</sequence>
  <level>START</level>
  <class>com.kms.katalon.core.logging.XmlKeywordLogger</class>
  <method>startKeyword</method>
  <thread>1</thread>
  <message>Start action : rowText += col.getText() + &amp;quot; | &amp;quot;</message>
  <nestedLevel>4</nestedLevel>
  <escapedJava>false</escapedJava>
  <property name="startLine">52</property>
  <property name="stepIndex">1</property>
</record>
<record>
  <date>2026-01-27T10:56:39.204214900Z</date>
  <millis>1769511399204</millis>
  <nanos>214900</nanos>
  <sequence>1128</sequence>
  <level>END</level>
  <class>com.kms.katalon.core.logging.XmlKeywordLogger</class>
  <method>endKeyword</method>
  <thread>1</thread>
  <message>End action : rowText += col.getText() + &amp;quot; | &amp;quot;</message>
  <nestedLevel>4</nestedLevel>
  <escapedJava>false</escapedJava>
</record>
<record>
  <date>2026-01-27T10:56:39.205301700Z</date>
  <millis>1769511399205</millis>
  <nanos>301700</nanos>
  <sequence>1129</sequence>
  <level>START</level>
  <class>com.kms.katalon.core.logging.XmlKeywordLogger</class>
  <method>startKeyword</method>
  <thread>1</thread>
  <message>Start action : rowText += col.getText() + &amp;quot; | &amp;quot;</message>
  <nestedLevel>4</nestedLevel>
  <escapedJava>false</escapedJava>
  <property name="startLine">52</property>
  <property name="stepIndex">1</property>
</record>
<record>
  <date>2026-01-27T10:56:39.218999700Z</date>
  <millis>1769511399218</millis>
  <nanos>999700</nanos>
  <sequence>1130</sequence>
  <level>END</level>
  <class>com.kms.katalon.core.logging.XmlKeywordLogger</class>
  <method>endKeyword</method>
  <thread>1</thread>
  <message>End action : rowText += col.getText() + &amp;quot; | &amp;quot;</message>
  <nestedLevel>4</nestedLevel>
  <escapedJava>false</escapedJava>
</record>
<record>
  <date>2026-01-27T10:56:39.218999700Z</date>
  <millis>1769511399218</millis>
  <nanos>999700</nanos>
  <sequence>1131</sequence>
  <level>START</level>
  <class>com.kms.katalon.core.logging.XmlKeywordLogger</class>
  <method>startKeyword</method>
  <thread>1</thread>
  <message>Start action : rowText += col.getText() + &amp;quot; | &amp;quot;</message>
  <nestedLevel>4</nestedLevel>
  <escapedJava>false</escapedJava>
  <property name="startLine">52</property>
  <property name="stepIndex">1</property>
</record>
<record>
  <date>2026-01-27T10:56:39.231735800Z</date>
  <millis>1769511399231</millis>
  <nanos>735800</nanos>
  <sequence>1132</sequence>
  <level>END</level>
  <class>com.kms.katalon.core.logging.XmlKeywordLogger</class>
  <method>endKeyword</method>
  <thread>1</thread>
  <message>End action : rowText += col.getText() + &amp;quot; | &amp;quot;</message>
  <nestedLevel>4</nestedLevel>
  <escapedJava>false</escapedJava>
</record>
<record>
  <date>2026-01-27T10:56:39.231735800Z</date>
  <millis>1769511399231</millis>
  <nanos>735800</nanos>
  <sequence>1133</sequence>
  <level>END</level>
  <class>com.kms.katalon.core.logging.XmlKeywordLogger</class>
  <method>endKeyword</method>
  <thread>1</thread>
  <message>End action : for (org.openqa.selenium.WebElement col : cols)</message>
  <nestedLevel>3</nestedLevel>
  <escapedJava>false</escapedJava>
</record>
<record>
  <date>2026-01-27T10:56:39.231735800Z</date>
  <millis>1769511399231</millis>
  <nanos>735800</nanos>
  <sequence>1134</sequence>
  <level>START</level>
  <class>com.kms.katalon.core.logging.XmlKeywordLogger</class>
  <method>startKeyword</method>
  <thread>1</thread>
  <message>Start action : logInfo(&amp;quot;Row &amp;quot; + i + &amp;quot;: &amp;quot; + rowText)</message>
  <nestedLevel>3</nestedLevel>
  <escapedJava>false</escapedJava>
  <property name="startLine">55</property>
  <property name="stepIndex">5</property>
</record>
<record>
  <date>2026-01-27T10:56:39.231735800Z</date>
  <millis>1769511399231</millis>
  <nanos>735800</nanos>
  <sequence>1135</sequence>
  <level>INFO</level>
  <class>com.kms.katalon.core.logging.XmlKeywordLogger</class>
  <method>logMessage</method>
  <thread>1</thread>
  <message>Row 32:  | 32 | Mouse Jiggles | 02.85h | 2 | 422 | 0 | Unproductive | </message>
  <nestedLevel>1</nestedLevel>
  <escapedJava>false</escapedJava>
</record>
<record>
  <date>2026-01-27T10:56:39.231735800Z</date>
  <millis>1769511399231</millis>
  <nanos>735800</nanos>
  <sequence>1136</sequence>
  <level>END</level>
  <class>com.kms.katalon.core.logging.XmlKeywordLogger</class>
  <method>endKeyword</method>
  <thread>1</thread>
  <message>End action : logInfo(&amp;quot;Row &amp;quot; + i + &amp;quot;: &amp;quot; + rowText)</message>
  <nestedLevel>3</nestedLevel>
  <escapedJava>false</escapedJava>
</record>
<record>
  <date>2026-01-27T10:56:39.231735800Z</date>
  <millis>1769511399231</millis>
  <nanos>735800</nanos>
  <sequence>1137</sequence>
  <level>START</level>
  <class>com.kms.katalon.core.logging.XmlKeywordLogger</class>
  <method>startKeyword</method>
  <thread>1</thread>
  <message>Start action : cols = get(i).findElements(By.tagName(&amp;quot;td&amp;quot;))</message>
  <nestedLevel>3</nestedLevel>
  <escapedJava>false</escapedJava>
  <property name="startLine">42</property>
  <property name="stepIndex">1</property>
</record>
<record>
  <date>2026-01-27T10:56:39.508387900Z</date>
  <millis>1769511399508</millis>
  <nanos>387900</nanos>
  <sequence>1138</sequence>
  <level>END</level>
  <class>com.kms.katalon.core.logging.XmlKeywordLogger</class>
  <method>endKeyword</method>
  <thread>1</thread>
  <message>End action : cols = get(i).findElements(By.tagName(&amp;quot;td&amp;quot;))</message>
  <nestedLevel>3</nestedLevel>
  <escapedJava>false</escapedJava>
</record>
<record>
  <date>2026-01-27T10:56:39.508387900Z</date>
  <millis>1769511399508</millis>
  <nanos>387900</nanos>
  <sequence>1139</sequence>
  <level>START</level>
  <class>com.kms.katalon.core.logging.XmlKeywordLogger</class>
  <method>startKeyword</method>
  <thread>1</thread>
  <message>Start action : if (cols.size() == 0)</message>
  <nestedLevel>3</nestedLevel>
  <escapedJava>false</escapedJava>
  <property name="startLine">45</property>
  <property name="stepIndex">2</property>
</record>
<record>
  <date>2026-01-27T10:56:39.509783400Z</date>
  <millis>1769511399509</millis>
  <nanos>783400</nanos>
  <sequence>1140</sequence>
  <level>END</level>
  <class>com.kms.katalon.core.logging.XmlKeywordLogger</class>
  <method>endKeyword</method>
  <thread>1</thread>
  <message>End action : if (cols.size() == 0)</message>
  <nestedLevel>3</nestedLevel>
  <escapedJava>false</escapedJava>
</record>
<record>
  <date>2026-01-27T10:56:39.509783400Z</date>
  <millis>1769511399509</millis>
  <nanos>783400</nanos>
  <sequence>1141</sequence>
  <level>START</level>
  <class>com.kms.katalon.core.logging.XmlKeywordLogger</class>
  <method>startKeyword</method>
  <thread>1</thread>
  <message>Start action : rowText = &amp;quot;&amp;quot;</message>
  <nestedLevel>3</nestedLevel>
  <escapedJava>false</escapedJava>
  <property name="startLine">49</property>
  <property name="stepIndex">3</property>
</record>
<record>
  <date>2026-01-27T10:56:39.509783400Z</date>
  <millis>1769511399509</millis>
  <nanos>783400</nanos>
  <sequence>1142</sequence>
  <level>END</level>
  <class>com.kms.katalon.core.logging.XmlKeywordLogger</class>
  <method>endKeyword</method>
  <thread>1</thread>
  <message>End action : rowText = &amp;quot;&amp;quot;</message>
  <nestedLevel>3</nestedLevel>
  <escapedJava>false</escapedJava>
</record>
<record>
  <date>2026-01-27T10:56:39.510786700Z</date>
  <millis>1769511399510</millis>
  <nanos>786700</nanos>
  <sequence>1143</sequence>
  <level>START</level>
  <class>com.kms.katalon.core.logging.XmlKeywordLogger</class>
  <method>startKeyword</method>
  <thread>1</thread>
  <message>Start action : for (org.openqa.selenium.WebElement col : cols)</message>
  <nestedLevel>3</nestedLevel>
  <escapedJava>false</escapedJava>
  <property name="startLine">51</property>
  <property name="stepIndex">4</property>
</record>
<record>
  <date>2026-01-27T10:56:39.510786700Z</date>
  <millis>1769511399510</millis>
  <nanos>786700</nanos>
  <sequence>1144</sequence>
  <level>START</level>
  <class>com.kms.katalon.core.logging.XmlKeywordLogger</class>
  <method>startKeyword</method>
  <thread>1</thread>
  <message>Start action : rowText += col.getText() + &amp;quot; | &amp;quot;</message>
  <nestedLevel>4</nestedLevel>
  <escapedJava>false</escapedJava>
  <property name="startLine">52</property>
  <property name="stepIndex">1</property>
</record>
<record>
  <date>2026-01-27T10:56:39.527985300Z</date>
  <millis>1769511399527</millis>
  <nanos>985300</nanos>
  <sequence>1145</sequence>
  <level>END</level>
  <class>com.kms.katalon.core.logging.XmlKeywordLogger</class>
  <method>endKeyword</method>
  <thread>1</thread>
  <message>End action : rowText += col.getText() + &amp;quot; | &amp;quot;</message>
  <nestedLevel>4</nestedLevel>
  <escapedJava>false</escapedJava>
</record>
<record>
  <date>2026-01-27T10:56:39.527985300Z</date>
  <millis>1769511399527</millis>
  <nanos>985300</nanos>
  <sequence>1146</sequence>
  <level>START</level>
  <class>com.kms.katalon.core.logging.XmlKeywordLogger</class>
  <method>startKeyword</method>
  <thread>1</thread>
  <message>Start action : rowText += col.getText() + &amp;quot; | &amp;quot;</message>
  <nestedLevel>4</nestedLevel>
  <escapedJava>false</escapedJava>
  <property name="startLine">52</property>
  <property name="stepIndex">1</property>
</record>
<record>
  <date>2026-01-27T10:56:39.541775Z</date>
  <millis>1769511399541</millis>
  <nanos>775000</nanos>
  <sequence>1147</sequence>
  <level>END</level>
  <class>com.kms.katalon.core.logging.XmlKeywordLogger</class>
  <method>endKeyword</method>
  <thread>1</thread>
  <message>End action : rowText += col.getText() + &amp;quot; | &amp;quot;</message>
  <nestedLevel>4</nestedLevel>
  <escapedJava>false</escapedJava>
</record>
<record>
  <date>2026-01-27T10:56:39.542913Z</date>
  <millis>1769511399542</millis>
  <nanos>913000</nanos>
  <sequence>1148</sequence>
  <level>START</level>
  <class>com.kms.katalon.core.logging.XmlKeywordLogger</class>
  <method>startKeyword</method>
  <thread>1</thread>
  <message>Start action : rowText += col.getText() + &amp;quot; | &amp;quot;</message>
  <nestedLevel>4</nestedLevel>
  <escapedJava>false</escapedJava>
  <property name="startLine">52</property>
  <property name="stepIndex">1</property>
</record>
<record>
  <date>2026-01-27T10:56:39.555668500Z</date>
  <millis>1769511399555</millis>
  <nanos>668500</nanos>
  <sequence>1149</sequence>
  <level>END</level>
  <class>com.kms.katalon.core.logging.XmlKeywordLogger</class>
  <method>endKeyword</method>
  <thread>1</thread>
  <message>End action : rowText += col.getText() + &amp;quot; | &amp;quot;</message>
  <nestedLevel>4</nestedLevel>
  <escapedJava>false</escapedJava>
</record>
<record>
  <date>2026-01-27T10:56:39.555668500Z</date>
  <millis>1769511399555</millis>
  <nanos>668500</nanos>
  <sequence>1150</sequence>
  <level>START</level>
  <class>com.kms.katalon.core.logging.XmlKeywordLogger</class>
  <method>startKeyword</method>
  <thread>1</thread>
  <message>Start action : rowText += col.getText() + &amp;quot; | &amp;quot;</message>
  <nestedLevel>4</nestedLevel>
  <escapedJava>false</escapedJava>
  <property name="startLine">52</property>
  <property name="stepIndex">1</property>
</record>
<record>
  <date>2026-01-27T10:56:39.570873500Z</date>
  <millis>1769511399570</millis>
  <nanos>873500</nanos>
  <sequence>1151</sequence>
  <level>END</level>
  <class>com.kms.katalon.core.logging.XmlKeywordLogger</class>
  <method>endKeyword</method>
  <thread>1</thread>
  <message>End action : rowText += col.getText() + &amp;quot; | &amp;quot;</message>
  <nestedLevel>4</nestedLevel>
  <escapedJava>false</escapedJava>
</record>
<record>
  <date>2026-01-27T10:56:39.570873500Z</date>
  <millis>1769511399570</millis>
  <nanos>873500</nanos>
  <sequence>1152</sequence>
  <level>START</level>
  <class>com.kms.katalon.core.logging.XmlKeywordLogger</class>
  <method>startKeyword</method>
  <thread>1</thread>
  <message>Start action : rowText += col.getText() + &amp;quot; | &amp;quot;</message>
  <nestedLevel>4</nestedLevel>
  <escapedJava>false</escapedJava>
  <property name="startLine">52</property>
  <property name="stepIndex">1</property>
</record>
<record>
  <date>2026-01-27T10:56:39.584528100Z</date>
  <millis>1769511399584</millis>
  <nanos>528100</nanos>
  <sequence>1153</sequence>
  <level>END</level>
  <class>com.kms.katalon.core.logging.XmlKeywordLogger</class>
  <method>endKeyword</method>
  <thread>1</thread>
  <message>End action : rowText += col.getText() + &amp;quot; | &amp;quot;</message>
  <nestedLevel>4</nestedLevel>
  <escapedJava>false</escapedJava>
</record>
<record>
  <date>2026-01-27T10:56:39.584528100Z</date>
  <millis>1769511399584</millis>
  <nanos>528100</nanos>
  <sequence>1154</sequence>
  <level>START</level>
  <class>com.kms.katalon.core.logging.XmlKeywordLogger</class>
  <method>startKeyword</method>
  <thread>1</thread>
  <message>Start action : rowText += col.getText() + &amp;quot; | &amp;quot;</message>
  <nestedLevel>4</nestedLevel>
  <escapedJava>false</escapedJava>
  <property name="startLine">52</property>
  <property name="stepIndex">1</property>
</record>
<record>
  <date>2026-01-27T10:56:39.596648600Z</date>
  <millis>1769511399596</millis>
  <nanos>648600</nanos>
  <sequence>1155</sequence>
  <level>END</level>
  <class>com.kms.katalon.core.logging.XmlKeywordLogger</class>
  <method>endKeyword</method>
  <thread>1</thread>
  <message>End action : rowText += col.getText() + &amp;quot; | &amp;quot;</message>
  <nestedLevel>4</nestedLevel>
  <escapedJava>false</escapedJava>
</record>
<record>
  <date>2026-01-27T10:56:39.596648600Z</date>
  <millis>1769511399596</millis>
  <nanos>648600</nanos>
  <sequence>1156</sequence>
  <level>START</level>
  <class>com.kms.katalon.core.logging.XmlKeywordLogger</class>
  <method>startKeyword</method>
  <thread>1</thread>
  <message>Start action : rowText += col.getText() + &amp;quot; | &amp;quot;</message>
  <nestedLevel>4</nestedLevel>
  <escapedJava>false</escapedJava>
  <property name="startLine">52</property>
  <property name="stepIndex">1</property>
</record>
<record>
  <date>2026-01-27T10:56:39.613306200Z</date>
  <millis>1769511399613</millis>
  <nanos>306200</nanos>
  <sequence>1157</sequence>
  <level>END</level>
  <class>com.kms.katalon.core.logging.XmlKeywordLogger</class>
  <method>endKeyword</method>
  <thread>1</thread>
  <message>End action : rowText += col.getText() + &amp;quot; | &amp;quot;</message>
  <nestedLevel>4</nestedLevel>
  <escapedJava>false</escapedJava>
</record>
<record>
  <date>2026-01-27T10:56:39.613306200Z</date>
  <millis>1769511399613</millis>
  <nanos>306200</nanos>
  <sequence>1158</sequence>
  <level>START</level>
  <class>com.kms.katalon.core.logging.XmlKeywordLogger</class>
  <method>startKeyword</method>
  <thread>1</thread>
  <message>Start action : rowText += col.getText() + &amp;quot; | &amp;quot;</message>
  <nestedLevel>4</nestedLevel>
  <escapedJava>false</escapedJava>
  <property name="startLine">52</property>
  <property name="stepIndex">1</property>
</record>
<record>
  <date>2026-01-27T10:56:39.624846700Z</date>
  <millis>1769511399624</millis>
  <nanos>846700</nanos>
  <sequence>1159</sequence>
  <level>END</level>
  <class>com.kms.katalon.core.logging.XmlKeywordLogger</class>
  <method>endKeyword</method>
  <thread>1</thread>
  <message>End action : rowText += col.getText() + &amp;quot; | &amp;quot;</message>
  <nestedLevel>4</nestedLevel>
  <escapedJava>false</escapedJava>
</record>
<record>
  <date>2026-01-27T10:56:39.624846700Z</date>
  <millis>1769511399624</millis>
  <nanos>846700</nanos>
  <sequence>1160</sequence>
  <level>END</level>
  <class>com.kms.katalon.core.logging.XmlKeywordLogger</class>
  <method>endKeyword</method>
  <thread>1</thread>
  <message>End action : for (org.openqa.selenium.WebElement col : cols)</message>
  <nestedLevel>3</nestedLevel>
  <escapedJava>false</escapedJava>
</record>
<record>
  <date>2026-01-27T10:56:39.625845400Z</date>
  <millis>1769511399625</millis>
  <nanos>845400</nanos>
  <sequence>1161</sequence>
  <level>START</level>
  <class>com.kms.katalon.core.logging.XmlKeywordLogger</class>
  <method>startKeyword</method>
  <thread>1</thread>
  <message>Start action : logInfo(&amp;quot;Row &amp;quot; + i + &amp;quot;: &amp;quot; + rowText)</message>
  <nestedLevel>3</nestedLevel>
  <escapedJava>false</escapedJava>
  <property name="startLine">55</property>
  <property name="stepIndex">5</property>
</record>
<record>
  <date>2026-01-27T10:56:39.625845400Z</date>
  <millis>1769511399625</millis>
  <nanos>845400</nanos>
  <sequence>1162</sequence>
  <level>INFO</level>
  <class>com.kms.katalon.core.logging.XmlKeywordLogger</class>
  <method>logMessage</method>
  <thread>1</thread>
  <message>Row 33:  | 33 | Compress Utilities | 01.81h | 37 | 2123 | +1 | System Tools | </message>
  <nestedLevel>1</nestedLevel>
  <escapedJava>false</escapedJava>
</record>
<record>
  <date>2026-01-27T10:56:39.625845400Z</date>
  <millis>1769511399625</millis>
  <nanos>845400</nanos>
  <sequence>1163</sequence>
  <level>END</level>
  <class>com.kms.katalon.core.logging.XmlKeywordLogger</class>
  <method>endKeyword</method>
  <thread>1</thread>
  <message>End action : logInfo(&amp;quot;Row &amp;quot; + i + &amp;quot;: &amp;quot; + rowText)</message>
  <nestedLevel>3</nestedLevel>
  <escapedJava>false</escapedJava>
</record>
<record>
  <date>2026-01-27T10:56:39.626840900Z</date>
  <millis>1769511399626</millis>
  <nanos>840900</nanos>
  <sequence>1164</sequence>
  <level>START</level>
  <class>com.kms.katalon.core.logging.XmlKeywordLogger</class>
  <method>startKeyword</method>
  <thread>1</thread>
  <message>Start action : cols = get(i).findElements(By.tagName(&amp;quot;td&amp;quot;))</message>
  <nestedLevel>3</nestedLevel>
  <escapedJava>false</escapedJava>
  <property name="startLine">42</property>
  <property name="stepIndex">1</property>
</record>
<record>
  <date>2026-01-27T10:56:39.897208100Z</date>
  <millis>1769511399897</millis>
  <nanos>208100</nanos>
  <sequence>1165</sequence>
  <level>END</level>
  <class>com.kms.katalon.core.logging.XmlKeywordLogger</class>
  <method>endKeyword</method>
  <thread>1</thread>
  <message>End action : cols = get(i).findElements(By.tagName(&amp;quot;td&amp;quot;))</message>
  <nestedLevel>3</nestedLevel>
  <escapedJava>false</escapedJava>
</record>
<record>
  <date>2026-01-27T10:56:39.897208100Z</date>
  <millis>1769511399897</millis>
  <nanos>208100</nanos>
  <sequence>1166</sequence>
  <level>START</level>
  <class>com.kms.katalon.core.logging.XmlKeywordLogger</class>
  <method>startKeyword</method>
  <thread>1</thread>
  <message>Start action : if (cols.size() == 0)</message>
  <nestedLevel>3</nestedLevel>
  <escapedJava>false</escapedJava>
  <property name="startLine">45</property>
  <property name="stepIndex">2</property>
</record>
<record>
  <date>2026-01-27T10:56:39.898682900Z</date>
  <millis>1769511399898</millis>
  <nanos>682900</nanos>
  <sequence>1167</sequence>
  <level>END</level>
  <class>com.kms.katalon.core.logging.XmlKeywordLogger</class>
  <method>endKeyword</method>
  <thread>1</thread>
  <message>End action : if (cols.size() == 0)</message>
  <nestedLevel>3</nestedLevel>
  <escapedJava>false</escapedJava>
</record>
<record>
  <date>2026-01-27T10:56:39.898682900Z</date>
  <millis>1769511399898</millis>
  <nanos>682900</nanos>
  <sequence>1168</sequence>
  <level>START</level>
  <class>com.kms.katalon.core.logging.XmlKeywordLogger</class>
  <method>startKeyword</method>
  <thread>1</thread>
  <message>Start action : rowText = &amp;quot;&amp;quot;</message>
  <nestedLevel>3</nestedLevel>
  <escapedJava>false</escapedJava>
  <property name="startLine">49</property>
  <property name="stepIndex">3</property>
</record>
<record>
  <date>2026-01-27T10:56:39.899680200Z</date>
  <millis>1769511399899</millis>
  <nanos>680200</nanos>
  <sequence>1169</sequence>
  <level>END</level>
  <class>com.kms.katalon.core.logging.XmlKeywordLogger</class>
  <method>endKeyword</method>
  <thread>1</thread>
  <message>End action : rowText = &amp;quot;&amp;quot;</message>
  <nestedLevel>3</nestedLevel>
  <escapedJava>false</escapedJava>
</record>
<record>
  <date>2026-01-27T10:56:39.899680200Z</date>
  <millis>1769511399899</millis>
  <nanos>680200</nanos>
  <sequence>1170</sequence>
  <level>START</level>
  <class>com.kms.katalon.core.logging.XmlKeywordLogger</class>
  <method>startKeyword</method>
  <thread>1</thread>
  <message>Start action : for (org.openqa.selenium.WebElement col : cols)</message>
  <nestedLevel>3</nestedLevel>
  <escapedJava>false</escapedJava>
  <property name="startLine">51</property>
  <property name="stepIndex">4</property>
</record>
<record>
  <date>2026-01-27T10:56:39.899680200Z</date>
  <millis>1769511399899</millis>
  <nanos>680200</nanos>
  <sequence>1171</sequence>
  <level>START</level>
  <class>com.kms.katalon.core.logging.XmlKeywordLogger</class>
  <method>startKeyword</method>
  <thread>1</thread>
  <message>Start action : rowText += col.getText() + &amp;quot; | &amp;quot;</message>
  <nestedLevel>4</nestedLevel>
  <escapedJava>false</escapedJava>
  <property name="startLine">52</property>
  <property name="stepIndex">1</property>
</record>
<record>
  <date>2026-01-27T10:56:39.918570400Z</date>
  <millis>1769511399918</millis>
  <nanos>570400</nanos>
  <sequence>1172</sequence>
  <level>END</level>
  <class>com.kms.katalon.core.logging.XmlKeywordLogger</class>
  <method>endKeyword</method>
  <thread>1</thread>
  <message>End action : rowText += col.getText() + &amp;quot; | &amp;quot;</message>
  <nestedLevel>4</nestedLevel>
  <escapedJava>false</escapedJava>
</record>
<record>
  <date>2026-01-27T10:56:39.918570400Z</date>
  <millis>1769511399918</millis>
  <nanos>570400</nanos>
  <sequence>1173</sequence>
  <level>START</level>
  <class>com.kms.katalon.core.logging.XmlKeywordLogger</class>
  <method>startKeyword</method>
  <thread>1</thread>
  <message>Start action : rowText += col.getText() + &amp;quot; | &amp;quot;</message>
  <nestedLevel>4</nestedLevel>
  <escapedJava>false</escapedJava>
  <property name="startLine">52</property>
  <property name="stepIndex">1</property>
</record>
<record>
  <date>2026-01-27T10:56:39.931791900Z</date>
  <millis>1769511399931</millis>
  <nanos>791900</nanos>
  <sequence>1174</sequence>
  <level>END</level>
  <class>com.kms.katalon.core.logging.XmlKeywordLogger</class>
  <method>endKeyword</method>
  <thread>1</thread>
  <message>End action : rowText += col.getText() + &amp;quot; | &amp;quot;</message>
  <nestedLevel>4</nestedLevel>
  <escapedJava>false</escapedJava>
</record>
<record>
  <date>2026-01-27T10:56:39.931791900Z</date>
  <millis>1769511399931</millis>
  <nanos>791900</nanos>
  <sequence>1175</sequence>
  <level>START</level>
  <class>com.kms.katalon.core.logging.XmlKeywordLogger</class>
  <method>startKeyword</method>
  <thread>1</thread>
  <message>Start action : rowText += col.getText() + &amp;quot; | &amp;quot;</message>
  <nestedLevel>4</nestedLevel>
  <escapedJava>false</escapedJava>
  <property name="startLine">52</property>
  <property name="stepIndex">1</property>
</record>
<record>
  <date>2026-01-27T10:56:39.941132500Z</date>
  <millis>1769511399941</millis>
  <nanos>132500</nanos>
  <sequence>1176</sequence>
  <level>END</level>
  <class>com.kms.katalon.core.logging.XmlKeywordLogger</class>
  <method>endKeyword</method>
  <thread>1</thread>
  <message>End action : rowText += col.getText() + &amp;quot; | &amp;quot;</message>
  <nestedLevel>4</nestedLevel>
  <escapedJava>false</escapedJava>
</record>
<record>
  <date>2026-01-27T10:56:39.942147600Z</date>
  <millis>1769511399942</millis>
  <nanos>147600</nanos>
  <sequence>1177</sequence>
  <level>START</level>
  <class>com.kms.katalon.core.logging.XmlKeywordLogger</class>
  <method>startKeyword</method>
  <thread>1</thread>
  <message>Start action : rowText += col.getText() + &amp;quot; | &amp;quot;</message>
  <nestedLevel>4</nestedLevel>
  <escapedJava>false</escapedJava>
  <property name="startLine">52</property>
  <property name="stepIndex">1</property>
</record>
<record>
  <date>2026-01-27T10:56:39.953982500Z</date>
  <millis>1769511399953</millis>
  <nanos>982500</nanos>
  <sequence>1178</sequence>
  <level>END</level>
  <class>com.kms.katalon.core.logging.XmlKeywordLogger</class>
  <method>endKeyword</method>
  <thread>1</thread>
  <message>End action : rowText += col.getText() + &amp;quot; | &amp;quot;</message>
  <nestedLevel>4</nestedLevel>
  <escapedJava>false</escapedJava>
</record>
<record>
  <date>2026-01-27T10:56:39.953982500Z</date>
  <millis>1769511399953</millis>
  <nanos>982500</nanos>
  <sequence>1179</sequence>
  <level>START</level>
  <class>com.kms.katalon.core.logging.XmlKeywordLogger</class>
  <method>startKeyword</method>
  <thread>1</thread>
  <message>Start action : rowText += col.getText() + &amp;quot; | &amp;quot;</message>
  <nestedLevel>4</nestedLevel>
  <escapedJava>false</escapedJava>
  <property name="startLine">52</property>
  <property name="stepIndex">1</property>
</record>
<record>
  <date>2026-01-27T10:56:39.967601500Z</date>
  <millis>1769511399967</millis>
  <nanos>601500</nanos>
  <sequence>1180</sequence>
  <level>END</level>
  <class>com.kms.katalon.core.logging.XmlKeywordLogger</class>
  <method>endKeyword</method>
  <thread>1</thread>
  <message>End action : rowText += col.getText() + &amp;quot; | &amp;quot;</message>
  <nestedLevel>4</nestedLevel>
  <escapedJava>false</escapedJava>
</record>
<record>
  <date>2026-01-27T10:56:39.967601500Z</date>
  <millis>1769511399967</millis>
  <nanos>601500</nanos>
  <sequence>1181</sequence>
  <level>START</level>
  <class>com.kms.katalon.core.logging.XmlKeywordLogger</class>
  <method>startKeyword</method>
  <thread>1</thread>
  <message>Start action : rowText += col.getText() + &amp;quot; | &amp;quot;</message>
  <nestedLevel>4</nestedLevel>
  <escapedJava>false</escapedJava>
  <property name="startLine">52</property>
  <property name="stepIndex">1</property>
</record>
<record>
  <date>2026-01-27T10:56:39.980681200Z</date>
  <millis>1769511399980</millis>
  <nanos>681200</nanos>
  <sequence>1182</sequence>
  <level>END</level>
  <class>com.kms.katalon.core.logging.XmlKeywordLogger</class>
  <method>endKeyword</method>
  <thread>1</thread>
  <message>End action : rowText += col.getText() + &amp;quot; | &amp;quot;</message>
  <nestedLevel>4</nestedLevel>
  <escapedJava>false</escapedJava>
</record>
<record>
  <date>2026-01-27T10:56:39.981702300Z</date>
  <millis>1769511399981</millis>
  <nanos>702300</nanos>
  <sequence>1183</sequence>
  <level>START</level>
  <class>com.kms.katalon.core.logging.XmlKeywordLogger</class>
  <method>startKeyword</method>
  <thread>1</thread>
  <message>Start action : rowText += col.getText() + &amp;quot; | &amp;quot;</message>
  <nestedLevel>4</nestedLevel>
  <escapedJava>false</escapedJava>
  <property name="startLine">52</property>
  <property name="stepIndex">1</property>
</record>
<record>
  <date>2026-01-27T10:56:39.993816900Z</date>
  <millis>1769511399993</millis>
  <nanos>816900</nanos>
  <sequence>1184</sequence>
  <level>END</level>
  <class>com.kms.katalon.core.logging.XmlKeywordLogger</class>
  <method>endKeyword</method>
  <thread>1</thread>
  <message>End action : rowText += col.getText() + &amp;quot; | &amp;quot;</message>
  <nestedLevel>4</nestedLevel>
  <escapedJava>false</escapedJava>
</record>
<record>
  <date>2026-01-27T10:56:39.993816900Z</date>
  <millis>1769511399993</millis>
  <nanos>816900</nanos>
  <sequence>1185</sequence>
  <level>START</level>
  <class>com.kms.katalon.core.logging.XmlKeywordLogger</class>
  <method>startKeyword</method>
  <thread>1</thread>
  <message>Start action : rowText += col.getText() + &amp;quot; | &amp;quot;</message>
  <nestedLevel>4</nestedLevel>
  <escapedJava>false</escapedJava>
  <property name="startLine">52</property>
  <property name="stepIndex">1</property>
</record>
<record>
  <date>2026-01-27T10:56:40.004447800Z</date>
  <millis>1769511400004</millis>
  <nanos>447800</nanos>
  <sequence>1186</sequence>
  <level>END</level>
  <class>com.kms.katalon.core.logging.XmlKeywordLogger</class>
  <method>endKeyword</method>
  <thread>1</thread>
  <message>End action : rowText += col.getText() + &amp;quot; | &amp;quot;</message>
  <nestedLevel>4</nestedLevel>
  <escapedJava>false</escapedJava>
</record>
<record>
  <date>2026-01-27T10:56:40.004447800Z</date>
  <millis>1769511400004</millis>
  <nanos>447800</nanos>
  <sequence>1187</sequence>
  <level>END</level>
  <class>com.kms.katalon.core.logging.XmlKeywordLogger</class>
  <method>endKeyword</method>
  <thread>1</thread>
  <message>End action : for (org.openqa.selenium.WebElement col : cols)</message>
  <nestedLevel>3</nestedLevel>
  <escapedJava>false</escapedJava>
</record>
<record>
  <date>2026-01-27T10:56:40.004447800Z</date>
  <millis>1769511400004</millis>
  <nanos>447800</nanos>
  <sequence>1188</sequence>
  <level>START</level>
  <class>com.kms.katalon.core.logging.XmlKeywordLogger</class>
  <method>startKeyword</method>
  <thread>1</thread>
  <message>Start action : logInfo(&amp;quot;Row &amp;quot; + i + &amp;quot;: &amp;quot; + rowText)</message>
  <nestedLevel>3</nestedLevel>
  <escapedJava>false</escapedJava>
  <property name="startLine">55</property>
  <property name="stepIndex">5</property>
</record>
<record>
  <date>2026-01-27T10:56:40.005607800Z</date>
  <millis>1769511400005</millis>
  <nanos>607800</nanos>
  <sequence>1189</sequence>
  <level>INFO</level>
  <class>com.kms.katalon.core.logging.XmlKeywordLogger</class>
  <method>logMessage</method>
  <thread>1</thread>
  <message>Row 34:  | 34 | LinkedIn | 01.52h | 12 | 250 | 0 | Communication Tools | </message>
  <nestedLevel>1</nestedLevel>
  <escapedJava>false</escapedJava>
</record>
<record>
  <date>2026-01-27T10:56:40.005607800Z</date>
  <millis>1769511400005</millis>
  <nanos>607800</nanos>
  <sequence>1190</sequence>
  <level>END</level>
  <class>com.kms.katalon.core.logging.XmlKeywordLogger</class>
  <method>endKeyword</method>
  <thread>1</thread>
  <message>End action : logInfo(&amp;quot;Row &amp;quot; + i + &amp;quot;: &amp;quot; + rowText)</message>
  <nestedLevel>3</nestedLevel>
  <escapedJava>false</escapedJava>
</record>
<record>
  <date>2026-01-27T10:56:40.005607800Z</date>
  <millis>1769511400005</millis>
  <nanos>607800</nanos>
  <sequence>1191</sequence>
  <level>START</level>
  <class>com.kms.katalon.core.logging.XmlKeywordLogger</class>
  <method>startKeyword</method>
  <thread>1</thread>
  <message>Start action : cols = get(i).findElements(By.tagName(&amp;quot;td&amp;quot;))</message>
  <nestedLevel>3</nestedLevel>
  <escapedJava>false</escapedJava>
  <property name="startLine">42</property>
  <property name="stepIndex">1</property>
</record>
<record>
  <date>2026-01-27T10:56:40.275952300Z</date>
  <millis>1769511400275</millis>
  <nanos>952300</nanos>
  <sequence>1192</sequence>
  <level>END</level>
  <class>com.kms.katalon.core.logging.XmlKeywordLogger</class>
  <method>endKeyword</method>
  <thread>1</thread>
  <message>End action : cols = get(i).findElements(By.tagName(&amp;quot;td&amp;quot;))</message>
  <nestedLevel>3</nestedLevel>
  <escapedJava>false</escapedJava>
</record>
<record>
  <date>2026-01-27T10:56:40.275952300Z</date>
  <millis>1769511400275</millis>
  <nanos>952300</nanos>
  <sequence>1193</sequence>
  <level>START</level>
  <class>com.kms.katalon.core.logging.XmlKeywordLogger</class>
  <method>startKeyword</method>
  <thread>1</thread>
  <message>Start action : if (cols.size() == 0)</message>
  <nestedLevel>3</nestedLevel>
  <escapedJava>false</escapedJava>
  <property name="startLine">45</property>
  <property name="stepIndex">2</property>
</record>
<record>
  <date>2026-01-27T10:56:40.276962500Z</date>
  <millis>1769511400276</millis>
  <nanos>962500</nanos>
  <sequence>1194</sequence>
  <level>END</level>
  <class>com.kms.katalon.core.logging.XmlKeywordLogger</class>
  <method>endKeyword</method>
  <thread>1</thread>
  <message>End action : if (cols.size() == 0)</message>
  <nestedLevel>3</nestedLevel>
  <escapedJava>false</escapedJava>
</record>
<record>
  <date>2026-01-27T10:56:40.276962500Z</date>
  <millis>1769511400276</millis>
  <nanos>962500</nanos>
  <sequence>1195</sequence>
  <level>START</level>
  <class>com.kms.katalon.core.logging.XmlKeywordLogger</class>
  <method>startKeyword</method>
  <thread>1</thread>
  <message>Start action : rowText = &amp;quot;&amp;quot;</message>
  <nestedLevel>3</nestedLevel>
  <escapedJava>false</escapedJava>
  <property name="startLine">49</property>
  <property name="stepIndex">3</property>
</record>
<record>
  <date>2026-01-27T10:56:40.276962500Z</date>
  <millis>1769511400276</millis>
  <nanos>962500</nanos>
  <sequence>1196</sequence>
  <level>END</level>
  <class>com.kms.katalon.core.logging.XmlKeywordLogger</class>
  <method>endKeyword</method>
  <thread>1</thread>
  <message>End action : rowText = &amp;quot;&amp;quot;</message>
  <nestedLevel>3</nestedLevel>
  <escapedJava>false</escapedJava>
</record>
<record>
  <date>2026-01-27T10:56:40.278400600Z</date>
  <millis>1769511400278</millis>
  <nanos>400600</nanos>
  <sequence>1197</sequence>
  <level>START</level>
  <class>com.kms.katalon.core.logging.XmlKeywordLogger</class>
  <method>startKeyword</method>
  <thread>1</thread>
  <message>Start action : for (org.openqa.selenium.WebElement col : cols)</message>
  <nestedLevel>3</nestedLevel>
  <escapedJava>false</escapedJava>
  <property name="startLine">51</property>
  <property name="stepIndex">4</property>
</record>
<record>
  <date>2026-01-27T10:56:40.278400600Z</date>
  <millis>1769511400278</millis>
  <nanos>400600</nanos>
  <sequence>1198</sequence>
  <level>START</level>
  <class>com.kms.katalon.core.logging.XmlKeywordLogger</class>
  <method>startKeyword</method>
  <thread>1</thread>
  <message>Start action : rowText += col.getText() + &amp;quot; | &amp;quot;</message>
  <nestedLevel>4</nestedLevel>
  <escapedJava>false</escapedJava>
  <property name="startLine">52</property>
  <property name="stepIndex">1</property>
</record>
<record>
  <date>2026-01-27T10:56:40.304631300Z</date>
  <millis>1769511400304</millis>
  <nanos>631300</nanos>
  <sequence>1199</sequence>
  <level>END</level>
  <class>com.kms.katalon.core.logging.XmlKeywordLogger</class>
  <method>endKeyword</method>
  <thread>1</thread>
  <message>End action : rowText += col.getText() + &amp;quot; | &amp;quot;</message>
  <nestedLevel>4</nestedLevel>
  <escapedJava>false</escapedJava>
</record>
<record>
  <date>2026-01-27T10:56:40.304631300Z</date>
  <millis>1769511400304</millis>
  <nanos>631300</nanos>
  <sequence>1200</sequence>
  <level>START</level>
  <class>com.kms.katalon.core.logging.XmlKeywordLogger</class>
  <method>startKeyword</method>
  <thread>1</thread>
  <message>Start action : rowText += col.getText() + &amp;quot; | &amp;quot;</message>
  <nestedLevel>4</nestedLevel>
  <escapedJava>false</escapedJava>
  <property name="startLine">52</property>
  <property name="stepIndex">1</property>
</record>
<record>
  <date>2026-01-27T10:56:40.322381100Z</date>
  <millis>1769511400322</millis>
  <nanos>381100</nanos>
  <sequence>1201</sequence>
  <level>END</level>
  <class>com.kms.katalon.core.logging.XmlKeywordLogger</class>
  <method>endKeyword</method>
  <thread>1</thread>
  <message>End action : rowText += col.getText() + &amp;quot; | &amp;quot;</message>
  <nestedLevel>4</nestedLevel>
  <escapedJava>false</escapedJava>
</record>
<record>
  <date>2026-01-27T10:56:40.323405200Z</date>
  <millis>1769511400323</millis>
  <nanos>405200</nanos>
  <sequence>1202</sequence>
  <level>START</level>
  <class>com.kms.katalon.core.logging.XmlKeywordLogger</class>
  <method>startKeyword</method>
  <thread>1</thread>
  <message>Start action : rowText += col.getText() + &amp;quot; | &amp;quot;</message>
  <nestedLevel>4</nestedLevel>
  <escapedJava>false</escapedJava>
  <property name="startLine">52</property>
  <property name="stepIndex">1</property>
</record>
<record>
  <date>2026-01-27T10:56:40.336071900Z</date>
  <millis>1769511400336</millis>
  <nanos>71900</nanos>
  <sequence>1203</sequence>
  <level>END</level>
  <class>com.kms.katalon.core.logging.XmlKeywordLogger</class>
  <method>endKeyword</method>
  <thread>1</thread>
  <message>End action : rowText += col.getText() + &amp;quot; | &amp;quot;</message>
  <nestedLevel>4</nestedLevel>
  <escapedJava>false</escapedJava>
</record>
<record>
  <date>2026-01-27T10:56:40.336071900Z</date>
  <millis>1769511400336</millis>
  <nanos>71900</nanos>
  <sequence>1204</sequence>
  <level>START</level>
  <class>com.kms.katalon.core.logging.XmlKeywordLogger</class>
  <method>startKeyword</method>
  <thread>1</thread>
  <message>Start action : rowText += col.getText() + &amp;quot; | &amp;quot;</message>
  <nestedLevel>4</nestedLevel>
  <escapedJava>false</escapedJava>
  <property name="startLine">52</property>
  <property name="stepIndex">1</property>
</record>
<record>
  <date>2026-01-27T10:56:40.348831500Z</date>
  <millis>1769511400348</millis>
  <nanos>831500</nanos>
  <sequence>1205</sequence>
  <level>END</level>
  <class>com.kms.katalon.core.logging.XmlKeywordLogger</class>
  <method>endKeyword</method>
  <thread>1</thread>
  <message>End action : rowText += col.getText() + &amp;quot; | &amp;quot;</message>
  <nestedLevel>4</nestedLevel>
  <escapedJava>false</escapedJava>
</record>
<record>
  <date>2026-01-27T10:56:40.348831500Z</date>
  <millis>1769511400348</millis>
  <nanos>831500</nanos>
  <sequence>1206</sequence>
  <level>START</level>
  <class>com.kms.katalon.core.logging.XmlKeywordLogger</class>
  <method>startKeyword</method>
  <thread>1</thread>
  <message>Start action : rowText += col.getText() + &amp;quot; | &amp;quot;</message>
  <nestedLevel>4</nestedLevel>
  <escapedJava>false</escapedJava>
  <property name="startLine">52</property>
  <property name="stepIndex">1</property>
</record>
<record>
  <date>2026-01-27T10:56:40.362549200Z</date>
  <millis>1769511400362</millis>
  <nanos>549200</nanos>
  <sequence>1207</sequence>
  <level>END</level>
  <class>com.kms.katalon.core.logging.XmlKeywordLogger</class>
  <method>endKeyword</method>
  <thread>1</thread>
  <message>End action : rowText += col.getText() + &amp;quot; | &amp;quot;</message>
  <nestedLevel>4</nestedLevel>
  <escapedJava>false</escapedJava>
</record>
<record>
  <date>2026-01-27T10:56:40.362549200Z</date>
  <millis>1769511400362</millis>
  <nanos>549200</nanos>
  <sequence>1208</sequence>
  <level>START</level>
  <class>com.kms.katalon.core.logging.XmlKeywordLogger</class>
  <method>startKeyword</method>
  <thread>1</thread>
  <message>Start action : rowText += col.getText() + &amp;quot; | &amp;quot;</message>
  <nestedLevel>4</nestedLevel>
  <escapedJava>false</escapedJava>
  <property name="startLine">52</property>
  <property name="stepIndex">1</property>
</record>
<record>
  <date>2026-01-27T10:56:40.373713200Z</date>
  <millis>1769511400373</millis>
  <nanos>713200</nanos>
  <sequence>1209</sequence>
  <level>END</level>
  <class>com.kms.katalon.core.logging.XmlKeywordLogger</class>
  <method>endKeyword</method>
  <thread>1</thread>
  <message>End action : rowText += col.getText() + &amp;quot; | &amp;quot;</message>
  <nestedLevel>4</nestedLevel>
  <escapedJava>false</escapedJava>
</record>
<record>
  <date>2026-01-27T10:56:40.374714200Z</date>
  <millis>1769511400374</millis>
  <nanos>714200</nanos>
  <sequence>1210</sequence>
  <level>START</level>
  <class>com.kms.katalon.core.logging.XmlKeywordLogger</class>
  <method>startKeyword</method>
  <thread>1</thread>
  <message>Start action : rowText += col.getText() + &amp;quot; | &amp;quot;</message>
  <nestedLevel>4</nestedLevel>
  <escapedJava>false</escapedJava>
  <property name="startLine">52</property>
  <property name="stepIndex">1</property>
</record>
<record>
  <date>2026-01-27T10:56:40.388903900Z</date>
  <millis>1769511400388</millis>
  <nanos>903900</nanos>
  <sequence>1211</sequence>
  <level>END</level>
  <class>com.kms.katalon.core.logging.XmlKeywordLogger</class>
  <method>endKeyword</method>
  <thread>1</thread>
  <message>End action : rowText += col.getText() + &amp;quot; | &amp;quot;</message>
  <nestedLevel>4</nestedLevel>
  <escapedJava>false</escapedJava>
</record>
<record>
  <date>2026-01-27T10:56:40.388903900Z</date>
  <millis>1769511400388</millis>
  <nanos>903900</nanos>
  <sequence>1212</sequence>
  <level>START</level>
  <class>com.kms.katalon.core.logging.XmlKeywordLogger</class>
  <method>startKeyword</method>
  <thread>1</thread>
  <message>Start action : rowText += col.getText() + &amp;quot; | &amp;quot;</message>
  <nestedLevel>4</nestedLevel>
  <escapedJava>false</escapedJava>
  <property name="startLine">52</property>
  <property name="stepIndex">1</property>
</record>
<record>
  <date>2026-01-27T10:56:40.403326700Z</date>
  <millis>1769511400403</millis>
  <nanos>326700</nanos>
  <sequence>1213</sequence>
  <level>END</level>
  <class>com.kms.katalon.core.logging.XmlKeywordLogger</class>
  <method>endKeyword</method>
  <thread>1</thread>
  <message>End action : rowText += col.getText() + &amp;quot; | &amp;quot;</message>
  <nestedLevel>4</nestedLevel>
  <escapedJava>false</escapedJava>
</record>
<record>
  <date>2026-01-27T10:56:40.403326700Z</date>
  <millis>1769511400403</millis>
  <nanos>326700</nanos>
  <sequence>1214</sequence>
  <level>END</level>
  <class>com.kms.katalon.core.logging.XmlKeywordLogger</class>
  <method>endKeyword</method>
  <thread>1</thread>
  <message>End action : for (org.openqa.selenium.WebElement col : cols)</message>
  <nestedLevel>3</nestedLevel>
  <escapedJava>false</escapedJava>
</record>
<record>
  <date>2026-01-27T10:56:40.403326700Z</date>
  <millis>1769511400403</millis>
  <nanos>326700</nanos>
  <sequence>1215</sequence>
  <level>START</level>
  <class>com.kms.katalon.core.logging.XmlKeywordLogger</class>
  <method>startKeyword</method>
  <thread>1</thread>
  <message>Start action : logInfo(&amp;quot;Row &amp;quot; + i + &amp;quot;: &amp;quot; + rowText)</message>
  <nestedLevel>3</nestedLevel>
  <escapedJava>false</escapedJava>
  <property name="startLine">55</property>
  <property name="stepIndex">5</property>
</record>
<record>
  <date>2026-01-27T10:56:40.403326700Z</date>
  <millis>1769511400403</millis>
  <nanos>326700</nanos>
  <sequence>1216</sequence>
  <level>INFO</level>
  <class>com.kms.katalon.core.logging.XmlKeywordLogger</class>
  <method>logMessage</method>
  <thread>1</thread>
  <message>Row 35:  | 35 | Power Point | 01.19h | 4 | 433 | +2 | Documentation Tools | </message>
  <nestedLevel>1</nestedLevel>
  <escapedJava>false</escapedJava>
</record>
<record>
  <date>2026-01-27T10:56:40.404332200Z</date>
  <millis>1769511400404</millis>
  <nanos>332200</nanos>
  <sequence>1217</sequence>
  <level>END</level>
  <class>com.kms.katalon.core.logging.XmlKeywordLogger</class>
  <method>endKeyword</method>
  <thread>1</thread>
  <message>End action : logInfo(&amp;quot;Row &amp;quot; + i + &amp;quot;: &amp;quot; + rowText)</message>
  <nestedLevel>3</nestedLevel>
  <escapedJava>false</escapedJava>
</record>
<record>
  <date>2026-01-27T10:56:40.404332200Z</date>
  <millis>1769511400404</millis>
  <nanos>332200</nanos>
  <sequence>1218</sequence>
  <level>START</level>
  <class>com.kms.katalon.core.logging.XmlKeywordLogger</class>
  <method>startKeyword</method>
  <thread>1</thread>
  <message>Start action : cols = get(i).findElements(By.tagName(&amp;quot;td&amp;quot;))</message>
  <nestedLevel>3</nestedLevel>
  <escapedJava>false</escapedJava>
  <property name="startLine">42</property>
  <property name="stepIndex">1</property>
</record>
<record>
  <date>2026-01-27T10:56:40.643435200Z</date>
  <millis>1769511400643</millis>
  <nanos>435200</nanos>
  <sequence>1219</sequence>
  <level>END</level>
  <class>com.kms.katalon.core.logging.XmlKeywordLogger</class>
  <method>endKeyword</method>
  <thread>1</thread>
  <message>End action : cols = get(i).findElements(By.tagName(&amp;quot;td&amp;quot;))</message>
  <nestedLevel>3</nestedLevel>
  <escapedJava>false</escapedJava>
</record>
<record>
  <date>2026-01-27T10:56:40.643435200Z</date>
  <millis>1769511400643</millis>
  <nanos>435200</nanos>
  <sequence>1220</sequence>
  <level>START</level>
  <class>com.kms.katalon.core.logging.XmlKeywordLogger</class>
  <method>startKeyword</method>
  <thread>1</thread>
  <message>Start action : if (cols.size() == 0)</message>
  <nestedLevel>3</nestedLevel>
  <escapedJava>false</escapedJava>
  <property name="startLine">45</property>
  <property name="stepIndex">2</property>
</record>
<record>
  <date>2026-01-27T10:56:40.644437800Z</date>
  <millis>1769511400644</millis>
  <nanos>437800</nanos>
  <sequence>1221</sequence>
  <level>END</level>
  <class>com.kms.katalon.core.logging.XmlKeywordLogger</class>
  <method>endKeyword</method>
  <thread>1</thread>
  <message>End action : if (cols.size() == 0)</message>
  <nestedLevel>3</nestedLevel>
  <escapedJava>false</escapedJava>
</record>
<record>
  <date>2026-01-27T10:56:40.644437800Z</date>
  <millis>1769511400644</millis>
  <nanos>437800</nanos>
  <sequence>1222</sequence>
  <level>START</level>
  <class>com.kms.katalon.core.logging.XmlKeywordLogger</class>
  <method>startKeyword</method>
  <thread>1</thread>
  <message>Start action : rowText = &amp;quot;&amp;quot;</message>
  <nestedLevel>3</nestedLevel>
  <escapedJava>false</escapedJava>
  <property name="startLine">49</property>
  <property name="stepIndex">3</property>
</record>
<record>
  <date>2026-01-27T10:56:40.644437800Z</date>
  <millis>1769511400644</millis>
  <nanos>437800</nanos>
  <sequence>1223</sequence>
  <level>END</level>
  <class>com.kms.katalon.core.logging.XmlKeywordLogger</class>
  <method>endKeyword</method>
  <thread>1</thread>
  <message>End action : rowText = &amp;quot;&amp;quot;</message>
  <nestedLevel>3</nestedLevel>
  <escapedJava>false</escapedJava>
</record>
<record>
  <date>2026-01-27T10:56:40.644437800Z</date>
  <millis>1769511400644</millis>
  <nanos>437800</nanos>
  <sequence>1224</sequence>
  <level>START</level>
  <class>com.kms.katalon.core.logging.XmlKeywordLogger</class>
  <method>startKeyword</method>
  <thread>1</thread>
  <message>Start action : for (org.openqa.selenium.WebElement col : cols)</message>
  <nestedLevel>3</nestedLevel>
  <escapedJava>false</escapedJava>
  <property name="startLine">51</property>
  <property name="stepIndex">4</property>
</record>
<record>
  <date>2026-01-27T10:56:40.644437800Z</date>
  <millis>1769511400644</millis>
  <nanos>437800</nanos>
  <sequence>1225</sequence>
  <level>START</level>
  <class>com.kms.katalon.core.logging.XmlKeywordLogger</class>
  <method>startKeyword</method>
  <thread>1</thread>
  <message>Start action : rowText += col.getText() + &amp;quot; | &amp;quot;</message>
  <nestedLevel>4</nestedLevel>
  <escapedJava>false</escapedJava>
  <property name="startLine">52</property>
  <property name="stepIndex">1</property>
</record>
<record>
  <date>2026-01-27T10:56:40.654775200Z</date>
  <millis>1769511400654</millis>
  <nanos>775200</nanos>
  <sequence>1226</sequence>
  <level>END</level>
  <class>com.kms.katalon.core.logging.XmlKeywordLogger</class>
  <method>endKeyword</method>
  <thread>1</thread>
  <message>End action : rowText += col.getText() + &amp;quot; | &amp;quot;</message>
  <nestedLevel>4</nestedLevel>
  <escapedJava>false</escapedJava>
</record>
<record>
  <date>2026-01-27T10:56:40.654775200Z</date>
  <millis>1769511400654</millis>
  <nanos>775200</nanos>
  <sequence>1227</sequence>
  <level>START</level>
  <class>com.kms.katalon.core.logging.XmlKeywordLogger</class>
  <method>startKeyword</method>
  <thread>1</thread>
  <message>Start action : rowText += col.getText() + &amp;quot; | &amp;quot;</message>
  <nestedLevel>4</nestedLevel>
  <escapedJava>false</escapedJava>
  <property name="startLine">52</property>
  <property name="stepIndex">1</property>
</record>
<record>
  <date>2026-01-27T10:56:40.667138100Z</date>
  <millis>1769511400667</millis>
  <nanos>138100</nanos>
  <sequence>1228</sequence>
  <level>END</level>
  <class>com.kms.katalon.core.logging.XmlKeywordLogger</class>
  <method>endKeyword</method>
  <thread>1</thread>
  <message>End action : rowText += col.getText() + &amp;quot; | &amp;quot;</message>
  <nestedLevel>4</nestedLevel>
  <escapedJava>false</escapedJava>
</record>
<record>
  <date>2026-01-27T10:56:40.668200300Z</date>
  <millis>1769511400668</millis>
  <nanos>200300</nanos>
  <sequence>1229</sequence>
  <level>START</level>
  <class>com.kms.katalon.core.logging.XmlKeywordLogger</class>
  <method>startKeyword</method>
  <thread>1</thread>
  <message>Start action : rowText += col.getText() + &amp;quot; | &amp;quot;</message>
  <nestedLevel>4</nestedLevel>
  <escapedJava>false</escapedJava>
  <property name="startLine">52</property>
  <property name="stepIndex">1</property>
</record>
<record>
  <date>2026-01-27T10:56:40.678071400Z</date>
  <millis>1769511400678</millis>
  <nanos>71400</nanos>
  <sequence>1230</sequence>
  <level>END</level>
  <class>com.kms.katalon.core.logging.XmlKeywordLogger</class>
  <method>endKeyword</method>
  <thread>1</thread>
  <message>End action : rowText += col.getText() + &amp;quot; | &amp;quot;</message>
  <nestedLevel>4</nestedLevel>
  <escapedJava>false</escapedJava>
</record>
<record>
  <date>2026-01-27T10:56:40.679070600Z</date>
  <millis>1769511400679</millis>
  <nanos>70600</nanos>
  <sequence>1231</sequence>
  <level>START</level>
  <class>com.kms.katalon.core.logging.XmlKeywordLogger</class>
  <method>startKeyword</method>
  <thread>1</thread>
  <message>Start action : rowText += col.getText() + &amp;quot; | &amp;quot;</message>
  <nestedLevel>4</nestedLevel>
  <escapedJava>false</escapedJava>
  <property name="startLine">52</property>
  <property name="stepIndex">1</property>
</record>
<record>
  <date>2026-01-27T10:56:40.690836200Z</date>
  <millis>1769511400690</millis>
  <nanos>836200</nanos>
  <sequence>1232</sequence>
  <level>END</level>
  <class>com.kms.katalon.core.logging.XmlKeywordLogger</class>
  <method>endKeyword</method>
  <thread>1</thread>
  <message>End action : rowText += col.getText() + &amp;quot; | &amp;quot;</message>
  <nestedLevel>4</nestedLevel>
  <escapedJava>false</escapedJava>
</record>
<record>
  <date>2026-01-27T10:56:40.690836200Z</date>
  <millis>1769511400690</millis>
  <nanos>836200</nanos>
  <sequence>1233</sequence>
  <level>START</level>
  <class>com.kms.katalon.core.logging.XmlKeywordLogger</class>
  <method>startKeyword</method>
  <thread>1</thread>
  <message>Start action : rowText += col.getText() + &amp;quot; | &amp;quot;</message>
  <nestedLevel>4</nestedLevel>
  <escapedJava>false</escapedJava>
  <property name="startLine">52</property>
  <property name="stepIndex">1</property>
</record>
<record>
  <date>2026-01-27T10:56:40.707728400Z</date>
  <millis>1769511400707</millis>
  <nanos>728400</nanos>
  <sequence>1234</sequence>
  <level>END</level>
  <class>com.kms.katalon.core.logging.XmlKeywordLogger</class>
  <method>endKeyword</method>
  <thread>1</thread>
  <message>End action : rowText += col.getText() + &amp;quot; | &amp;quot;</message>
  <nestedLevel>4</nestedLevel>
  <escapedJava>false</escapedJava>
</record>
<record>
  <date>2026-01-27T10:56:40.707728400Z</date>
  <millis>1769511400707</millis>
  <nanos>728400</nanos>
  <sequence>1235</sequence>
  <level>START</level>
  <class>com.kms.katalon.core.logging.XmlKeywordLogger</class>
  <method>startKeyword</method>
  <thread>1</thread>
  <message>Start action : rowText += col.getText() + &amp;quot; | &amp;quot;</message>
  <nestedLevel>4</nestedLevel>
  <escapedJava>false</escapedJava>
  <property name="startLine">52</property>
  <property name="stepIndex">1</property>
</record>
<record>
  <date>2026-01-27T10:56:40.720740700Z</date>
  <millis>1769511400720</millis>
  <nanos>740700</nanos>
  <sequence>1236</sequence>
  <level>END</level>
  <class>com.kms.katalon.core.logging.XmlKeywordLogger</class>
  <method>endKeyword</method>
  <thread>1</thread>
  <message>End action : rowText += col.getText() + &amp;quot; | &amp;quot;</message>
  <nestedLevel>4</nestedLevel>
  <escapedJava>false</escapedJava>
</record>
<record>
  <date>2026-01-27T10:56:40.720740700Z</date>
  <millis>1769511400720</millis>
  <nanos>740700</nanos>
  <sequence>1237</sequence>
  <level>START</level>
  <class>com.kms.katalon.core.logging.XmlKeywordLogger</class>
  <method>startKeyword</method>
  <thread>1</thread>
  <message>Start action : rowText += col.getText() + &amp;quot; | &amp;quot;</message>
  <nestedLevel>4</nestedLevel>
  <escapedJava>false</escapedJava>
  <property name="startLine">52</property>
  <property name="stepIndex">1</property>
</record>
<record>
  <date>2026-01-27T10:56:40.732949100Z</date>
  <millis>1769511400732</millis>
  <nanos>949100</nanos>
  <sequence>1238</sequence>
  <level>END</level>
  <class>com.kms.katalon.core.logging.XmlKeywordLogger</class>
  <method>endKeyword</method>
  <thread>1</thread>
  <message>End action : rowText += col.getText() + &amp;quot; | &amp;quot;</message>
  <nestedLevel>4</nestedLevel>
  <escapedJava>false</escapedJava>
</record>
<record>
  <date>2026-01-27T10:56:40.732949100Z</date>
  <millis>1769511400732</millis>
  <nanos>949100</nanos>
  <sequence>1239</sequence>
  <level>START</level>
  <class>com.kms.katalon.core.logging.XmlKeywordLogger</class>
  <method>startKeyword</method>
  <thread>1</thread>
  <message>Start action : rowText += col.getText() + &amp;quot; | &amp;quot;</message>
  <nestedLevel>4</nestedLevel>
  <escapedJava>false</escapedJava>
  <property name="startLine">52</property>
  <property name="stepIndex">1</property>
</record>
<record>
  <date>2026-01-27T10:56:40.743534800Z</date>
  <millis>1769511400743</millis>
  <nanos>534800</nanos>
  <sequence>1240</sequence>
  <level>END</level>
  <class>com.kms.katalon.core.logging.XmlKeywordLogger</class>
  <method>endKeyword</method>
  <thread>1</thread>
  <message>End action : rowText += col.getText() + &amp;quot; | &amp;quot;</message>
  <nestedLevel>4</nestedLevel>
  <escapedJava>false</escapedJava>
</record>
<record>
  <date>2026-01-27T10:56:40.743534800Z</date>
  <millis>1769511400743</millis>
  <nanos>534800</nanos>
  <sequence>1241</sequence>
  <level>END</level>
  <class>com.kms.katalon.core.logging.XmlKeywordLogger</class>
  <method>endKeyword</method>
  <thread>1</thread>
  <message>End action : for (org.openqa.selenium.WebElement col : cols)</message>
  <nestedLevel>3</nestedLevel>
  <escapedJava>false</escapedJava>
</record>
<record>
  <date>2026-01-27T10:56:40.743534800Z</date>
  <millis>1769511400743</millis>
  <nanos>534800</nanos>
  <sequence>1242</sequence>
  <level>START</level>
  <class>com.kms.katalon.core.logging.XmlKeywordLogger</class>
  <method>startKeyword</method>
  <thread>1</thread>
  <message>Start action : logInfo(&amp;quot;Row &amp;quot; + i + &amp;quot;: &amp;quot; + rowText)</message>
  <nestedLevel>3</nestedLevel>
  <escapedJava>false</escapedJava>
  <property name="startLine">55</property>
  <property name="stepIndex">5</property>
</record>
<record>
  <date>2026-01-27T10:56:40.743534800Z</date>
  <millis>1769511400743</millis>
  <nanos>534800</nanos>
  <sequence>1243</sequence>
  <level>INFO</level>
  <class>com.kms.katalon.core.logging.XmlKeywordLogger</class>
  <method>logMessage</method>
  <thread>1</thread>
  <message>Row 36:  | 36 | Electron | 00.26h | 2 | 11 | +2 | Development Tools | </message>
  <nestedLevel>1</nestedLevel>
  <escapedJava>false</escapedJava>
</record>
<record>
  <date>2026-01-27T10:56:40.745536900Z</date>
  <millis>1769511400745</millis>
  <nanos>536900</nanos>
  <sequence>1244</sequence>
  <level>END</level>
  <class>com.kms.katalon.core.logging.XmlKeywordLogger</class>
  <method>endKeyword</method>
  <thread>1</thread>
  <message>End action : logInfo(&amp;quot;Row &amp;quot; + i + &amp;quot;: &amp;quot; + rowText)</message>
  <nestedLevel>3</nestedLevel>
  <escapedJava>false</escapedJava>
</record>
<record>
  <date>2026-01-27T10:56:40.745536900Z</date>
  <millis>1769511400745</millis>
  <nanos>536900</nanos>
  <sequence>1245</sequence>
  <level>START</level>
  <class>com.kms.katalon.core.logging.XmlKeywordLogger</class>
  <method>startKeyword</method>
  <thread>1</thread>
  <message>Start action : cols = get(i).findElements(By.tagName(&amp;quot;td&amp;quot;))</message>
  <nestedLevel>3</nestedLevel>
  <escapedJava>false</escapedJava>
  <property name="startLine">42</property>
  <property name="stepIndex">1</property>
</record>
<record>
  <date>2026-01-27T10:56:41.022606600Z</date>
  <millis>1769511401022</millis>
  <nanos>606600</nanos>
  <sequence>1246</sequence>
  <level>END</level>
  <class>com.kms.katalon.core.logging.XmlKeywordLogger</class>
  <method>endKeyword</method>
  <thread>1</thread>
  <message>End action : cols = get(i).findElements(By.tagName(&amp;quot;td&amp;quot;))</message>
  <nestedLevel>3</nestedLevel>
  <escapedJava>false</escapedJava>
</record>
<record>
  <date>2026-01-27T10:56:41.022606600Z</date>
  <millis>1769511401022</millis>
  <nanos>606600</nanos>
  <sequence>1247</sequence>
  <level>START</level>
  <class>com.kms.katalon.core.logging.XmlKeywordLogger</class>
  <method>startKeyword</method>
  <thread>1</thread>
  <message>Start action : if (cols.size() == 0)</message>
  <nestedLevel>3</nestedLevel>
  <escapedJava>false</escapedJava>
  <property name="startLine">45</property>
  <property name="stepIndex">2</property>
</record>
<record>
  <date>2026-01-27T10:56:41.023778900Z</date>
  <millis>1769511401023</millis>
  <nanos>778900</nanos>
  <sequence>1248</sequence>
  <level>END</level>
  <class>com.kms.katalon.core.logging.XmlKeywordLogger</class>
  <method>endKeyword</method>
  <thread>1</thread>
  <message>End action : if (cols.size() == 0)</message>
  <nestedLevel>3</nestedLevel>
  <escapedJava>false</escapedJava>
</record>
<record>
  <date>2026-01-27T10:56:41.023778900Z</date>
  <millis>1769511401023</millis>
  <nanos>778900</nanos>
  <sequence>1249</sequence>
  <level>START</level>
  <class>com.kms.katalon.core.logging.XmlKeywordLogger</class>
  <method>startKeyword</method>
  <thread>1</thread>
  <message>Start action : rowText = &amp;quot;&amp;quot;</message>
  <nestedLevel>3</nestedLevel>
  <escapedJava>false</escapedJava>
  <property name="startLine">49</property>
  <property name="stepIndex">3</property>
</record>
<record>
  <date>2026-01-27T10:56:41.023778900Z</date>
  <millis>1769511401023</millis>
  <nanos>778900</nanos>
  <sequence>1250</sequence>
  <level>END</level>
  <class>com.kms.katalon.core.logging.XmlKeywordLogger</class>
  <method>endKeyword</method>
  <thread>1</thread>
  <message>End action : rowText = &amp;quot;&amp;quot;</message>
  <nestedLevel>3</nestedLevel>
  <escapedJava>false</escapedJava>
</record>
<record>
  <date>2026-01-27T10:56:41.024775500Z</date>
  <millis>1769511401024</millis>
  <nanos>775500</nanos>
  <sequence>1251</sequence>
  <level>START</level>
  <class>com.kms.katalon.core.logging.XmlKeywordLogger</class>
  <method>startKeyword</method>
  <thread>1</thread>
  <message>Start action : for (org.openqa.selenium.WebElement col : cols)</message>
  <nestedLevel>3</nestedLevel>
  <escapedJava>false</escapedJava>
  <property name="startLine">51</property>
  <property name="stepIndex">4</property>
</record>
<record>
  <date>2026-01-27T10:56:41.024775500Z</date>
  <millis>1769511401024</millis>
  <nanos>775500</nanos>
  <sequence>1252</sequence>
  <level>START</level>
  <class>com.kms.katalon.core.logging.XmlKeywordLogger</class>
  <method>startKeyword</method>
  <thread>1</thread>
  <message>Start action : rowText += col.getText() + &amp;quot; | &amp;quot;</message>
  <nestedLevel>4</nestedLevel>
  <escapedJava>false</escapedJava>
  <property name="startLine">52</property>
  <property name="stepIndex">1</property>
</record>
<record>
  <date>2026-01-27T10:56:41.041358900Z</date>
  <millis>1769511401041</millis>
  <nanos>358900</nanos>
  <sequence>1253</sequence>
  <level>END</level>
  <class>com.kms.katalon.core.logging.XmlKeywordLogger</class>
  <method>endKeyword</method>
  <thread>1</thread>
  <message>End action : rowText += col.getText() + &amp;quot; | &amp;quot;</message>
  <nestedLevel>4</nestedLevel>
  <escapedJava>false</escapedJava>
</record>
<record>
  <date>2026-01-27T10:56:41.042414300Z</date>
  <millis>1769511401042</millis>
  <nanos>414300</nanos>
  <sequence>1254</sequence>
  <level>START</level>
  <class>com.kms.katalon.core.logging.XmlKeywordLogger</class>
  <method>startKeyword</method>
  <thread>1</thread>
  <message>Start action : rowText += col.getText() + &amp;quot; | &amp;quot;</message>
  <nestedLevel>4</nestedLevel>
  <escapedJava>false</escapedJava>
  <property name="startLine">52</property>
  <property name="stepIndex">1</property>
</record>
<record>
  <date>2026-01-27T10:56:41.054589600Z</date>
  <millis>1769511401054</millis>
  <nanos>589600</nanos>
  <sequence>1255</sequence>
  <level>END</level>
  <class>com.kms.katalon.core.logging.XmlKeywordLogger</class>
  <method>endKeyword</method>
  <thread>1</thread>
  <message>End action : rowText += col.getText() + &amp;quot; | &amp;quot;</message>
  <nestedLevel>4</nestedLevel>
  <escapedJava>false</escapedJava>
</record>
<record>
  <date>2026-01-27T10:56:41.054589600Z</date>
  <millis>1769511401054</millis>
  <nanos>589600</nanos>
  <sequence>1256</sequence>
  <level>START</level>
  <class>com.kms.katalon.core.logging.XmlKeywordLogger</class>
  <method>startKeyword</method>
  <thread>1</thread>
  <message>Start action : rowText += col.getText() + &amp;quot; | &amp;quot;</message>
  <nestedLevel>4</nestedLevel>
  <escapedJava>false</escapedJava>
  <property name="startLine">52</property>
  <property name="stepIndex">1</property>
</record>
<record>
  <date>2026-01-27T10:56:41.067004700Z</date>
  <millis>1769511401067</millis>
  <nanos>4700</nanos>
  <sequence>1257</sequence>
  <level>END</level>
  <class>com.kms.katalon.core.logging.XmlKeywordLogger</class>
  <method>endKeyword</method>
  <thread>1</thread>
  <message>End action : rowText += col.getText() + &amp;quot; | &amp;quot;</message>
  <nestedLevel>4</nestedLevel>
  <escapedJava>false</escapedJava>
</record>
<record>
  <date>2026-01-27T10:56:41.067004700Z</date>
  <millis>1769511401067</millis>
  <nanos>4700</nanos>
  <sequence>1258</sequence>
  <level>START</level>
  <class>com.kms.katalon.core.logging.XmlKeywordLogger</class>
  <method>startKeyword</method>
  <thread>1</thread>
  <message>Start action : rowText += col.getText() + &amp;quot; | &amp;quot;</message>
  <nestedLevel>4</nestedLevel>
  <escapedJava>false</escapedJava>
  <property name="startLine">52</property>
  <property name="stepIndex">1</property>
</record>
<record>
  <date>2026-01-27T10:56:41.077375600Z</date>
  <millis>1769511401077</millis>
  <nanos>375600</nanos>
  <sequence>1259</sequence>
  <level>END</level>
  <class>com.kms.katalon.core.logging.XmlKeywordLogger</class>
  <method>endKeyword</method>
  <thread>1</thread>
  <message>End action : rowText += col.getText() + &amp;quot; | &amp;quot;</message>
  <nestedLevel>4</nestedLevel>
  <escapedJava>false</escapedJava>
</record>
<record>
  <date>2026-01-27T10:56:41.077375600Z</date>
  <millis>1769511401077</millis>
  <nanos>375600</nanos>
  <sequence>1260</sequence>
  <level>START</level>
  <class>com.kms.katalon.core.logging.XmlKeywordLogger</class>
  <method>startKeyword</method>
  <thread>1</thread>
  <message>Start action : rowText += col.getText() + &amp;quot; | &amp;quot;</message>
  <nestedLevel>4</nestedLevel>
  <escapedJava>false</escapedJava>
  <property name="startLine">52</property>
  <property name="stepIndex">1</property>
</record>
<record>
  <date>2026-01-27T10:56:41.091106400Z</date>
  <millis>1769511401091</millis>
  <nanos>106400</nanos>
  <sequence>1261</sequence>
  <level>END</level>
  <class>com.kms.katalon.core.logging.XmlKeywordLogger</class>
  <method>endKeyword</method>
  <thread>1</thread>
  <message>End action : rowText += col.getText() + &amp;quot; | &amp;quot;</message>
  <nestedLevel>4</nestedLevel>
  <escapedJava>false</escapedJava>
</record>
<record>
  <date>2026-01-27T10:56:41.091106400Z</date>
  <millis>1769511401091</millis>
  <nanos>106400</nanos>
  <sequence>1262</sequence>
  <level>START</level>
  <class>com.kms.katalon.core.logging.XmlKeywordLogger</class>
  <method>startKeyword</method>
  <thread>1</thread>
  <message>Start action : rowText += col.getText() + &amp;quot; | &amp;quot;</message>
  <nestedLevel>4</nestedLevel>
  <escapedJava>false</escapedJava>
  <property name="startLine">52</property>
  <property name="stepIndex">1</property>
</record>
<record>
  <date>2026-01-27T10:56:41.103541500Z</date>
  <millis>1769511401103</millis>
  <nanos>541500</nanos>
  <sequence>1263</sequence>
  <level>END</level>
  <class>com.kms.katalon.core.logging.XmlKeywordLogger</class>
  <method>endKeyword</method>
  <thread>1</thread>
  <message>End action : rowText += col.getText() + &amp;quot; | &amp;quot;</message>
  <nestedLevel>4</nestedLevel>
  <escapedJava>false</escapedJava>
</record>
<record>
  <date>2026-01-27T10:56:41.103541500Z</date>
  <millis>1769511401103</millis>
  <nanos>541500</nanos>
  <sequence>1264</sequence>
  <level>START</level>
  <class>com.kms.katalon.core.logging.XmlKeywordLogger</class>
  <method>startKeyword</method>
  <thread>1</thread>
  <message>Start action : rowText += col.getText() + &amp;quot; | &amp;quot;</message>
  <nestedLevel>4</nestedLevel>
  <escapedJava>false</escapedJava>
  <property name="startLine">52</property>
  <property name="stepIndex">1</property>
</record>
<record>
  <date>2026-01-27T10:56:41.117602600Z</date>
  <millis>1769511401117</millis>
  <nanos>602600</nanos>
  <sequence>1265</sequence>
  <level>END</level>
  <class>com.kms.katalon.core.logging.XmlKeywordLogger</class>
  <method>endKeyword</method>
  <thread>1</thread>
  <message>End action : rowText += col.getText() + &amp;quot; | &amp;quot;</message>
  <nestedLevel>4</nestedLevel>
  <escapedJava>false</escapedJava>
</record>
<record>
  <date>2026-01-27T10:56:41.117602600Z</date>
  <millis>1769511401117</millis>
  <nanos>602600</nanos>
  <sequence>1266</sequence>
  <level>START</level>
  <class>com.kms.katalon.core.logging.XmlKeywordLogger</class>
  <method>startKeyword</method>
  <thread>1</thread>
  <message>Start action : rowText += col.getText() + &amp;quot; | &amp;quot;</message>
  <nestedLevel>4</nestedLevel>
  <escapedJava>false</escapedJava>
  <property name="startLine">52</property>
  <property name="stepIndex">1</property>
</record>
<record>
  <date>2026-01-27T10:56:41.127384900Z</date>
  <millis>1769511401127</millis>
  <nanos>384900</nanos>
  <sequence>1267</sequence>
  <level>END</level>
  <class>com.kms.katalon.core.logging.XmlKeywordLogger</class>
  <method>endKeyword</method>
  <thread>1</thread>
  <message>End action : rowText += col.getText() + &amp;quot; | &amp;quot;</message>
  <nestedLevel>4</nestedLevel>
  <escapedJava>false</escapedJava>
</record>
<record>
  <date>2026-01-27T10:56:41.128385800Z</date>
  <millis>1769511401128</millis>
  <nanos>385800</nanos>
  <sequence>1268</sequence>
  <level>END</level>
  <class>com.kms.katalon.core.logging.XmlKeywordLogger</class>
  <method>endKeyword</method>
  <thread>1</thread>
  <message>End action : for (org.openqa.selenium.WebElement col : cols)</message>
  <nestedLevel>3</nestedLevel>
  <escapedJava>false</escapedJava>
</record>
<record>
  <date>2026-01-27T10:56:41.128385800Z</date>
  <millis>1769511401128</millis>
  <nanos>385800</nanos>
  <sequence>1269</sequence>
  <level>START</level>
  <class>com.kms.katalon.core.logging.XmlKeywordLogger</class>
  <method>startKeyword</method>
  <thread>1</thread>
  <message>Start action : logInfo(&amp;quot;Row &amp;quot; + i + &amp;quot;: &amp;quot; + rowText)</message>
  <nestedLevel>3</nestedLevel>
  <escapedJava>false</escapedJava>
  <property name="startLine">55</property>
  <property name="stepIndex">5</property>
</record>
<record>
  <date>2026-01-27T10:56:41.128385800Z</date>
  <millis>1769511401128</millis>
  <nanos>385800</nanos>
  <sequence>1270</sequence>
  <level>INFO</level>
  <class>com.kms.katalon.core.logging.XmlKeywordLogger</class>
  <method>logMessage</method>
  <thread>1</thread>
  <message>Row 37:  | 37 | Whatsapp | 00.23h | 4 | 64 | 0 | Unproductive | </message>
  <nestedLevel>1</nestedLevel>
  <escapedJava>false</escapedJava>
</record>
<record>
  <date>2026-01-27T10:56:41.128385800Z</date>
  <millis>1769511401128</millis>
  <nanos>385800</nanos>
  <sequence>1271</sequence>
  <level>END</level>
  <class>com.kms.katalon.core.logging.XmlKeywordLogger</class>
  <method>endKeyword</method>
  <thread>1</thread>
  <message>End action : logInfo(&amp;quot;Row &amp;quot; + i + &amp;quot;: &amp;quot; + rowText)</message>
  <nestedLevel>3</nestedLevel>
  <escapedJava>false</escapedJava>
</record>
<record>
  <date>2026-01-27T10:56:41.128385800Z</date>
  <millis>1769511401128</millis>
  <nanos>385800</nanos>
  <sequence>1272</sequence>
  <level>START</level>
  <class>com.kms.katalon.core.logging.XmlKeywordLogger</class>
  <method>startKeyword</method>
  <thread>1</thread>
  <message>Start action : cols = get(i).findElements(By.tagName(&amp;quot;td&amp;quot;))</message>
  <nestedLevel>3</nestedLevel>
  <escapedJava>false</escapedJava>
  <property name="startLine">42</property>
  <property name="stepIndex">1</property>
</record>
<record>
  <date>2026-01-27T10:56:41.402408600Z</date>
  <millis>1769511401402</millis>
  <nanos>408600</nanos>
  <sequence>1273</sequence>
  <level>END</level>
  <class>com.kms.katalon.core.logging.XmlKeywordLogger</class>
  <method>endKeyword</method>
  <thread>1</thread>
  <message>End action : cols = get(i).findElements(By.tagName(&amp;quot;td&amp;quot;))</message>
  <nestedLevel>3</nestedLevel>
  <escapedJava>false</escapedJava>
</record>
<record>
  <date>2026-01-27T10:56:41.403424Z</date>
  <millis>1769511401403</millis>
  <nanos>424000</nanos>
  <sequence>1274</sequence>
  <level>START</level>
  <class>com.kms.katalon.core.logging.XmlKeywordLogger</class>
  <method>startKeyword</method>
  <thread>1</thread>
  <message>Start action : if (cols.size() == 0)</message>
  <nestedLevel>3</nestedLevel>
  <escapedJava>false</escapedJava>
  <property name="startLine">45</property>
  <property name="stepIndex">2</property>
</record>
<record>
  <date>2026-01-27T10:56:41.403424Z</date>
  <millis>1769511401403</millis>
  <nanos>424000</nanos>
  <sequence>1275</sequence>
  <level>END</level>
  <class>com.kms.katalon.core.logging.XmlKeywordLogger</class>
  <method>endKeyword</method>
  <thread>1</thread>
  <message>End action : if (cols.size() == 0)</message>
  <nestedLevel>3</nestedLevel>
  <escapedJava>false</escapedJava>
</record>
<record>
  <date>2026-01-27T10:56:41.403424Z</date>
  <millis>1769511401403</millis>
  <nanos>424000</nanos>
  <sequence>1276</sequence>
  <level>START</level>
  <class>com.kms.katalon.core.logging.XmlKeywordLogger</class>
  <method>startKeyword</method>
  <thread>1</thread>
  <message>Start action : rowText = &amp;quot;&amp;quot;</message>
  <nestedLevel>3</nestedLevel>
  <escapedJava>false</escapedJava>
  <property name="startLine">49</property>
  <property name="stepIndex">3</property>
</record>
<record>
  <date>2026-01-27T10:56:41.403424Z</date>
  <millis>1769511401403</millis>
  <nanos>424000</nanos>
  <sequence>1277</sequence>
  <level>END</level>
  <class>com.kms.katalon.core.logging.XmlKeywordLogger</class>
  <method>endKeyword</method>
  <thread>1</thread>
  <message>End action : rowText = &amp;quot;&amp;quot;</message>
  <nestedLevel>3</nestedLevel>
  <escapedJava>false</escapedJava>
</record>
<record>
  <date>2026-01-27T10:56:41.404641400Z</date>
  <millis>1769511401404</millis>
  <nanos>641400</nanos>
  <sequence>1278</sequence>
  <level>START</level>
  <class>com.kms.katalon.core.logging.XmlKeywordLogger</class>
  <method>startKeyword</method>
  <thread>1</thread>
  <message>Start action : for (org.openqa.selenium.WebElement col : cols)</message>
  <nestedLevel>3</nestedLevel>
  <escapedJava>false</escapedJava>
  <property name="startLine">51</property>
  <property name="stepIndex">4</property>
</record>
<record>
  <date>2026-01-27T10:56:41.404641400Z</date>
  <millis>1769511401404</millis>
  <nanos>641400</nanos>
  <sequence>1279</sequence>
  <level>START</level>
  <class>com.kms.katalon.core.logging.XmlKeywordLogger</class>
  <method>startKeyword</method>
  <thread>1</thread>
  <message>Start action : rowText += col.getText() + &amp;quot; | &amp;quot;</message>
  <nestedLevel>4</nestedLevel>
  <escapedJava>false</escapedJava>
  <property name="startLine">52</property>
  <property name="stepIndex">1</property>
</record>
<record>
  <date>2026-01-27T10:56:41.420841300Z</date>
  <millis>1769511401420</millis>
  <nanos>841300</nanos>
  <sequence>1280</sequence>
  <level>END</level>
  <class>com.kms.katalon.core.logging.XmlKeywordLogger</class>
  <method>endKeyword</method>
  <thread>1</thread>
  <message>End action : rowText += col.getText() + &amp;quot; | &amp;quot;</message>
  <nestedLevel>4</nestedLevel>
  <escapedJava>false</escapedJava>
</record>
<record>
  <date>2026-01-27T10:56:41.420841300Z</date>
  <millis>1769511401420</millis>
  <nanos>841300</nanos>
  <sequence>1281</sequence>
  <level>START</level>
  <class>com.kms.katalon.core.logging.XmlKeywordLogger</class>
  <method>startKeyword</method>
  <thread>1</thread>
  <message>Start action : rowText += col.getText() + &amp;quot; | &amp;quot;</message>
  <nestedLevel>4</nestedLevel>
  <escapedJava>false</escapedJava>
  <property name="startLine">52</property>
  <property name="stepIndex">1</property>
</record>
<record>
  <date>2026-01-27T10:56:41.433623700Z</date>
  <millis>1769511401433</millis>
  <nanos>623700</nanos>
  <sequence>1282</sequence>
  <level>END</level>
  <class>com.kms.katalon.core.logging.XmlKeywordLogger</class>
  <method>endKeyword</method>
  <thread>1</thread>
  <message>End action : rowText += col.getText() + &amp;quot; | &amp;quot;</message>
  <nestedLevel>4</nestedLevel>
  <escapedJava>false</escapedJava>
</record>
<record>
  <date>2026-01-27T10:56:41.435118200Z</date>
  <millis>1769511401435</millis>
  <nanos>118200</nanos>
  <sequence>1283</sequence>
  <level>START</level>
  <class>com.kms.katalon.core.logging.XmlKeywordLogger</class>
  <method>startKeyword</method>
  <thread>1</thread>
  <message>Start action : rowText += col.getText() + &amp;quot; | &amp;quot;</message>
  <nestedLevel>4</nestedLevel>
  <escapedJava>false</escapedJava>
  <property name="startLine">52</property>
  <property name="stepIndex">1</property>
</record>
<record>
  <date>2026-01-27T10:56:41.445582200Z</date>
  <millis>1769511401445</millis>
  <nanos>582200</nanos>
  <sequence>1284</sequence>
  <level>END</level>
  <class>com.kms.katalon.core.logging.XmlKeywordLogger</class>
  <method>endKeyword</method>
  <thread>1</thread>
  <message>End action : rowText += col.getText() + &amp;quot; | &amp;quot;</message>
  <nestedLevel>4</nestedLevel>
  <escapedJava>false</escapedJava>
</record>
<record>
  <date>2026-01-27T10:56:41.445582200Z</date>
  <millis>1769511401445</millis>
  <nanos>582200</nanos>
  <sequence>1285</sequence>
  <level>START</level>
  <class>com.kms.katalon.core.logging.XmlKeywordLogger</class>
  <method>startKeyword</method>
  <thread>1</thread>
  <message>Start action : rowText += col.getText() + &amp;quot; | &amp;quot;</message>
  <nestedLevel>4</nestedLevel>
  <escapedJava>false</escapedJava>
  <property name="startLine">52</property>
  <property name="stepIndex">1</property>
</record>
<record>
  <date>2026-01-27T10:56:41.458584700Z</date>
  <millis>1769511401458</millis>
  <nanos>584700</nanos>
  <sequence>1286</sequence>
  <level>END</level>
  <class>com.kms.katalon.core.logging.XmlKeywordLogger</class>
  <method>endKeyword</method>
  <thread>1</thread>
  <message>End action : rowText += col.getText() + &amp;quot; | &amp;quot;</message>
  <nestedLevel>4</nestedLevel>
  <escapedJava>false</escapedJava>
</record>
<record>
  <date>2026-01-27T10:56:41.458584700Z</date>
  <millis>1769511401458</millis>
  <nanos>584700</nanos>
  <sequence>1287</sequence>
  <level>START</level>
  <class>com.kms.katalon.core.logging.XmlKeywordLogger</class>
  <method>startKeyword</method>
  <thread>1</thread>
  <message>Start action : rowText += col.getText() + &amp;quot; | &amp;quot;</message>
  <nestedLevel>4</nestedLevel>
  <escapedJava>false</escapedJava>
  <property name="startLine">52</property>
  <property name="stepIndex">1</property>
</record>
<record>
  <date>2026-01-27T10:56:41.479509700Z</date>
  <millis>1769511401479</millis>
  <nanos>509700</nanos>
  <sequence>1288</sequence>
  <level>END</level>
  <class>com.kms.katalon.core.logging.XmlKeywordLogger</class>
  <method>endKeyword</method>
  <thread>1</thread>
  <message>End action : rowText += col.getText() + &amp;quot; | &amp;quot;</message>
  <nestedLevel>4</nestedLevel>
  <escapedJava>false</escapedJava>
</record>
<record>
  <date>2026-01-27T10:56:41.479509700Z</date>
  <millis>1769511401479</millis>
  <nanos>509700</nanos>
  <sequence>1289</sequence>
  <level>START</level>
  <class>com.kms.katalon.core.logging.XmlKeywordLogger</class>
  <method>startKeyword</method>
  <thread>1</thread>
  <message>Start action : rowText += col.getText() + &amp;quot; | &amp;quot;</message>
  <nestedLevel>4</nestedLevel>
  <escapedJava>false</escapedJava>
  <property name="startLine">52</property>
  <property name="stepIndex">1</property>
</record>
<record>
  <date>2026-01-27T10:56:41.503371Z</date>
  <millis>1769511401503</millis>
  <nanos>371000</nanos>
  <sequence>1290</sequence>
  <level>END</level>
  <class>com.kms.katalon.core.logging.XmlKeywordLogger</class>
  <method>endKeyword</method>
  <thread>1</thread>
  <message>End action : rowText += col.getText() + &amp;quot; | &amp;quot;</message>
  <nestedLevel>4</nestedLevel>
  <escapedJava>false</escapedJava>
</record>
<record>
  <date>2026-01-27T10:56:41.503371Z</date>
  <millis>1769511401503</millis>
  <nanos>371000</nanos>
  <sequence>1291</sequence>
  <level>START</level>
  <class>com.kms.katalon.core.logging.XmlKeywordLogger</class>
  <method>startKeyword</method>
  <thread>1</thread>
  <message>Start action : rowText += col.getText() + &amp;quot; | &amp;quot;</message>
  <nestedLevel>4</nestedLevel>
  <escapedJava>false</escapedJava>
  <property name="startLine">52</property>
  <property name="stepIndex">1</property>
</record>
<record>
  <date>2026-01-27T10:56:41.515694600Z</date>
  <millis>1769511401515</millis>
  <nanos>694600</nanos>
  <sequence>1292</sequence>
  <level>END</level>
  <class>com.kms.katalon.core.logging.XmlKeywordLogger</class>
  <method>endKeyword</method>
  <thread>1</thread>
  <message>End action : rowText += col.getText() + &amp;quot; | &amp;quot;</message>
  <nestedLevel>4</nestedLevel>
  <escapedJava>false</escapedJava>
</record>
<record>
  <date>2026-01-27T10:56:41.516694Z</date>
  <millis>1769511401516</millis>
  <nanos>694000</nanos>
  <sequence>1293</sequence>
  <level>START</level>
  <class>com.kms.katalon.core.logging.XmlKeywordLogger</class>
  <method>startKeyword</method>
  <thread>1</thread>
  <message>Start action : rowText += col.getText() + &amp;quot; | &amp;quot;</message>
  <nestedLevel>4</nestedLevel>
  <escapedJava>false</escapedJava>
  <property name="startLine">52</property>
  <property name="stepIndex">1</property>
</record>
<record>
  <date>2026-01-27T10:56:41.527517300Z</date>
  <millis>1769511401527</millis>
  <nanos>517300</nanos>
  <sequence>1294</sequence>
  <level>END</level>
  <class>com.kms.katalon.core.logging.XmlKeywordLogger</class>
  <method>endKeyword</method>
  <thread>1</thread>
  <message>End action : rowText += col.getText() + &amp;quot; | &amp;quot;</message>
  <nestedLevel>4</nestedLevel>
  <escapedJava>false</escapedJava>
</record>
<record>
  <date>2026-01-27T10:56:41.527517300Z</date>
  <millis>1769511401527</millis>
  <nanos>517300</nanos>
  <sequence>1295</sequence>
  <level>END</level>
  <class>com.kms.katalon.core.logging.XmlKeywordLogger</class>
  <method>endKeyword</method>
  <thread>1</thread>
  <message>End action : for (org.openqa.selenium.WebElement col : cols)</message>
  <nestedLevel>3</nestedLevel>
  <escapedJava>false</escapedJava>
</record>
<record>
  <date>2026-01-27T10:56:41.527517300Z</date>
  <millis>1769511401527</millis>
  <nanos>517300</nanos>
  <sequence>1296</sequence>
  <level>START</level>
  <class>com.kms.katalon.core.logging.XmlKeywordLogger</class>
  <method>startKeyword</method>
  <thread>1</thread>
  <message>Start action : logInfo(&amp;quot;Row &amp;quot; + i + &amp;quot;: &amp;quot; + rowText)</message>
  <nestedLevel>3</nestedLevel>
  <escapedJava>false</escapedJava>
  <property name="startLine">55</property>
  <property name="stepIndex">5</property>
</record>
<record>
  <date>2026-01-27T10:56:41.527517300Z</date>
  <millis>1769511401527</millis>
  <nanos>517300</nanos>
  <sequence>1297</sequence>
  <level>INFO</level>
  <class>com.kms.katalon.core.logging.XmlKeywordLogger</class>
  <method>logMessage</method>
  <thread>1</thread>
  <message>Row 38:  | 38 | Internet Information Services (IIS) Manager | 00.21h | 2 | 84 | +2 | Development Tools | </message>
  <nestedLevel>1</nestedLevel>
  <escapedJava>false</escapedJava>
</record>
<record>
  <date>2026-01-27T10:56:41.529026Z</date>
  <millis>1769511401529</millis>
  <nanos>26000</nanos>
  <sequence>1298</sequence>
  <level>END</level>
  <class>com.kms.katalon.core.logging.XmlKeywordLogger</class>
  <method>endKeyword</method>
  <thread>1</thread>
  <message>End action : logInfo(&amp;quot;Row &amp;quot; + i + &amp;quot;: &amp;quot; + rowText)</message>
  <nestedLevel>3</nestedLevel>
  <escapedJava>false</escapedJava>
</record>
<record>
  <date>2026-01-27T10:56:41.529026Z</date>
  <millis>1769511401529</millis>
  <nanos>26000</nanos>
  <sequence>1299</sequence>
  <level>START</level>
  <class>com.kms.katalon.core.logging.XmlKeywordLogger</class>
  <method>startKeyword</method>
  <thread>1</thread>
  <message>Start action : cols = get(i).findElements(By.tagName(&amp;quot;td&amp;quot;))</message>
  <nestedLevel>3</nestedLevel>
  <escapedJava>false</escapedJava>
  <property name="startLine">42</property>
  <property name="stepIndex">1</property>
</record>
<record>
  <date>2026-01-27T10:56:41.817251600Z</date>
  <millis>1769511401817</millis>
  <nanos>251600</nanos>
  <sequence>1300</sequence>
  <level>END</level>
  <class>com.kms.katalon.core.logging.XmlKeywordLogger</class>
  <method>endKeyword</method>
  <thread>1</thread>
  <message>End action : cols = get(i).findElements(By.tagName(&amp;quot;td&amp;quot;))</message>
  <nestedLevel>3</nestedLevel>
  <escapedJava>false</escapedJava>
</record>
<record>
  <date>2026-01-27T10:56:41.818291Z</date>
  <millis>1769511401818</millis>
  <nanos>291000</nanos>
  <sequence>1301</sequence>
  <level>START</level>
  <class>com.kms.katalon.core.logging.XmlKeywordLogger</class>
  <method>startKeyword</method>
  <thread>1</thread>
  <message>Start action : if (cols.size() == 0)</message>
  <nestedLevel>3</nestedLevel>
  <escapedJava>false</escapedJava>
  <property name="startLine">45</property>
  <property name="stepIndex">2</property>
</record>
<record>
  <date>2026-01-27T10:56:41.818291Z</date>
  <millis>1769511401818</millis>
  <nanos>291000</nanos>
  <sequence>1302</sequence>
  <level>END</level>
  <class>com.kms.katalon.core.logging.XmlKeywordLogger</class>
  <method>endKeyword</method>
  <thread>1</thread>
  <message>End action : if (cols.size() == 0)</message>
  <nestedLevel>3</nestedLevel>
  <escapedJava>false</escapedJava>
</record>
<record>
  <date>2026-01-27T10:56:41.818291Z</date>
  <millis>1769511401818</millis>
  <nanos>291000</nanos>
  <sequence>1303</sequence>
  <level>START</level>
  <class>com.kms.katalon.core.logging.XmlKeywordLogger</class>
  <method>startKeyword</method>
  <thread>1</thread>
  <message>Start action : rowText = &amp;quot;&amp;quot;</message>
  <nestedLevel>3</nestedLevel>
  <escapedJava>false</escapedJava>
  <property name="startLine">49</property>
  <property name="stepIndex">3</property>
</record>
<record>
  <date>2026-01-27T10:56:41.819287500Z</date>
  <millis>1769511401819</millis>
  <nanos>287500</nanos>
  <sequence>1304</sequence>
  <level>END</level>
  <class>com.kms.katalon.core.logging.XmlKeywordLogger</class>
  <method>endKeyword</method>
  <thread>1</thread>
  <message>End action : rowText = &amp;quot;&amp;quot;</message>
  <nestedLevel>3</nestedLevel>
  <escapedJava>false</escapedJava>
</record>
<record>
  <date>2026-01-27T10:56:41.819287500Z</date>
  <millis>1769511401819</millis>
  <nanos>287500</nanos>
  <sequence>1305</sequence>
  <level>START</level>
  <class>com.kms.katalon.core.logging.XmlKeywordLogger</class>
  <method>startKeyword</method>
  <thread>1</thread>
  <message>Start action : for (org.openqa.selenium.WebElement col : cols)</message>
  <nestedLevel>3</nestedLevel>
  <escapedJava>false</escapedJava>
  <property name="startLine">51</property>
  <property name="stepIndex">4</property>
</record>
<record>
  <date>2026-01-27T10:56:41.820284100Z</date>
  <millis>1769511401820</millis>
  <nanos>284100</nanos>
  <sequence>1306</sequence>
  <level>START</level>
  <class>com.kms.katalon.core.logging.XmlKeywordLogger</class>
  <method>startKeyword</method>
  <thread>1</thread>
  <message>Start action : rowText += col.getText() + &amp;quot; | &amp;quot;</message>
  <nestedLevel>4</nestedLevel>
  <escapedJava>false</escapedJava>
  <property name="startLine">52</property>
  <property name="stepIndex">1</property>
</record>
<record>
  <date>2026-01-27T10:56:41.847056600Z</date>
  <millis>1769511401847</millis>
  <nanos>56600</nanos>
  <sequence>1307</sequence>
  <level>END</level>
  <class>com.kms.katalon.core.logging.XmlKeywordLogger</class>
  <method>endKeyword</method>
  <thread>1</thread>
  <message>End action : rowText += col.getText() + &amp;quot; | &amp;quot;</message>
  <nestedLevel>4</nestedLevel>
  <escapedJava>false</escapedJava>
</record>
<record>
  <date>2026-01-27T10:56:41.847056600Z</date>
  <millis>1769511401847</millis>
  <nanos>56600</nanos>
  <sequence>1308</sequence>
  <level>START</level>
  <class>com.kms.katalon.core.logging.XmlKeywordLogger</class>
  <method>startKeyword</method>
  <thread>1</thread>
  <message>Start action : rowText += col.getText() + &amp;quot; | &amp;quot;</message>
  <nestedLevel>4</nestedLevel>
  <escapedJava>false</escapedJava>
  <property name="startLine">52</property>
  <property name="stepIndex">1</property>
</record>
<record>
  <date>2026-01-27T10:56:41.868231300Z</date>
  <millis>1769511401868</millis>
  <nanos>231300</nanos>
  <sequence>1309</sequence>
  <level>END</level>
  <class>com.kms.katalon.core.logging.XmlKeywordLogger</class>
  <method>endKeyword</method>
  <thread>1</thread>
  <message>End action : rowText += col.getText() + &amp;quot; | &amp;quot;</message>
  <nestedLevel>4</nestedLevel>
  <escapedJava>false</escapedJava>
</record>
<record>
  <date>2026-01-27T10:56:41.869410800Z</date>
  <millis>1769511401869</millis>
  <nanos>410800</nanos>
  <sequence>1310</sequence>
  <level>START</level>
  <class>com.kms.katalon.core.logging.XmlKeywordLogger</class>
  <method>startKeyword</method>
  <thread>1</thread>
  <message>Start action : rowText += col.getText() + &amp;quot; | &amp;quot;</message>
  <nestedLevel>4</nestedLevel>
  <escapedJava>false</escapedJava>
  <property name="startLine">52</property>
  <property name="stepIndex">1</property>
</record>
<record>
  <date>2026-01-27T10:56:41.883360300Z</date>
  <millis>1769511401883</millis>
  <nanos>360300</nanos>
  <sequence>1311</sequence>
  <level>END</level>
  <class>com.kms.katalon.core.logging.XmlKeywordLogger</class>
  <method>endKeyword</method>
  <thread>1</thread>
  <message>End action : rowText += col.getText() + &amp;quot; | &amp;quot;</message>
  <nestedLevel>4</nestedLevel>
  <escapedJava>false</escapedJava>
</record>
<record>
  <date>2026-01-27T10:56:41.883360300Z</date>
  <millis>1769511401883</millis>
  <nanos>360300</nanos>
  <sequence>1312</sequence>
  <level>START</level>
  <class>com.kms.katalon.core.logging.XmlKeywordLogger</class>
  <method>startKeyword</method>
  <thread>1</thread>
  <message>Start action : rowText += col.getText() + &amp;quot; | &amp;quot;</message>
  <nestedLevel>4</nestedLevel>
  <escapedJava>false</escapedJava>
  <property name="startLine">52</property>
  <property name="stepIndex">1</property>
</record>
<record>
  <date>2026-01-27T10:56:41.903146800Z</date>
  <millis>1769511401903</millis>
  <nanos>146800</nanos>
  <sequence>1313</sequence>
  <level>END</level>
  <class>com.kms.katalon.core.logging.XmlKeywordLogger</class>
  <method>endKeyword</method>
  <thread>1</thread>
  <message>End action : rowText += col.getText() + &amp;quot; | &amp;quot;</message>
  <nestedLevel>4</nestedLevel>
  <escapedJava>false</escapedJava>
</record>
<record>
  <date>2026-01-27T10:56:41.904145100Z</date>
  <millis>1769511401904</millis>
  <nanos>145100</nanos>
  <sequence>1314</sequence>
  <level>START</level>
  <class>com.kms.katalon.core.logging.XmlKeywordLogger</class>
  <method>startKeyword</method>
  <thread>1</thread>
  <message>Start action : rowText += col.getText() + &amp;quot; | &amp;quot;</message>
  <nestedLevel>4</nestedLevel>
  <escapedJava>false</escapedJava>
  <property name="startLine">52</property>
  <property name="stepIndex">1</property>
</record>
<record>
  <date>2026-01-27T10:56:41.918077200Z</date>
  <millis>1769511401918</millis>
  <nanos>77200</nanos>
  <sequence>1315</sequence>
  <level>END</level>
  <class>com.kms.katalon.core.logging.XmlKeywordLogger</class>
  <method>endKeyword</method>
  <thread>1</thread>
  <message>End action : rowText += col.getText() + &amp;quot; | &amp;quot;</message>
  <nestedLevel>4</nestedLevel>
  <escapedJava>false</escapedJava>
</record>
<record>
  <date>2026-01-27T10:56:41.919192200Z</date>
  <millis>1769511401919</millis>
  <nanos>192200</nanos>
  <sequence>1316</sequence>
  <level>START</level>
  <class>com.kms.katalon.core.logging.XmlKeywordLogger</class>
  <method>startKeyword</method>
  <thread>1</thread>
  <message>Start action : rowText += col.getText() + &amp;quot; | &amp;quot;</message>
  <nestedLevel>4</nestedLevel>
  <escapedJava>false</escapedJava>
  <property name="startLine">52</property>
  <property name="stepIndex">1</property>
</record>
<record>
  <date>2026-01-27T10:56:41.929600300Z</date>
  <millis>1769511401929</millis>
  <nanos>600300</nanos>
  <sequence>1317</sequence>
  <level>END</level>
  <class>com.kms.katalon.core.logging.XmlKeywordLogger</class>
  <method>endKeyword</method>
  <thread>1</thread>
  <message>End action : rowText += col.getText() + &amp;quot; | &amp;quot;</message>
  <nestedLevel>4</nestedLevel>
  <escapedJava>false</escapedJava>
</record>
<record>
  <date>2026-01-27T10:56:41.930604900Z</date>
  <millis>1769511401930</millis>
  <nanos>604900</nanos>
  <sequence>1318</sequence>
  <level>START</level>
  <class>com.kms.katalon.core.logging.XmlKeywordLogger</class>
  <method>startKeyword</method>
  <thread>1</thread>
  <message>Start action : rowText += col.getText() + &amp;quot; | &amp;quot;</message>
  <nestedLevel>4</nestedLevel>
  <escapedJava>false</escapedJava>
  <property name="startLine">52</property>
  <property name="stepIndex">1</property>
</record>
<record>
  <date>2026-01-27T10:56:41.944371Z</date>
  <millis>1769511401944</millis>
  <nanos>371000</nanos>
  <sequence>1319</sequence>
  <level>END</level>
  <class>com.kms.katalon.core.logging.XmlKeywordLogger</class>
  <method>endKeyword</method>
  <thread>1</thread>
  <message>End action : rowText += col.getText() + &amp;quot; | &amp;quot;</message>
  <nestedLevel>4</nestedLevel>
  <escapedJava>false</escapedJava>
</record>
<record>
  <date>2026-01-27T10:56:41.944371Z</date>
  <millis>1769511401944</millis>
  <nanos>371000</nanos>
  <sequence>1320</sequence>
  <level>START</level>
  <class>com.kms.katalon.core.logging.XmlKeywordLogger</class>
  <method>startKeyword</method>
  <thread>1</thread>
  <message>Start action : rowText += col.getText() + &amp;quot; | &amp;quot;</message>
  <nestedLevel>4</nestedLevel>
  <escapedJava>false</escapedJava>
  <property name="startLine">52</property>
  <property name="stepIndex">1</property>
</record>
<record>
  <date>2026-01-27T10:56:41.956566900Z</date>
  <millis>1769511401956</millis>
  <nanos>566900</nanos>
  <sequence>1321</sequence>
  <level>END</level>
  <class>com.kms.katalon.core.logging.XmlKeywordLogger</class>
  <method>endKeyword</method>
  <thread>1</thread>
  <message>End action : rowText += col.getText() + &amp;quot; | &amp;quot;</message>
  <nestedLevel>4</nestedLevel>
  <escapedJava>false</escapedJava>
</record>
<record>
  <date>2026-01-27T10:56:41.956566900Z</date>
  <millis>1769511401956</millis>
  <nanos>566900</nanos>
  <sequence>1322</sequence>
  <level>END</level>
  <class>com.kms.katalon.core.logging.XmlKeywordLogger</class>
  <method>endKeyword</method>
  <thread>1</thread>
  <message>End action : for (org.openqa.selenium.WebElement col : cols)</message>
  <nestedLevel>3</nestedLevel>
  <escapedJava>false</escapedJava>
</record>
<record>
  <date>2026-01-27T10:56:41.958040200Z</date>
  <millis>1769511401958</millis>
  <nanos>40200</nanos>
  <sequence>1323</sequence>
  <level>START</level>
  <class>com.kms.katalon.core.logging.XmlKeywordLogger</class>
  <method>startKeyword</method>
  <thread>1</thread>
  <message>Start action : logInfo(&amp;quot;Row &amp;quot; + i + &amp;quot;: &amp;quot; + rowText)</message>
  <nestedLevel>3</nestedLevel>
  <escapedJava>false</escapedJava>
  <property name="startLine">55</property>
  <property name="stepIndex">5</property>
</record>
<record>
  <date>2026-01-27T10:56:41.958040200Z</date>
  <millis>1769511401958</millis>
  <nanos>40200</nanos>
  <sequence>1324</sequence>
  <level>INFO</level>
  <class>com.kms.katalon.core.logging.XmlKeywordLogger</class>
  <method>logMessage</method>
  <thread>1</thread>
  <message>Row 39:  | 39 | Jira | 00.13h | 18 | 72 | +2 | Documentation Tools | </message>
  <nestedLevel>1</nestedLevel>
  <escapedJava>false</escapedJava>
</record>
<record>
  <date>2026-01-27T10:56:41.960034300Z</date>
  <millis>1769511401960</millis>
  <nanos>34300</nanos>
  <sequence>1325</sequence>
  <level>END</level>
  <class>com.kms.katalon.core.logging.XmlKeywordLogger</class>
  <method>endKeyword</method>
  <thread>1</thread>
  <message>End action : logInfo(&amp;quot;Row &amp;quot; + i + &amp;quot;: &amp;quot; + rowText)</message>
  <nestedLevel>3</nestedLevel>
  <escapedJava>false</escapedJava>
</record>
<record>
  <date>2026-01-27T10:56:41.960034300Z</date>
  <millis>1769511401960</millis>
  <nanos>34300</nanos>
  <sequence>1326</sequence>
  <level>END</level>
  <class>com.kms.katalon.core.logging.XmlKeywordLogger</class>
  <method>endKeyword</method>
  <thread>1</thread>
  <message>End action : for ([i = 0, i &amp;lt; rows.size(), (i++)])</message>
  <nestedLevel>2</nestedLevel>
  <escapedJava>false</escapedJava>
</record>
<record>
  <date>2026-01-27T10:56:41.960034300Z</date>
  <millis>1769511401960</millis>
  <nanos>34300</nanos>
  <sequence>1327</sequence>
  <level>START</level>
  <class>com.kms.katalon.core.logging.XmlKeywordLogger</class>
  <method>startKeyword</method>
  <thread>1</thread>
  <message>Start action : executeJavaScript(&amp;quot;window.scrollTo(0, document.body.scrollHeight);&amp;quot;, null)</message>
  <nestedLevel>2</nestedLevel>
  <escapedJava>false</escapedJava>
  <property name="startLine">58</property>
  <property name="stepIndex">12</property>
</record>
<record>
  <date>2026-01-27T10:56:41.986356500Z</date>
  <millis>1769511401986</millis>
  <nanos>356500</nanos>
  <sequence>1329</sequence>
  <level>PASSED</level>
  <class>com.kms.katalon.core.logging.XmlKeywordLogger</class>
  <method>logMessage</method>
  <thread>1</thread>
  <message>Execute JavaScript &amp;apos;window.scrollTo(0, document.body.scrollHeight);&amp;apos; successfully</message>
  <nestedLevel>1</nestedLevel>
  <escapedJava>false</escapedJava>
  <property name="testops-method-name">com.kms.katalon.core.webui.keyword.builtin.ExecuteJavaScriptKeyword.executeJavascript</property>
  <property name="testops-execution-stacktrace"></property>
</record>
<record>
  <date>2026-01-27T10:56:41.991343500Z</date>
  <millis>1769511401991</millis>
  <nanos>343500</nanos>
  <sequence>1330</sequence>
  <level>END</level>
  <class>com.kms.katalon.core.logging.XmlKeywordLogger</class>
  <method>endKeyword</method>
  <thread>1</thread>
  <message>End action : executeJavaScript(&amp;quot;window.scrollTo(0, document.body.scrollHeight);&amp;quot;, null)</message>
  <nestedLevel>2</nestedLevel>
  <escapedJava>false</escapedJava>
</record>
<record>
  <date>2026-01-27T10:56:41.991343500Z</date>
  <millis>1769511401991</millis>
  <nanos>343500</nanos>
  <sequence>1331</sequence>
  <level>START</level>
  <class>com.kms.katalon.core.logging.XmlKeywordLogger</class>
  <method>startKeyword</method>
  <thread>1</thread>
  <message>Start action : com.prohancewebapplication.file.FileSizeFinder.exisitingFileDelete()</message>
  <nestedLevel>2</nestedLevel>
  <escapedJava>false</escapedJava>
  <property name="startLine">63</property>
  <property name="stepIndex">13</property>
</record>
<record>
  <date>2026-01-27T10:56:42.023947200Z</date>
  <millis>1769511402023</millis>
  <nanos>947200</nanos>
  <sequence>1332</sequence>
  <level>PASSED</level>
  <class>com.kms.katalon.core.logging.XmlKeywordLogger</class>
  <method>logMessage</method>
  <thread>1</thread>
  <message>com.prohancewebapplication.file.FileSizeFinder.exisitingFileDelete is PASSED</message>
  <nestedLevel>1</nestedLevel>
  <escapedJava>false</escapedJava>
</record>
<record>
  <date>2026-01-27T10:56:42.025251Z</date>
  <millis>1769511402025</millis>
  <nanos>251000</nanos>
  <sequence>1333</sequence>
  <level>END</level>
  <class>com.kms.katalon.core.logging.XmlKeywordLogger</class>
  <method>endKeyword</method>
  <thread>1</thread>
  <message>End action : com.prohancewebapplication.file.FileSizeFinder.exisitingFileDelete()</message>
  <nestedLevel>2</nestedLevel>
  <escapedJava>false</escapedJava>
</record>
<record>
  <date>2026-01-27T10:56:42.025251Z</date>
  <millis>1769511402025</millis>
  <nanos>251000</nanos>
  <sequence>1334</sequence>
  <level>START</level>
  <class>com.kms.katalon.core.logging.XmlKeywordLogger</class>
  <method>startKeyword</method>
  <thread>1</thread>
  <message>Start action : explort = ((exportType != null)) ? exportType : false</message>
  <nestedLevel>2</nestedLevel>
  <escapedJava>false</escapedJava>
  <property name="startLine">65</property>
  <property name="stepIndex">14</property>
</record>
<record>
  <date>2026-01-27T10:56:42.028307500Z</date>
  <millis>1769511402028</millis>
  <nanos>307500</nanos>
  <sequence>1335</sequence>
  <level>END</level>
  <class>com.kms.katalon.core.logging.XmlKeywordLogger</class>
  <method>endKeyword</method>
  <thread>1</thread>
  <message>End action : explort = ((exportType != null)) ? exportType : false</message>
  <nestedLevel>2</nestedLevel>
  <escapedJava>false</escapedJava>
</record>
<record>
  <date>2026-01-27T10:56:42.028307500Z</date>
  <millis>1769511402028</millis>
  <nanos>307500</nanos>
  <sequence>1336</sequence>
  <level>START</level>
  <class>com.kms.katalon.core.logging.XmlKeywordLogger</class>
  <method>startKeyword</method>
  <thread>1</thread>
  <message>Start action : browserName = getExecutedBrowser()</message>
  <nestedLevel>2</nestedLevel>
  <escapedJava>false</escapedJava>
  <property name="startLine">67</property>
  <property name="stepIndex">15</property>
</record>
<record>
  <date>2026-01-27T10:56:42.029304400Z</date>
  <millis>1769511402029</millis>
  <nanos>304400</nanos>
  <sequence>1337</sequence>
  <level>END</level>
  <class>com.kms.katalon.core.logging.XmlKeywordLogger</class>
  <method>endKeyword</method>
  <thread>1</thread>
  <message>End action : browserName = getExecutedBrowser()</message>
  <nestedLevel>2</nestedLevel>
  <escapedJava>false</escapedJava>
</record>
<record>
  <date>2026-01-27T10:56:42.030302Z</date>
  <millis>1769511402030</millis>
  <nanos>302000</nanos>
  <sequence>1338</sequence>
  <level>START</level>
  <class>com.kms.katalon.core.logging.XmlKeywordLogger</class>
  <method>startKeyword</method>
  <thread>1</thread>
  <message>Start action : logInfo(&amp;quot;Browser Name :&amp;quot; + &amp;quot; &amp;quot; + browserName)</message>
  <nestedLevel>2</nestedLevel>
  <escapedJava>false</escapedJava>
  <property name="startLine">69</property>
  <property name="stepIndex">16</property>
</record>
<record>
  <date>2026-01-27T10:56:42.031298300Z</date>
  <millis>1769511402031</millis>
  <nanos>298300</nanos>
  <sequence>1339</sequence>
  <level>INFO</level>
  <class>com.kms.katalon.core.logging.XmlKeywordLogger</class>
  <method>logMessage</method>
  <thread>1</thread>
  <message>Browser Name : Chrome</message>
  <nestedLevel>1</nestedLevel>
  <escapedJava>false</escapedJava>
</record>
<record>
  <date>2026-01-27T10:56:42.035800700Z</date>
  <millis>1769511402035</millis>
  <nanos>800700</nanos>
  <sequence>1340</sequence>
  <level>END</level>
  <class>com.kms.katalon.core.logging.XmlKeywordLogger</class>
  <method>endKeyword</method>
  <thread>1</thread>
  <message>End action : logInfo(&amp;quot;Browser Name :&amp;quot; + &amp;quot; &amp;quot; + browserName)</message>
  <nestedLevel>2</nestedLevel>
  <escapedJava>false</escapedJava>
</record>
<record>
  <date>2026-01-27T10:56:42.035800700Z</date>
  <millis>1769511402035</millis>
  <nanos>800700</nanos>
  <sequence>1341</sequence>
  <level>START</level>
  <class>com.kms.katalon.core.logging.XmlKeywordLogger</class>
  <method>startKeyword</method>
  <thread>1</thread>
  <message>Start action : xPath = com.prohanceebapplication.common.Export.export(explort)</message>
  <nestedLevel>2</nestedLevel>
  <escapedJava>false</escapedJava>
  <property name="startLine">72</property>
  <property name="stepIndex">17</property>
</record>
<record>
  <date>2026-01-27T10:56:42.047517100Z</date>
  <millis>1769511402047</millis>
  <nanos>517100</nanos>
  <sequence>1342</sequence>
  <level>PASSED</level>
  <class>com.kms.katalon.core.logging.XmlKeywordLogger</class>
  <method>logMessage</method>
  <thread>1</thread>
  <message>com.prohanceebapplication.common.Export.export is PASSED</message>
  <nestedLevel>1</nestedLevel>
  <escapedJava>false</escapedJava>
</record>
<record>
  <date>2026-01-27T10:56:42.050515500Z</date>
  <millis>1769511402050</millis>
  <nanos>515500</nanos>
  <sequence>1343</sequence>
  <level>END</level>
  <class>com.kms.katalon.core.logging.XmlKeywordLogger</class>
  <method>endKeyword</method>
  <thread>1</thread>
  <message>End action : xPath = com.prohanceebapplication.common.Export.export(explort)</message>
  <nestedLevel>2</nestedLevel>
  <escapedJava>false</escapedJava>
</record>
<record>
  <date>2026-01-27T10:56:42.051506700Z</date>
  <millis>1769511402051</millis>
  <nanos>506700</nanos>
  <sequence>1344</sequence>
  <level>START</level>
  <class>com.kms.katalon.core.logging.XmlKeywordLogger</class>
  <method>startKeyword</method>
  <thread>1</thread>
  <message>Start action : out.println(xPath)</message>
  <nestedLevel>2</nestedLevel>
  <escapedJava>false</escapedJava>
  <property name="startLine">74</property>
  <property name="stepIndex">18</property>
</record>
<record>
  <date>2026-01-27T10:56:42.055494900Z</date>
  <millis>1769511402055</millis>
  <nanos>494900</nanos>
  <sequence>1345</sequence>
  <level>END</level>
  <class>com.kms.katalon.core.logging.XmlKeywordLogger</class>
  <method>endKeyword</method>
  <thread>1</thread>
  <message>End action : out.println(xPath)</message>
  <nestedLevel>2</nestedLevel>
  <escapedJava>false</escapedJava>
</record>
<record>
  <date>2026-01-27T10:56:42.055494900Z</date>
  <millis>1769511402055</millis>
  <nanos>494900</nanos>
  <sequence>1346</sequence>
  <level>START</level>
  <class>com.kms.katalon.core.logging.XmlKeywordLogger</class>
  <method>startKeyword</method>
  <thread>1</thread>
  <message>Start action : if (xPath != null)</message>
  <nestedLevel>2</nestedLevel>
  <escapedJava>false</escapedJava>
  <property name="startLine">76</property>
  <property name="stepIndex">19</property>
</record>
<record>
  <date>2026-01-27T10:56:42.057489700Z</date>
  <millis>1769511402057</millis>
  <nanos>489700</nanos>
  <sequence>1347</sequence>
  <level>START</level>
  <class>com.kms.katalon.core.logging.XmlKeywordLogger</class>
  <method>startKeyword</method>
  <thread>1</thread>
  <message>Start action : exportSpan = new com.kms.katalon.core.testobject.TestObject()</message>
  <nestedLevel>3</nestedLevel>
  <escapedJava>false</escapedJava>
  <property name="startLine">77</property>
  <property name="stepIndex">1</property>
</record>
<record>
  <date>2026-01-27T10:56:42.063474600Z</date>
  <millis>1769511402063</millis>
  <nanos>474600</nanos>
  <sequence>1348</sequence>
  <level>END</level>
  <class>com.kms.katalon.core.logging.XmlKeywordLogger</class>
  <method>endKeyword</method>
  <thread>1</thread>
  <message>End action : exportSpan = new com.kms.katalon.core.testobject.TestObject()</message>
  <nestedLevel>3</nestedLevel>
  <escapedJava>false</escapedJava>
</record>
<record>
  <date>2026-01-27T10:56:42.063474600Z</date>
  <millis>1769511402063</millis>
  <nanos>474600</nanos>
  <sequence>1349</sequence>
  <level>START</level>
  <class>com.kms.katalon.core.logging.XmlKeywordLogger</class>
  <method>startKeyword</method>
  <thread>1</thread>
  <message>Start action : exportSpan.addProperty(&amp;quot;xpath&amp;quot;, EQUALS, xPath)</message>
  <nestedLevel>3</nestedLevel>
  <escapedJava>false</escapedJava>
  <property name="startLine">79</property>
  <property name="stepIndex">2</property>
</record>
<record>
  <date>2026-01-27T10:56:42.070455300Z</date>
  <millis>1769511402070</millis>
  <nanos>455300</nanos>
  <sequence>1350</sequence>
  <level>END</level>
  <class>com.kms.katalon.core.logging.XmlKeywordLogger</class>
  <method>endKeyword</method>
  <thread>1</thread>
  <message>End action : exportSpan.addProperty(&amp;quot;xpath&amp;quot;, EQUALS, xPath)</message>
  <nestedLevel>3</nestedLevel>
  <escapedJava>false</escapedJava>
</record>
<record>
  <date>2026-01-27T10:56:42.071452900Z</date>
  <millis>1769511402071</millis>
  <nanos>452900</nanos>
  <sequence>1351</sequence>
  <level>START</level>
  <class>com.kms.katalon.core.logging.XmlKeywordLogger</class>
  <method>startKeyword</method>
  <thread>1</thread>
  <message>Start action : waitForElementPresent(exportSpan, Delay)</message>
  <nestedLevel>3</nestedLevel>
  <escapedJava>false</escapedJava>
  <property name="startLine">81</property>
  <property name="stepIndex">3</property>
</record>
<record>
  <date>2026-01-27T10:56:42.358984900Z</date>
  <millis>1769511402358</millis>
  <nanos>984900</nanos>
  <sequence>1357</sequence>
  <level>PASSED</level>
  <class>com.kms.katalon.core.logging.XmlKeywordLogger</class>
  <method>logMessage</method>
  <thread>1</thread>
  <message>Object &amp;apos;&amp;apos; is present</message>
  <nestedLevel>1</nestedLevel>
  <escapedJava>false</escapedJava>
  <property name="testops-method-name">com.kms.katalon.core.webui.keyword.internal.WebUIKeywordMain.runKeywordUntilTimeout</property>
  <property name="testops-execution-stacktrace">com.kms.katalon.core.logging.KeywordLogger.logPassed(KeywordLogger.java:332)
com.kms.katalon.core.logging.KeywordLogger.logPassed(KeywordLogger.java:327)
com.kms.katalon.core.webui.keyword.builtin.WaitForElementPresentKeyword$_waitForElementPresent_closure1.doCall(WaitForElementPresentKeyword.groovy:56)
java.base/jdk.internal.reflect.NativeMethodAccessorImpl.invoke0(Native Method)
java.base/jdk.internal.reflect.NativeMethodAccessorImpl.invoke(NativeMethodAccessorImpl.java:77)
java.base/jdk.internal.reflect.DelegatingMethodAccessorImpl.invoke(DelegatingMethodAccessorImpl.java:43)
jdk.proxy2/jdk.proxy2.$Proxy50.execute(Unknown Source)
com.kms.katalon.core.webui.model.SeleniumActionRetryController.performAction(SeleniumActionRetryController.java:96)
com.kms.katalon.core.webui.model.SeleniumActionRetryController.performAction(SeleniumActionRetryController.java:83)
com.kms.katalon.core.webui.keyword.internal.WebUIKeywordMain$_runKeywordUntilTimeout_closure2.doCall(WebUIKeywordMain.groovy:155)
com.kms.katalon.core.webui.keyword.internal.WebUIKeywordMain$_runKeywordUntilTimeout_closure2.call(WebUIKeywordMain.groovy)
com.kms.katalon.core.webui.keyword.internal.WebUIKeywordMain.runKeyword(WebUIKeywordMain.groovy:41)
com.kms.katalon.core.webui.keyword.internal.WebUIKeywordMain.runKeywordUntilTimeout(WebUIKeywordMain.groovy:152)
com.kms.katalon.core.webui.keyword.builtin.WaitForElementPresentKeyword.waitForElementPresent(WaitForElementPresentKeyword.groovy:68)
com.kms.katalon.core.webui.keyword.builtin.WaitForElementPresentKeyword.execute(WaitForElementPresentKeyword.groovy:38)
com.kms.katalon.core.keyword.internal.KeywordExecutor.executeKeywordForPlatform(KeywordExecutor.groovy:90)
com.kms.katalon.core.webui.keyword.WebUiBuiltInKeywords.waitForElementPresent(WebUiBuiltInKeywords.groovy:423)
ActivityDashBoard.run(ActivityDashBoard:81)
</property>
</record>
<record>
  <date>2026-01-27T10:56:42.360023500Z</date>
  <millis>1769511402360</millis>
  <nanos>23500</nanos>
  <sequence>1358</sequence>
  <level>END</level>
  <class>com.kms.katalon.core.logging.XmlKeywordLogger</class>
  <method>endKeyword</method>
  <thread>1</thread>
  <message>End action : waitForElementPresent(exportSpan, Delay)</message>
  <nestedLevel>3</nestedLevel>
  <escapedJava>false</escapedJava>
</record>
<record>
  <date>2026-01-27T10:56:42.361029200Z</date>
  <millis>1769511402361</millis>
  <nanos>29200</nanos>
  <sequence>1359</sequence>
  <level>START</level>
  <class>com.kms.katalon.core.logging.XmlKeywordLogger</class>
  <method>startKeyword</method>
  <thread>1</thread>
  <message>Start action : el = findWebElement(exportSpan, Delay)</message>
  <nestedLevel>3</nestedLevel>
  <escapedJava>false</escapedJava>
  <property name="startLine">83</property>
  <property name="stepIndex">4</property>
</record>
<record>
  <date>2026-01-27T10:56:42.615007200Z</date>
  <millis>1769511402615</millis>
  <nanos>7200</nanos>
  <sequence>1365</sequence>
  <level>PASSED</level>
  <class>com.kms.katalon.core.logging.XmlKeywordLogger</class>
  <method>logMessage</method>
  <thread>1</thread>
  <message>Found web element by test object </message>
  <nestedLevel>1</nestedLevel>
  <escapedJava>false</escapedJava>
  <property name="testops-method-name">com.kms.katalon.core.webui.keyword.internal.WebUIKeywordMain.runKeywordUntilTimeout</property>
  <property name="testops-execution-stacktrace">com.kms.katalon.core.logging.KeywordLogger.logPassed(KeywordLogger.java:332)
com.kms.katalon.core.logging.KeywordLogger.logPassed(KeywordLogger.java:327)
com.kms.katalon.core.webui.keyword.builtin.FindWebElementKeyword$_findWebElement_closure1.doCall(FindWebElementKeyword.groovy:52)
java.base/jdk.internal.reflect.NativeMethodAccessorImpl.invoke0(Native Method)
java.base/jdk.internal.reflect.NativeMethodAccessorImpl.invoke(NativeMethodAccessorImpl.java:77)
java.base/jdk.internal.reflect.DelegatingMethodAccessorImpl.invoke(DelegatingMethodAccessorImpl.java:43)
jdk.proxy2/jdk.proxy2.$Proxy50.execute(Unknown Source)
com.kms.katalon.core.webui.model.SeleniumActionRetryController.performAction(SeleniumActionRetryController.java:96)
com.kms.katalon.core.webui.model.SeleniumActionRetryController.performAction(SeleniumActionRetryController.java:83)
com.kms.katalon.core.webui.keyword.internal.WebUIKeywordMain$_runKeywordUntilTimeout_closure2.doCall(WebUIKeywordMain.groovy:155)
com.kms.katalon.core.webui.keyword.internal.WebUIKeywordMain$_runKeywordUntilTimeout_closure2.call(WebUIKeywordMain.groovy)
com.kms.katalon.core.webui.keyword.internal.WebUIKeywordMain.runKeyword(WebUIKeywordMain.groovy:41)
com.kms.katalon.core.webui.keyword.internal.WebUIKeywordMain.runKeywordUntilTimeout(WebUIKeywordMain.groovy:152)
com.kms.katalon.core.webui.keyword.builtin.FindWebElementKeyword.findWebElement(FindWebElementKeyword.groovy:60)
com.kms.katalon.core.webui.keyword.builtin.FindWebElementKeyword.execute(FindWebElementKeyword.groovy:39)
com.kms.katalon.core.keyword.internal.KeywordExecutor.executeKeywordForPlatform(KeywordExecutor.groovy:90)
com.kms.katalon.core.webui.keyword.WebUiBuiltInKeywords.findWebElement(WebUiBuiltInKeywords.groovy:2944)
ActivityDashBoard.run(ActivityDashBoard:83)
</property>
</record>
<record>
  <date>2026-01-27T10:56:42.616090600Z</date>
  <millis>1769511402616</millis>
  <nanos>90600</nanos>
  <sequence>1366</sequence>
  <level>END</level>
  <class>com.kms.katalon.core.logging.XmlKeywordLogger</class>
  <method>endKeyword</method>
  <thread>1</thread>
  <message>End action : el = findWebElement(exportSpan, Delay)</message>
  <nestedLevel>3</nestedLevel>
  <escapedJava>false</escapedJava>
</record>
<record>
  <date>2026-01-27T10:56:42.616090600Z</date>
  <millis>1769511402616</millis>
  <nanos>90600</nanos>
  <sequence>1367</sequence>
  <level>START</level>
  <class>com.kms.katalon.core.logging.XmlKeywordLogger</class>
  <method>startKeyword</method>
  <thread>1</thread>
  <message>Start action : executeJavaScript(&amp;quot;arguments[0].scrollIntoView(true);&amp;quot;, Arrays.asList(el))</message>
  <nestedLevel>3</nestedLevel>
  <escapedJava>false</escapedJava>
  <property name="startLine">85</property>
  <property name="stepIndex">5</property>
</record>
<record>
  <date>2026-01-27T10:56:42.634941700Z</date>
  <millis>1769511402634</millis>
  <nanos>941700</nanos>
  <sequence>1369</sequence>
  <level>PASSED</level>
  <class>com.kms.katalon.core.logging.XmlKeywordLogger</class>
  <method>logMessage</method>
  <thread>1</thread>
  <message>Execute JavaScript &amp;apos;arguments[0].scrollIntoView(true);&amp;apos; successfully</message>
  <nestedLevel>1</nestedLevel>
  <escapedJava>false</escapedJava>
  <property name="testops-method-name">com.kms.katalon.core.webui.keyword.builtin.ExecuteJavaScriptKeyword.executeJavascript</property>
  <property name="testops-execution-stacktrace"></property>
</record>
<record>
  <date>2026-01-27T10:56:42.635941200Z</date>
  <millis>1769511402635</millis>
  <nanos>941200</nanos>
  <sequence>1370</sequence>
  <level>END</level>
  <class>com.kms.katalon.core.logging.XmlKeywordLogger</class>
  <method>endKeyword</method>
  <thread>1</thread>
  <message>End action : executeJavaScript(&amp;quot;arguments[0].scrollIntoView(true);&amp;quot;, Arrays.asList(el))</message>
  <nestedLevel>3</nestedLevel>
  <escapedJava>false</escapedJava>
</record>
<record>
  <date>2026-01-27T10:56:42.635941200Z</date>
  <millis>1769511402635</millis>
  <nanos>941200</nanos>
  <sequence>1371</sequence>
  <level>START</level>
  <class>com.kms.katalon.core.logging.XmlKeywordLogger</class>
  <method>startKeyword</method>
  <thread>1</thread>
  <message>Start action : executeJavaScript(&amp;quot;arguments[0].click();&amp;quot;, Arrays.asList(el))</message>
  <nestedLevel>3</nestedLevel>
  <escapedJava>false</escapedJava>
  <property name="startLine">87</property>
  <property name="stepIndex">6</property>
</record>
<record>
  <date>2026-01-27T10:56:44.789328800Z</date>
  <millis>1769511404789</millis>
  <nanos>328800</nanos>
  <sequence>1373</sequence>
  <level>PASSED</level>
  <class>com.kms.katalon.core.logging.XmlKeywordLogger</class>
  <method>logMessage</method>
  <thread>1</thread>
  <message>Execute JavaScript &amp;apos;arguments[0].click();&amp;apos; successfully</message>
  <nestedLevel>1</nestedLevel>
  <escapedJava>false</escapedJava>
  <property name="testops-method-name">com.kms.katalon.core.webui.keyword.builtin.ExecuteJavaScriptKeyword.executeJavascript</property>
  <property name="testops-execution-stacktrace"></property>
</record>
<record>
  <date>2026-01-27T10:56:44.791332700Z</date>
  <millis>1769511404791</millis>
  <nanos>332700</nanos>
  <sequence>1374</sequence>
  <level>END</level>
  <class>com.kms.katalon.core.logging.XmlKeywordLogger</class>
  <method>endKeyword</method>
  <thread>1</thread>
  <message>End action : executeJavaScript(&amp;quot;arguments[0].click();&amp;quot;, Arrays.asList(el))</message>
  <nestedLevel>3</nestedLevel>
  <escapedJava>false</escapedJava>
</record>
<record>
  <date>2026-01-27T10:56:44.792319600Z</date>
  <millis>1769511404792</millis>
  <nanos>319600</nanos>
  <sequence>1375</sequence>
  <level>END</level>
  <class>com.kms.katalon.core.logging.XmlKeywordLogger</class>
  <method>endKeyword</method>
  <thread>1</thread>
  <message>End action : if (xPath != null)</message>
  <nestedLevel>2</nestedLevel>
  <escapedJava>false</escapedJava>
</record>
<record>
  <date>2026-01-27T10:56:44.793316100Z</date>
  <millis>1769511404793</millis>
  <nanos>316100</nanos>
  <sequence>1376</sequence>
  <level>START</level>
  <class>com.kms.katalon.core.logging.XmlKeywordLogger</class>
  <method>startKeyword</method>
  <thread>1</thread>
  <message>Start action : com.prohancewebapplication.file.FileSizeFinder.fileSize()</message>
  <nestedLevel>2</nestedLevel>
  <escapedJava>false</escapedJava>
  <property name="startLine">90</property>
  <property name="stepIndex">20</property>
</record>
<record>
  <date>2026-01-27T10:56:44.806538800Z</date>
  <millis>1769511404806</millis>
  <nanos>538800</nanos>
  <sequence>1377</sequence>
  <level>PASSED</level>
  <class>com.kms.katalon.core.logging.XmlKeywordLogger</class>
  <method>logMessage</method>
  <thread>1</thread>
  <message>com.prohancewebapplication.file.FileSizeFinder.fileSize is PASSED</message>
  <nestedLevel>1</nestedLevel>
  <escapedJava>false</escapedJava>
</record>
<record>
  <date>2026-01-27T10:56:44.807536700Z</date>
  <millis>1769511404807</millis>
  <nanos>536700</nanos>
  <sequence>1378</sequence>
  <level>END</level>
  <class>com.kms.katalon.core.logging.XmlKeywordLogger</class>
  <method>endKeyword</method>
  <thread>1</thread>
  <message>End action : com.prohancewebapplication.file.FileSizeFinder.fileSize()</message>
  <nestedLevel>2</nestedLevel>
  <escapedJava>false</escapedJava>
</record>
<record>
  <date>2026-01-27T10:56:44.807536700Z</date>
  <millis>1769511404807</millis>
  <nanos>536700</nanos>
  <sequence>1379</sequence>
  <level>START</level>
  <class>com.kms.katalon.core.logging.XmlKeywordLogger</class>
  <method>startKeyword</method>
  <thread>1</thread>
  <message>Start action : switchToDefaultContent()</message>
  <nestedLevel>2</nestedLevel>
  <escapedJava>false</escapedJava>
  <property name="startLine">92</property>
  <property name="stepIndex">21</property>
</record>
<record>
  <date>2026-01-27T10:56:44.881952800Z</date>
  <millis>1769511404881</millis>
  <nanos>952800</nanos>
  <sequence>1382</sequence>
  <level>END</level>
  <class>com.kms.katalon.core.logging.XmlKeywordLogger</class>
  <method>endKeyword</method>
  <thread>1</thread>
  <message>End action : switchToDefaultContent()</message>
  <nestedLevel>2</nestedLevel>
  <escapedJava>false</escapedJava>
</record>
<record>
  <date>2026-01-27T10:56:44.881952800Z</date>
  <millis>1769511404881</millis>
  <nanos>952800</nanos>
  <sequence>1383</sequence>
  <level>START</level>
  <class>com.kms.katalon.core.logging.XmlKeywordLogger</class>
  <method>startKeyword</method>
  <thread>1</thread>
  <message>Start action : closeWindowIndex(1)</message>
  <nestedLevel>2</nestedLevel>
  <escapedJava>false</escapedJava>
  <property name="startLine">94</property>
  <property name="stepIndex">22</property>
</record>
<record>
  <date>2026-01-27T10:56:44.980696200Z</date>
  <millis>1769511404980</millis>
  <nanos>696200</nanos>
  <sequence>1388</sequence>
  <level>PASSED</level>
  <class>com.kms.katalon.core.logging.XmlKeywordLogger</class>
  <method>logMessage</method>
  <thread>1</thread>
  <message>Window with index 1 is closed</message>
  <nestedLevel>1</nestedLevel>
  <escapedJava>false</escapedJava>
  <property name="testops-method-name">com.kms.katalon.core.webui.keyword.builtin.CloseWindowIndexKeyword.closeWindowIndex</property>
  <property name="testops-execution-stacktrace"></property>
</record>
<record>
  <date>2026-01-27T10:56:44.982691400Z</date>
  <millis>1769511404982</millis>
  <nanos>691400</nanos>
  <sequence>1389</sequence>
  <level>END</level>
  <class>com.kms.katalon.core.logging.XmlKeywordLogger</class>
  <method>endKeyword</method>
  <thread>1</thread>
  <message>End action : closeWindowIndex(1)</message>
  <nestedLevel>2</nestedLevel>
  <escapedJava>false</escapedJava>
</record>
<record>
  <date>2026-01-27T10:56:44.983688400Z</date>
  <millis>1769511404983</millis>
  <nanos>688400</nanos>
  <sequence>1390</sequence>
  <level>START</level>
  <class>com.kms.katalon.core.logging.XmlKeywordLogger</class>
  <method>startKeyword</method>
  <thread>1</thread>
  <message>Start action : delay(2)</message>
  <nestedLevel>2</nestedLevel>
  <escapedJava>false</escapedJava>
  <property name="startLine">96</property>
  <property name="stepIndex">23</property>
</record>
<record>
  <date>2026-01-27T10:56:47.031481200Z</date>
  <millis>1769511407031</millis>
  <nanos>481200</nanos>
  <sequence>1393</sequence>
  <level>PASSED</level>
  <class>com.kms.katalon.core.logging.XmlKeywordLogger</class>
  <method>logMessage</method>
  <thread>1</thread>
  <message>Delayed 2 second(s)</message>
  <nestedLevel>1</nestedLevel>
  <escapedJava>false</escapedJava>
  <property name="testops-method-name">com.kms.katalon.core.keyword.builtin.DelayKeyword.delay</property>
  <property name="testops-execution-stacktrace"></property>
</record>
<record>
  <date>2026-01-27T10:56:47.031481200Z</date>
  <millis>1769511407031</millis>
  <nanos>481200</nanos>
  <sequence>1394</sequence>
  <level>END</level>
  <class>com.kms.katalon.core.logging.XmlKeywordLogger</class>
  <method>endKeyword</method>
  <thread>1</thread>
  <message>End action : delay(2)</message>
  <nestedLevel>2</nestedLevel>
  <escapedJava>false</escapedJava>
</record>
<record>
  <date>2026-01-27T10:56:47.031481200Z</date>
  <millis>1769511407031</millis>
  <nanos>481200</nanos>
  <sequence>1395</sequence>
  <level>END</level>
  <class>com.kms.katalon.core.logging.XmlKeywordLogger</class>
  <method>endKeyword</method>
  <thread>1</thread>
  <message>End action : if (verifyElementPresent(findTestObject(&amp;quot;Object Repository/Organization Settings/New Folder/Page_ProHance/a_WORK TIME&amp;quot;), Delay))</message>
  <nestedLevel>1</nestedLevel>
  <escapedJava>false</escapedJava>
</record>
<record>
  <date>2026-01-27T10:56:47.031481200Z</date>
  <millis>1769511407031</millis>
  <nanos>481200</nanos>
  <sequence>1396</sequence>
  <level>PASSED</level>
  <class>com.kms.katalon.core.logging.XmlKeywordLogger</class>
  <method>logMessage</method>
  <thread>1</thread>
  <message>Test Cases/ProhanceWeb/Organization Settings/Activity DashBoard/ActivityDashBoard</message>
  <nestedLevel>1</nestedLevel>
  <escapedJava>false</escapedJava>
</record>
<record>
  <date>2026-01-27T10:56:47.032486100Z</date>
  <millis>1769511407032</millis>
  <nanos>486100</nanos>
  <sequence>1397</sequence>
  <level>END</level>
  <class>com.kms.katalon.core.logging.XmlKeywordLogger</class>
  <method>endTest</method>
  <thread>1</thread>
  <message>End Test Case : Test Cases/ProhanceWeb/Organization Settings/Activity DashBoard/ActivityDashBoard</message>
  <nestedLevel>0</nestedLevel>
  <escapedJava>false</escapedJava>
  <property name="executionBindingVariables">[
  {
    &quot;value&quot;: &quot;Pdf&quot;,
    &quot;isDefault&quot;: false,
    &quot;name&quot;: &quot;exportType&quot;,
    &quot;masked&quot;: false
  }
]</property>
  <property name="applitools">false</property>
  <property name="remainingRetryCount">2</property>
  <property name="executedKeywords">{
  &quot;WebUI.waitForElementVisible&quot;: 1,
  &quot;WebUI.closeWindowIndex&quot;: 1,
  &quot;WebUI.switchToWindowIndex&quot;: 1,
  &quot;BuiltIn.delay&quot;: 1,
  &quot;WebUI.findWebElement&quot;: 1,
  &quot;WebUI.verifyElementPresent&quot;: 1,
  &quot;WebUI.switchToDefaultContent&quot;: 1,
  &quot;WebUI.click&quot;: 3,
  &quot;WebUI.findWebElements&quot;: 1,
  &quot;WebUI.waitForPageLoad&quot;: 1,
  &quot;WebUI.executeJavaScript&quot;: 3,
  &quot;WebUI.waitForElementPresent&quot;: 1,
  &quot;WebUI.waitForElementClickable&quot;: 3
}</property>
  <property name="currentRetryCount">1</property>
  <property name="keywordsUsage">{
  &quot;web_ui&quot;: true,
  &quot;web_service&quot;: false,
  &quot;cucumber&quot;: false,
  &quot;builtin&quot;: true,
  &quot;mobile&quot;: false,
  &quot;windows&quot;: false,
  &quot;testng&quot;: false
}</property>
</record>
<record>
  <date>2026-01-27T10:56:48.026243900Z</date>
  <millis>1769511408026</millis>
  <nanos>243900</nanos>
  <sequence>1398</sequence>
  <level>END</level>
  <class>com.kms.katalon.core.logging.XmlKeywordLogger</class>
  <method>endSuite</method>
  <thread>1</thread>
  <message>End Test Suite : Test Suites/Login_Genaral</message>
  <nestedLevel>0</nestedLevel>
  <escapedJava>false</escapedJava>
</record>
</log>
