2026-01-29 15:22:00.272 INFO  c.k.k.c.l.logback.LogbackConfigurator    - Logback default configuration initialized from: C:\Users\gopal.s\.katalon\packages\KSE-10.4.3\configuration\org.eclipse.osgi\133\0\.cp\resources\logback\logback-execution.xml
2026-01-29 15:22:00.279 INFO  c.k.k.c.l.logback.LogbackConfigurator    - Logback custom configuration initialized from: C:\Users\gopal.s\git\ProhanceWebApplication\Include\config\log.properties
2026-01-29 15:22:02.825 INFO  c.k.katalon.core.main.TestSuiteExecutor  - START Test Suites/Login_Genaral
2026-01-29 15:22:02.929 INFO  c.k.katalon.core.main.TestSuiteExecutor  - userFullName = Gopal
2026-01-29 15:22:02.930 INFO  c.k.katalon.core.main.TestSuiteExecutor  - projectName = ProhanceWebApplication
2026-01-29 15:22:02.931 INFO  c.k.katalon.core.main.TestSuiteExecutor  - hostName = gopal.s - JAMOCHA57.jamochahq.local
2026-01-29 15:22:02.932 INFO  c.k.katalon.core.main.TestSuiteExecutor  - os = Windows 11 64bit
2026-01-29 15:22:02.933 INFO  c.k.katalon.core.main.TestSuiteExecutor  - hostAddress = 10.10.10.136
2026-01-29 15:22:02.934 INFO  c.k.katalon.core.main.TestSuiteExecutor  - katalonVersion = 10.4.3.0
2026-01-29 15:22:03.515 INFO  c.k.katalon.core.main.TestCaseExecutor   - --------------------
2026-01-29 15:22:03.515 INFO  c.k.katalon.core.main.TestCaseExecutor   - START Test Cases/ProhanceWeb/Login_Page/Login
2026-01-29 15:22:03.591 INFO  c.k.katalon.core.main.TestCaseExecutor   - userName = tsL9urF6O/D/xURRxzj/8w==
2026-01-29 15:22:03.593 INFO  c.k.katalon.core.main.TestCaseExecutor   - password = HeCM15nHKBI=
2026-01-29 15:22:04.156 DEBUG testcase.Login                           - 1: openBrowser("")
2026-01-29 15:22:04.460 INFO  c.k.k.core.webui.driver.DriverFactory    - Starting 'Chrome' driver
2026-01-29 15:22:04.469 INFO  c.k.k.c.w.util.WebDriverPropertyUtil     - User set preference: ['prefs', '{download.default_directory=C:/Downloads, download.prompt_for_download=false, profile.default_content_settings.popups=0, safebrowsing.enabled=true}']
2026-01-29 15:22:04.470 INFO  c.k.k.c.w.util.WebDriverPropertyUtil     - User set preference: ['args', '[--safebrowsing-disable-download-protection]']
2026-01-29 15:22:04.536 INFO  c.k.k.core.webui.driver.DriverFactory    - Action delay is set to 0 milliseconds
Jan 29, 2026 3:23:11 PM org.openqa.selenium.devtools.CdpVersionFinder findNearestMatch
WARNING: Unable to find an exact match for CDP version 144, returning the closest version; found: 142; Please update to a Selenium version that supports CDP version 144
2026-01-29 15:23:14.430 INFO  c.k.k.core.webui.driver.DriverFactory    - sessionId = b8aa4695017c535b226f395e7f306b39
2026-01-29 15:23:14.431 INFO  c.k.k.core.webui.driver.DriverFactory    - browser = Chrome 144.0.7559.98
2026-01-29 15:23:14.432 INFO  c.k.k.core.webui.driver.DriverFactory    - platform = Windows 11
2026-01-29 15:23:14.433 INFO  c.k.k.core.webui.driver.DriverFactory    - seleniumVersion = 4.34.0
2026-01-29 15:23:14.440 INFO  c.k.k.core.webui.driver.DriverFactory    - proxyInformation = ProxyInformation { proxyOption=NO_PROXY, proxyServerType=HTTP, username=, password=********, proxyServerAddress=, proxyServerPort=0, executionList="", isApplyToDesiredCapabilities=true }
2026-01-29 15:23:14.546 DEBUG testcase.Login                           - 2: maximizeWindow()
2026-01-29 15:23:15.112 DEBUG testcase.Login                           - 3: waitForPageLoad(Delay, CONTINUE_ON_FAILURE)
2026-01-29 15:23:16.552 DEBUG testcase.Login                           - 4: navigateToUrl(URL)
2026-01-29 15:24:19.914 DEBUG testcase.Login                           - 5: try
2026-01-29 15:24:19.922 DEBUG testcase.Login                           - 1: setEncryptedText(findTestObject("Object Repository/Login/userName"), userName)
2026-01-29 15:24:20.747 DEBUG testcase.Login                           - 2: setEncryptedText(findTestObject("Object Repository/Login/Password"), password)
2026-01-29 15:24:21.167 DEBUG testcase.Login                           - 3: waitForElementClickable(findTestObject("Object Repository/Login/login_btn"), Delay)
2026-01-29 15:24:21.561 DEBUG testcase.Login                           - 4: click(findTestObject("Object Repository/Login/login_btn"))
2026-01-29 15:24:22.046 DEBUG testcase.Login                           - 5: if (waitForElementPresent(findTestObject("Object Repository/Login/session_Distroysession"), Delay, OPTIONAL))
2026-01-29 15:24:27.329 WARN  k.k.c.w.k.b.WaitForElementPresentKeyword - Object 'Object Repository/Login/session_Distroysession' is not present after 5 second(s)
2026-01-29 15:24:27.336 DEBUG testcase.Login                           - 6: if (waitForElementPresent(findTestObject("Object Repository/Common/Accept Cookies"), Delay, OPTIONAL))
2026-01-29 15:24:27.591 DEBUG testcase.Login                           - 1: waitForElementClickable(findTestObject("Object Repository/Common/Accept Cookies"), Delay, OPTIONAL)
2026-01-29 15:24:27.891 DEBUG testcase.Login                           - 2: click(findTestObject("Object Repository/Common/Accept Cookies"))
2026-01-29 15:24:28.255 DEBUG testcase.Login                           - 7: Finally
2026-01-29 15:24:28.255 DEBUG testcase.Login                           - 1: timestamp = Date().format("yyyyMMdd_HHmmss")
2026-01-29 15:24:28.271 INFO  c.k.katalon.core.main.TestCaseExecutor   - END Test Cases/ProhanceWeb/Login_Page/Login
2026-01-29 15:24:28.305 INFO  c.k.katalon.core.main.TestCaseExecutor   - --------------------
2026-01-29 15:24:28.305 INFO  c.k.katalon.core.main.TestCaseExecutor   - START Test Cases/ProhanceWeb/Organization Settings/Activity DashBoard/ActivityDashBoard
2026-01-29 15:24:28.531 INFO  c.k.katalon.core.main.TestCaseExecutor   - exportType = excel
2026-01-29 15:24:28.533 INFO  c.k.katalon.core.main.TestCaseExecutor   - isFileDownload = true
2026-01-29 15:24:28.538 INFO  c.k.katalon.core.main.TestCaseExecutor   - isDataValion = false
2026-01-29 15:24:28.764 DEBUG testcase.ActivityDashBoard               - 1: explort = null
2026-01-29 15:24:28.764 DEBUG testcase.ActivityDashBoard               - 2: rows = null
2026-01-29 15:24:28.764 DEBUG testcase.ActivityDashBoard               - 3: webData = []
2026-01-29 15:24:28.776 DEBUG testcase.ActivityDashBoard               - 4: if (waitForElementPresent(findTestObject("Object Repository/Organization Settings/New Folder/Page_ProHance/a_WORK TIME"), Delay))
2026-01-29 15:24:29.049 DEBUG testcase.ActivityDashBoard               - 1: waitForElementClickable(findTestObject("Object Repository/Organization Settings/New Folder/Page_ProHance/a_WORK TIME"), Delay)
2026-01-29 15:24:29.357 DEBUG testcase.ActivityDashBoard               - 2: click(findTestObject("Object Repository/Organization Settings/New Folder/Page_ProHance/a_WORK TIME"))
2026-01-29 15:24:29.763 DEBUG testcase.ActivityDashBoard               - 3: waitForElementClickable(findTestObject("Object Repository/Organization Settings/New Folder/Page_ProHance/a_ACTIVITY DASHBOARD"), Delay)
2026-01-29 15:24:30.048 DEBUG testcase.ActivityDashBoard               - 4: click(findTestObject("Object Repository/Organization Settings/New Folder/Page_ProHance/a_ACTIVITY DASHBOARD"))
2026-01-29 15:24:30.441 DEBUG testcase.ActivityDashBoard               - 5: waitForElementClickable(findTestObject("Object Repository/Organization Settings/New Folder/Page_ProHance/First_Container"), Delay, STOP_ON_FAILURE)
2026-01-29 15:24:31.595 DEBUG testcase.ActivityDashBoard               - 6: click(findTestObject("Object Repository/Organization Settings/New Folder/Page_ProHance/First_Container"))
2026-01-29 15:24:32.169 DEBUG testcase.ActivityDashBoard               - 7: waitForPageLoad(Delay, STOP_ON_FAILURE)
2026-01-29 15:24:32.205 DEBUG testcase.ActivityDashBoard               - 8: waitForElementClickable(findTestObject("Object Repository/Organization Settings/New Folder/Page_ProHance/span_Top Applications For All Groups_drilld_ef368b"), Delay)
2026-01-29 15:24:32.722 DEBUG testcase.ActivityDashBoard               - 9: click(findTestObject("Object Repository/Organization Settings/New Folder/Page_ProHance/span_Top Applications For All Groups_drilld_ef368b"))
2026-01-29 15:24:33.333 DEBUG testcase.ActivityDashBoard               - 10: switchToWindowIndex(1)
2026-01-29 15:24:33.536 DEBUG testcase.ActivityDashBoard               - 11: waitForPageLoad(Delay, STOP_ON_FAILURE)
2026-01-29 15:24:33.615 DEBUG testcase.ActivityDashBoard               - 12: executeJavaScript("window.scrollTo(0, document.body.scrollHeight);", null)
2026-01-29 15:24:33.642 DEBUG testcase.ActivityDashBoard               - 13: if (isFileDownload)
2026-01-29 15:24:33.642 DEBUG testcase.ActivityDashBoard               - 1: com.prohancewebapplication.file.FileSizeFinder.exisitingFileDelete()
C:\Users\gopal.s\Downloads
2026-01-29 15:24:33.675 INFO  k.k.c.m.CustomKeywordDelegatingMetaClass - com.prohancewebapplication.file.FileSizeFinder.exisitingFileDelete is PASSED
2026-01-29 15:24:33.675 DEBUG testcase.ActivityDashBoard               - 2: explort = ((exportType != null)) ? exportType : false
2026-01-29 15:24:33.679 DEBUG testcase.ActivityDashBoard               - 3: browserName = getExecutedBrowser()
2026-01-29 15:24:33.681 DEBUG testcase.ActivityDashBoard               - 4: logInfo("Browser Name :" + " " + browserName)
2026-01-29 15:24:33.691 INFO  com.kms.katalon.core.util.KeywordUtil    - Browser Name : Chrome
2026-01-29 15:24:33.691 DEBUG testcase.ActivityDashBoard               - 5: xPath = com.prohanceebapplication.common.Export.export(explort)
2026-01-29 15:24:33.699 INFO  k.k.c.m.CustomKeywordDelegatingMetaClass - com.prohanceebapplication.common.Export.export is PASSED
2026-01-29 15:24:33.699 DEBUG testcase.ActivityDashBoard               - 6: out.println(xPath)
//span[.//img[@title='Export to Excel']]
2026-01-29 15:24:33.704 DEBUG testcase.ActivityDashBoard               - 7: if (xPath != null)
2026-01-29 15:24:33.708 DEBUG testcase.ActivityDashBoard               - 1: exportSpan = new com.kms.katalon.core.testobject.TestObject()
2026-01-29 15:24:33.711 DEBUG testcase.ActivityDashBoard               - 2: exportSpan.addProperty("xpath", EQUALS, xPath)
2026-01-29 15:24:33.720 DEBUG testcase.ActivityDashBoard               - 3: waitForElementPresent(exportSpan, Delay)
2026-01-29 15:24:35.146 DEBUG testcase.ActivityDashBoard               - 4: el = findWebElement(exportSpan, Delay)
2026-01-29 15:24:35.435 DEBUG testcase.ActivityDashBoard               - 5: executeJavaScript("arguments[0].scrollIntoView(true);", Arrays.asList(el))
2026-01-29 15:24:35.461 DEBUG testcase.ActivityDashBoard               - 6: executeJavaScript("arguments[0].click();", Arrays.asList(el))
2026-01-29 15:24:38.134 DEBUG testcase.ActivityDashBoard               - 8: if (isDataValion)
2026-01-29 15:24:38.137 DEBUG testcase.ActivityDashBoard               - 1: rows = com.prohancewebapplication.webtable.Table.webTableDataReader(findTestObject("Object Repository/Organization Settings/Activity DashBoard/TopApplicationWebTable/FirstDrillDown/table_Id"), findTestObject("Object Repository/Organization Settings/Activity DashBoard/TopApplicationWebTable/FirstDrillDown/table_tr"))
2026-01-29 15:24:38.762 INFO  k.k.c.m.CustomKeywordDelegatingMetaClass - com.prohancewebapplication.webtable.Table.webTableDataReader is PASSED
2026-01-29 15:24:38.762 DEBUG testcase.ActivityDashBoard               - 2: if (rows != null)
2026-01-29 15:24:38.769 DEBUG testcase.ActivityDashBoard               - 1: com.prohanceapplication.webtableexcelvalidation.DataValidator.validateWebTableWithDownloadedExcel(rows)
2026-01-29 15:24:50.608 ERROR com.kms.katalon.core.util.KeywordUtil    - ❌ Excel file not found in Downloads
2026-01-29 15:24:50.611 ERROR k.k.c.m.CustomKeywordDelegatingMetaClass - ❌ com.kms.katalon.core.exception.StepFailedException: Excel file not found in Downloads
2026-01-29 15:24:50.613 DEBUG testcase.ActivityDashBoard               - 3: com.prohancewebapplication.file.FileSizeFinder.fileSize()
2026-01-29 15:24:50.619 INFO  k.k.c.m.CustomKeywordDelegatingMetaClass - com.prohancewebapplication.file.FileSizeFinder.fileSize is PASSED
2026-01-29 15:24:50.620 DEBUG testcase.ActivityDashBoard               - 14: switchToDefaultContent()
2026-01-29 15:24:50.645 DEBUG testcase.ActivityDashBoard               - 15: closeWindowIndex(1)
2026-01-29 15:24:50.750 DEBUG testcase.ActivityDashBoard               - 16: switchToWindowIndex(0)
2026-01-29 15:24:50.779 ERROR c.k.katalon.core.main.TestCaseExecutor   - ❌ Test Cases/ProhanceWeb/Organization Settings/Activity DashBoard/ActivityDashBoard FAILED.
Reason:
com.kms.katalon.core.exception.StepFailedException: Excel file not found in Downloads
	at com.kms.katalon.core.util.KeywordUtil.markFailed(KeywordUtil.java:19)
	at com.prohanceapplication.webtableexcelvalidation.DataValidator.validateWebTableWithDownloadedExcel(DataValidator.groovy:71)
	at java.base/jdk.internal.reflect.NativeMethodAccessorImpl.invoke0(Native Method)
	at java.base/jdk.internal.reflect.NativeMethodAccessorImpl.invoke(NativeMethodAccessorImpl.java:77)
	at java.base/jdk.internal.reflect.DelegatingMethodAccessorImpl.invoke(DelegatingMethodAccessorImpl.java:43)
	at com.kms.katalon.core.main.CustomKeywordDelegatingMetaClass.invokeStaticMethod(CustomKeywordDelegatingMetaClass.java:55)
	at ActivityDashBoard.run(ActivityDashBoard:81)
	at com.kms.katalon.core.main.ScriptEngine.run(ScriptEngine.java:194)
	at com.kms.katalon.core.main.ScriptEngine.runScriptAsRawText(ScriptEngine.java:119)
	at com.kms.katalon.core.main.TestCaseExecutor.runScript(TestCaseExecutor.java:490)
	at com.kms.katalon.core.main.TestCaseExecutor.doExecute(TestCaseExecutor.java:481)
	at com.kms.katalon.core.main.TestCaseExecutor.processExecutionPhase(TestCaseExecutor.java:460)
	at com.kms.katalon.core.main.TestCaseExecutor.accessMainPhase(TestCaseExecutor.java:452)
	at com.kms.katalon.core.main.TestCaseExecutor.execute(TestCaseExecutor.java:322)
	at com.kms.katalon.core.common.CommonExecutor.accessTestCaseMainPhase(CommonExecutor.java:71)
	at com.kms.katalon.core.main.TestSuiteExecutor.accessTestSuiteMainPhase(TestSuiteExecutor.java:153)
	at com.kms.katalon.core.main.TestSuiteExecutor.execute(TestSuiteExecutor.java:110)
	at com.kms.katalon.core.main.TestCaseMain.startTestSuite(TestCaseMain.java:205)
	at TempTestSuite1769680312736.run(TempTestSuite1769680312736.groovy:35)
	at java.base/jdk.internal.reflect.NativeMethodAccessorImpl.invoke0(Native Method)
	at java.base/jdk.internal.reflect.NativeMethodAccessorImpl.invoke(NativeMethodAccessorImpl.java:77)
	at java.base/jdk.internal.reflect.DelegatingMethodAccessorImpl.invoke(DelegatingMethodAccessorImpl.java:43)

2026-01-29 15:24:50.782 INFO  c.k.katalon.core.main.TestCaseExecutor   - END Test Cases/ProhanceWeb/Organization Settings/Activity DashBoard/ActivityDashBoard
2026-01-29 15:24:50.789 INFO  c.k.katalon.core.main.TestCaseExecutor   - --------------------
2026-01-29 15:24:50.789 INFO  c.k.katalon.core.main.TestCaseExecutor   - START Test Cases/ProhanceWeb/Organization Settings/Activity DashBoard/ActivityDashBoard
2026-01-29 15:24:50.850 INFO  c.k.katalon.core.main.TestCaseExecutor   - exportType = excel
2026-01-29 15:24:50.851 INFO  c.k.katalon.core.main.TestCaseExecutor   - isFileDownload = true
2026-01-29 15:24:50.852 INFO  c.k.katalon.core.main.TestCaseExecutor   - isDataValion = false
2026-01-29 15:24:50.857 DEBUG testcase.ActivityDashBoard               - 1: explort = null
2026-01-29 15:24:50.859 DEBUG testcase.ActivityDashBoard               - 2: rows = null
2026-01-29 15:24:50.870 DEBUG testcase.ActivityDashBoard               - 3: webData = []
2026-01-29 15:24:50.871 DEBUG testcase.ActivityDashBoard               - 4: if (waitForElementPresent(findTestObject("Object Repository/Organization Settings/New Folder/Page_ProHance/a_WORK TIME"), Delay))
2026-01-29 15:24:51.137 DEBUG testcase.ActivityDashBoard               - 1: waitForElementClickable(findTestObject("Object Repository/Organization Settings/New Folder/Page_ProHance/a_WORK TIME"), Delay)
2026-01-29 15:24:51.436 DEBUG testcase.ActivityDashBoard               - 2: click(findTestObject("Object Repository/Organization Settings/New Folder/Page_ProHance/a_WORK TIME"))
2026-01-29 15:24:51.829 DEBUG testcase.ActivityDashBoard               - 3: waitForElementClickable(findTestObject("Object Repository/Organization Settings/New Folder/Page_ProHance/a_ACTIVITY DASHBOARD"), Delay)
2026-01-29 15:24:52.128 DEBUG testcase.ActivityDashBoard               - 4: click(findTestObject("Object Repository/Organization Settings/New Folder/Page_ProHance/a_ACTIVITY DASHBOARD"))
2026-01-29 15:24:52.525 DEBUG testcase.ActivityDashBoard               - 5: waitForElementClickable(findTestObject("Object Repository/Organization Settings/New Folder/Page_ProHance/First_Container"), Delay, STOP_ON_FAILURE)
2026-01-29 15:24:53.388 DEBUG testcase.ActivityDashBoard               - 6: click(findTestObject("Object Repository/Organization Settings/New Folder/Page_ProHance/First_Container"))
2026-01-29 15:24:54.002 DEBUG testcase.ActivityDashBoard               - 7: waitForPageLoad(Delay, STOP_ON_FAILURE)
2026-01-29 15:24:54.034 DEBUG testcase.ActivityDashBoard               - 8: waitForElementClickable(findTestObject("Object Repository/Organization Settings/New Folder/Page_ProHance/span_Top Applications For All Groups_drilld_ef368b"), Delay)
2026-01-29 15:24:54.566 DEBUG testcase.ActivityDashBoard               - 9: click(findTestObject("Object Repository/Organization Settings/New Folder/Page_ProHance/span_Top Applications For All Groups_drilld_ef368b"))
2026-01-29 15:24:55.290 DEBUG testcase.ActivityDashBoard               - 10: switchToWindowIndex(1)
2026-01-29 15:24:55.464 DEBUG testcase.ActivityDashBoard               - 11: waitForPageLoad(Delay, STOP_ON_FAILURE)
2026-01-29 15:24:55.563 DEBUG testcase.ActivityDashBoard               - 12: executeJavaScript("window.scrollTo(0, document.body.scrollHeight);", null)
2026-01-29 15:24:55.577 DEBUG testcase.ActivityDashBoard               - 13: if (isFileDownload)
2026-01-29 15:24:55.582 DEBUG testcase.ActivityDashBoard               - 1: com.prohancewebapplication.file.FileSizeFinder.exisitingFileDelete()
C:\Users\gopal.s\Downloads
2026-01-29 15:24:55.587 INFO  k.k.c.m.CustomKeywordDelegatingMetaClass - com.prohancewebapplication.file.FileSizeFinder.exisitingFileDelete is PASSED
2026-01-29 15:24:55.588 DEBUG testcase.ActivityDashBoard               - 2: explort = ((exportType != null)) ? exportType : false
2026-01-29 15:24:55.590 DEBUG testcase.ActivityDashBoard               - 3: browserName = getExecutedBrowser()
2026-01-29 15:24:55.591 DEBUG testcase.ActivityDashBoard               - 4: logInfo("Browser Name :" + " " + browserName)
2026-01-29 15:24:55.592 INFO  com.kms.katalon.core.util.KeywordUtil    - Browser Name : Chrome
2026-01-29 15:24:55.593 DEBUG testcase.ActivityDashBoard               - 5: xPath = com.prohanceebapplication.common.Export.export(explort)
2026-01-29 15:24:55.594 INFO  k.k.c.m.CustomKeywordDelegatingMetaClass - com.prohanceebapplication.common.Export.export is PASSED
2026-01-29 15:24:55.595 DEBUG testcase.ActivityDashBoard               - 6: out.println(xPath)
//span[.//img[@title='Export to Excel']]
2026-01-29 15:24:55.597 DEBUG testcase.ActivityDashBoard               - 7: if (xPath != null)
2026-01-29 15:24:55.598 DEBUG testcase.ActivityDashBoard               - 1: exportSpan = new com.kms.katalon.core.testobject.TestObject()
2026-01-29 15:24:55.599 DEBUG testcase.ActivityDashBoard               - 2: exportSpan.addProperty("xpath", EQUALS, xPath)
2026-01-29 15:24:55.601 DEBUG testcase.ActivityDashBoard               - 3: waitForElementPresent(exportSpan, Delay)
2026-01-29 15:24:56.726 DEBUG testcase.ActivityDashBoard               - 4: el = findWebElement(exportSpan, Delay)
2026-01-29 15:24:57.007 DEBUG testcase.ActivityDashBoard               - 5: executeJavaScript("arguments[0].scrollIntoView(true);", Arrays.asList(el))
2026-01-29 15:24:57.043 DEBUG testcase.ActivityDashBoard               - 6: executeJavaScript("arguments[0].click();", Arrays.asList(el))
2026-01-29 15:24:57.113 WARN  c.k.k.c.w.h.s.WebUIScreenCaptor          - Cannot take screenshot
2026-01-29 15:24:57.117 ERROR c.k.k.core.keyword.internal.KeywordMain  - ❌ Unable to execute JavaScript. (Root cause: com.kms.katalon.core.exception.StepFailedException: Unable to execute JavaScript.
	at com.kms.katalon.core.webui.keyword.internal.WebUIKeywordMain.stepFailed(WebUIKeywordMain.groovy:177)
	at com.kms.katalon.core.webui.keyword.internal.WebUIKeywordMain.runKeyword(WebUIKeywordMain.groovy:49)
	at com.kms.katalon.core.webui.keyword.builtin.ExecuteJavaScriptKeyword.executeJavascript(ExecuteJavascriptKeyword.groovy:51)
	at com.kms.katalon.core.webui.keyword.builtin.ExecuteJavaScriptKeyword.execute(ExecuteJavascriptKeyword.groovy:37)
	at com.kms.katalon.core.keyword.internal.KeywordExecutor.executeKeywordForPlatform(KeywordExecutor.groovy:90)
	at com.kms.katalon.core.webui.keyword.WebUiBuiltInKeywords.executeJavaScript(WebUiBuiltInKeywords.groovy:5143)
	at ActivityDashBoard.run(ActivityDashBoard:73)
	at com.kms.katalon.core.main.ScriptEngine.run(ScriptEngine.java:194)
	at com.kms.katalon.core.main.ScriptEngine.runScriptAsRawText(ScriptEngine.java:119)
	at com.kms.katalon.core.main.TestCaseExecutor.runScript(TestCaseExecutor.java:490)
	at com.kms.katalon.core.main.TestCaseExecutor.doExecute(TestCaseExecutor.java:481)
	at com.kms.katalon.core.main.TestCaseExecutor.processExecutionPhase(TestCaseExecutor.java:460)
	at com.kms.katalon.core.main.TestCaseExecutor.accessMainPhase(TestCaseExecutor.java:452)
	at com.kms.katalon.core.main.TestCaseExecutor.execute(TestCaseExecutor.java:322)
	at com.kms.katalon.core.main.TestCaseExecutor.execute(TestCaseExecutor.java:410)
	at com.kms.katalon.core.common.CommonExecutor.accessTestCaseMainPhase(CommonExecutor.java:71)
	at com.kms.katalon.core.main.TestSuiteExecutor.accessTestSuiteMainPhase(TestSuiteExecutor.java:153)
	at com.kms.katalon.core.main.TestSuiteExecutor.execute(TestSuiteExecutor.java:110)
	at com.kms.katalon.core.main.TestCaseMain.startTestSuite(TestCaseMain.java:205)
	at TempTestSuite1769680312736.run(TempTestSuite1769680312736.groovy:35)
	at java.base/jdk.internal.reflect.NativeMethodAccessorImpl.invoke0(Native Method)
	at java.base/jdk.internal.reflect.NativeMethodAccessorImpl.invoke(NativeMethodAccessorImpl.java:77)
	at java.base/jdk.internal.reflect.DelegatingMethodAccessorImpl.invoke(DelegatingMethodAccessorImpl.java:43)
Caused by: org.openqa.selenium.NoSuchWindowException: no such window: target window already closed
from unknown error: web view not found
  (Session info: chrome=144.0.7559.98)
Build info: version: '4.34.0', revision: '707dcb4246*'
System info: os.name: 'Windows 11', os.arch: 'amd64', os.version: '10.0', java.version: '17.0.14'
Driver info: com.kms.katalon.selenium.driver.CChromeDriver
Command: [b8aa4695017c535b226f395e7f306b39, executeScript {script=arguments[0].click();, args=[{element-6066-11e4-a52e-4f735466cecf=f.42B6BE65C1A4A7A83F84C2B2333D371F.d.F22C7FB2CFB4A88D19DD92086FCFE374.e.1352}]}]
Capabilities {acceptInsecureCerts: false, browserName: chrome, browserVersion: 144.0.7559.98, chrome: {chromedriverVersion: 144.0.7559.96 (d7b80622cfab..., userDataDir: C:\Users\gopal.s\AppData\Lo...}, fedcm:accounts: true, goog:chromeOptions: {debuggerAddress: localhost:53259}, goog:processID: 28192, networkConnectionEnabled: false, pageLoadStrategy: normal, platformName: windows, proxy: Proxy(), se:cdp: ws://localhost:53259/devtoo..., se:cdpVersion: 144.0.7559.98, setWindowRect: true, strictFileInteractability: false, timeouts: {implicit: 0, pageLoad: 300000, script: 30000}, unhandledPromptBehavior: {alert: ignore, beforeUnload: ignore, confirm: ignore, default: ignore, file: ignore, prompt: ignore}, webSocketUrl: ws://localhost:34718/sessio..., webauthn:extension:credBlob: true, webauthn:extension:largeBlob: true, webauthn:extension:minPinLength: true, webauthn:extension:prf: true, webauthn:virtualAuthenticators: true}
Session ID: b8aa4695017c535b226f395e7f306b39
	at java.base/jdk.internal.reflect.NativeConstructorAccessorImpl.newInstance0(Native Method)
	at java.base/jdk.internal.reflect.NativeConstructorAccessorImpl.newInstance(NativeConstructorAccessorImpl.java:77)
	at java.base/jdk.internal.reflect.DelegatingConstructorAccessorImpl.newInstance(DelegatingConstructorAccessorImpl.java:45)
	at org.openqa.selenium.remote.ErrorCodec.decode(ErrorCodec.java:167)
	at org.openqa.selenium.remote.codec.w3c.W3CHttpResponseCodec.decode(W3CHttpResponseCodec.java:138)
	at org.openqa.selenium.remote.codec.w3c.W3CHttpResponseCodec.decode(W3CHttpResponseCodec.java:50)
	at org.openqa.selenium.remote.HttpCommandExecutor.execute(HttpCommandExecutor.java:215)
	at org.openqa.selenium.remote.service.DriverCommandExecutor.invokeExecute(DriverCommandExecutor.java:216)
	at org.openqa.selenium.remote.service.DriverCommandExecutor.execute(DriverCommandExecutor.java:174)
	at org.openqa.selenium.remote.RemoteWebDriver.execute(RemoteWebDriver.java:544)
	at org.openqa.selenium.remote.RemoteWebDriver.executeScript(RemoteWebDriver.java:475)
	at java.base/jdk.internal.reflect.NativeMethodAccessorImpl.invoke0(Native Method)
	at java.base/jdk.internal.reflect.NativeMethodAccessorImpl.invoke(NativeMethodAccessorImpl.java:77)
	at java.base/jdk.internal.reflect.DelegatingMethodAccessorImpl.invoke(DelegatingMethodAccessorImpl.java:43)
	at org.openqa.selenium.support.decorators.WebDriverDecorator.call(WebDriverDecorator.java:315)
	at org.openqa.selenium.support.decorators.DefaultDecorated.call(DefaultDecorated.java:48)
	at org.openqa.selenium.support.decorators.WebDriverDecorator.lambda$createProxyFactory$3(WebDriverDecorator.java:405)
	at org.openqa.selenium.remote.RemoteWebDriver$ByteBuddy$5ogmnMEq.executeScript(Unknown Source)
	at com.kms.katalon.core.webui.keyword.builtin.ExecuteJavaScriptKeyword$_executeJavascript_closure1.doCall(ExecuteJavascriptKeyword.groovy:48)
	at com.kms.katalon.core.webui.keyword.builtin.ExecuteJavaScriptKeyword$_executeJavascript_closure1.call(ExecuteJavascriptKeyword.groovy)
	at com.kms.katalon.core.webui.keyword.internal.WebUIKeywordMain.runKeyword(WebUIKeywordMain.groovy:41)
	at com.kms.katalon.core.webui.keyword.builtin.ExecuteJavaScriptKeyword.executeJavascript(ExecuteJavascriptKeyword.groovy:51)
	at com.kms.katalon.core.webui.keyword.builtin.ExecuteJavaScriptKeyword.execute(ExecuteJavascriptKeyword.groovy:37)
	at com.kms.katalon.core.keyword.internal.KeywordExecutor.executeKeywordForPlatform(KeywordExecutor.groovy:90)
	at com.kms.katalon.core.webui.keyword.WebUiBuiltInKeywords.executeJavaScript(WebUiBuiltInKeywords.groovy:5143)
	at Script1768987107445.run(Script1768987107445.groovy:73)
	... 16 more
)
2026-01-29 15:24:57.136 INFO  c.k.katalon.core.main.TestCaseExecutor   - END Test Cases/ProhanceWeb/Organization Settings/Activity DashBoard/ActivityDashBoard
2026-01-29 15:24:57.143 INFO  c.k.katalon.core.main.TestCaseExecutor   - --------------------
2026-01-29 15:24:57.145 INFO  c.k.katalon.core.main.TestCaseExecutor   - START Test Cases/ProhanceWeb/Organization Settings/Activity DashBoard/ActivityDashBoard
2026-01-29 15:24:57.128 ERROR c.k.katalon.core.main.TestCaseExecutor   - ❌ Test Cases/ProhanceWeb/Organization Settings/Activity DashBoard/ActivityDashBoard FAILED.
Reason:
com.kms.katalon.core.exception.StepFailedException: Unable to execute JavaScript.
	at com.kms.katalon.core.webui.keyword.internal.WebUIKeywordMain.stepFailed(WebUIKeywordMain.groovy:177)
	at com.kms.katalon.core.webui.keyword.internal.WebUIKeywordMain.runKeyword(WebUIKeywordMain.groovy:49)
	at com.kms.katalon.core.webui.keyword.builtin.ExecuteJavaScriptKeyword.executeJavascript(ExecuteJavascriptKeyword.groovy:51)
	at com.kms.katalon.core.webui.keyword.builtin.ExecuteJavaScriptKeyword.execute(ExecuteJavascriptKeyword.groovy:37)
	at com.kms.katalon.core.keyword.internal.KeywordExecutor.executeKeywordForPlatform(KeywordExecutor.groovy:90)
	at com.kms.katalon.core.webui.keyword.WebUiBuiltInKeywords.executeJavaScript(WebUiBuiltInKeywords.groovy:5143)
	at ActivityDashBoard.run(ActivityDashBoard:73)
	at com.kms.katalon.core.main.ScriptEngine.run(ScriptEngine.java:194)
	at com.kms.katalon.core.main.ScriptEngine.runScriptAsRawText(ScriptEngine.java:119)
	at com.kms.katalon.core.main.TestCaseExecutor.runScript(TestCaseExecutor.java:490)
	at com.kms.katalon.core.main.TestCaseExecutor.doExecute(TestCaseExecutor.java:481)
	at com.kms.katalon.core.main.TestCaseExecutor.processExecutionPhase(TestCaseExecutor.java:460)
	at com.kms.katalon.core.main.TestCaseExecutor.accessMainPhase(TestCaseExecutor.java:452)
	at com.kms.katalon.core.main.TestCaseExecutor.execute(TestCaseExecutor.java:322)
	at com.kms.katalon.core.main.TestCaseExecutor.execute(TestCaseExecutor.java:410)
	at com.kms.katalon.core.common.CommonExecutor.accessTestCaseMainPhase(CommonExecutor.java:71)
	at com.kms.katalon.core.main.TestSuiteExecutor.accessTestSuiteMainPhase(TestSuiteExecutor.java:153)
	at com.kms.katalon.core.main.TestSuiteExecutor.execute(TestSuiteExecutor.java:110)
	at com.kms.katalon.core.main.TestCaseMain.startTestSuite(TestCaseMain.java:205)
	at TempTestSuite1769680312736.run(TempTestSuite1769680312736.groovy:35)
	at java.base/jdk.internal.reflect.NativeMethodAccessorImpl.invoke0(Native Method)
	at java.base/jdk.internal.reflect.NativeMethodAccessorImpl.invoke(NativeMethodAccessorImpl.java:77)
	at java.base/jdk.internal.reflect.DelegatingMethodAccessorImpl.invoke(DelegatingMethodAccessorImpl.java:43)
Caused by: org.openqa.selenium.NoSuchWindowException: no such window: target window already closed
from unknown error: web view not found
  (Session info: chrome=144.0.7559.98)
Build info: version: '4.34.0', revision: '707dcb4246*'
System info: os.name: 'Windows 11', os.arch: 'amd64', os.version: '10.0', java.version: '17.0.14'
Driver info: com.kms.katalon.selenium.driver.CChromeDriver
Command: [b8aa4695017c535b226f395e7f306b39, executeScript {script=arguments[0].click();, args=[{element-6066-11e4-a52e-4f735466cecf=f.42B6BE65C1A4A7A83F84C2B2333D371F.d.F22C7FB2CFB4A88D19DD92086FCFE374.e.1352}]}]
Capabilities {acceptInsecureCerts: false, browserName: chrome, browserVersion: 144.0.7559.98, chrome: {chromedriverVersion: 144.0.7559.96 (d7b80622cfab..., userDataDir: C:\Users\gopal.s\AppData\Lo...}, fedcm:accounts: true, goog:chromeOptions: {debuggerAddress: localhost:53259}, goog:processID: 28192, networkConnectionEnabled: false, pageLoadStrategy: normal, platformName: windows, proxy: Proxy(), se:cdp: ws://localhost:53259/devtoo..., se:cdpVersion: 144.0.7559.98, setWindowRect: true, strictFileInteractability: false, timeouts: {implicit: 0, pageLoad: 300000, script: 30000}, unhandledPromptBehavior: {alert: ignore, beforeUnload: ignore, confirm: ignore, default: ignore, file: ignore, prompt: ignore}, webSocketUrl: ws://localhost:34718/sessio..., webauthn:extension:credBlob: true, webauthn:extension:largeBlob: true, webauthn:extension:minPinLength: true, webauthn:extension:prf: true, webauthn:virtualAuthenticators: true}
Session ID: b8aa4695017c535b226f395e7f306b39
	at java.base/jdk.internal.reflect.NativeConstructorAccessorImpl.newInstance0(Native Method)
	at java.base/jdk.internal.reflect.NativeConstructorAccessorImpl.newInstance(NativeConstructorAccessorImpl.java:77)
	at java.base/jdk.internal.reflect.DelegatingConstructorAccessorImpl.newInstance(DelegatingConstructorAccessorImpl.java:45)
	at org.openqa.selenium.remote.ErrorCodec.decode(ErrorCodec.java:167)
	at org.openqa.selenium.remote.codec.w3c.W3CHttpResponseCodec.decode(W3CHttpResponseCodec.java:138)
	at org.openqa.selenium.remote.codec.w3c.W3CHttpResponseCodec.decode(W3CHttpResponseCodec.java:50)
	at org.openqa.selenium.remote.HttpCommandExecutor.execute(HttpCommandExecutor.java:215)
	at org.openqa.selenium.remote.service.DriverCommandExecutor.invokeExecute(DriverCommandExecutor.java:216)
	at org.openqa.selenium.remote.service.DriverCommandExecutor.execute(DriverCommandExecutor.java:174)
	at org.openqa.selenium.remote.RemoteWebDriver.execute(RemoteWebDriver.java:544)
	at org.openqa.selenium.remote.RemoteWebDriver.executeScript(RemoteWebDriver.java:475)
	at java.base/jdk.internal.reflect.NativeMethodAccessorImpl.invoke0(Native Method)
	at java.base/jdk.internal.reflect.NativeMethodAccessorImpl.invoke(NativeMethodAccessorImpl.java:77)
	at java.base/jdk.internal.reflect.DelegatingMethodAccessorImpl.invoke(DelegatingMethodAccessorImpl.java:43)
	at org.openqa.selenium.support.decorators.WebDriverDecorator.call(WebDriverDecorator.java:315)
	at org.openqa.selenium.support.decorators.DefaultDecorated.call(DefaultDecorated.java:48)
	at org.openqa.selenium.support.decorators.WebDriverDecorator.lambda$createProxyFactory$3(WebDriverDecorator.java:405)
	at org.openqa.selenium.remote.RemoteWebDriver$ByteBuddy$5ogmnMEq.executeScript(Unknown Source)
	at com.kms.katalon.core.webui.keyword.builtin.ExecuteJavaScriptKeyword$_executeJavascript_closure1.doCall(ExecuteJavascriptKeyword.groovy:48)
	at com.kms.katalon.core.webui.keyword.builtin.ExecuteJavaScriptKeyword$_executeJavascript_closure1.call(ExecuteJavascriptKeyword.groovy)
	at com.kms.katalon.core.webui.keyword.internal.WebUIKeywordMain.runKeyword(WebUIKeywordMain.groovy:41)
	... 21 more

2026-01-29 15:24:57.172 INFO  c.k.katalon.core.main.TestCaseExecutor   - exportType = excel
2026-01-29 15:24:57.178 INFO  c.k.katalon.core.main.TestCaseExecutor   - isFileDownload = true
2026-01-29 15:24:57.179 INFO  c.k.katalon.core.main.TestCaseExecutor   - isDataValion = false
2026-01-29 15:24:57.183 DEBUG testcase.ActivityDashBoard               - 1: explort = null
2026-01-29 15:24:57.185 DEBUG testcase.ActivityDashBoard               - 2: rows = null
2026-01-29 15:24:57.194 DEBUG testcase.ActivityDashBoard               - 3: webData = []
2026-01-29 15:24:57.196 DEBUG testcase.ActivityDashBoard               - 4: if (waitForElementPresent(findTestObject("Object Repository/Organization Settings/New Folder/Page_ProHance/a_WORK TIME"), Delay))
2026-01-29 15:25:02.218 WARN  c.k.k.c.w.h.s.WebUIScreenCaptor          - Cannot take screenshot
2026-01-29 15:25:02.220 ERROR c.k.k.core.keyword.internal.KeywordMain  - ❌ Unable to wait for object 'Object Repository/Organization Settings/New Folder/Page_ProHance/a_WORK TIME' to be present (Root cause: com.kms.katalon.core.exception.StepFailedException: Unable to wait for object 'Object Repository/Organization Settings/New Folder/Page_ProHance/a_WORK TIME' to be present
	at com.kms.katalon.core.webui.keyword.internal.WebUIKeywordMain.stepFailed(WebUIKeywordMain.groovy:177)
	at com.kms.katalon.core.webui.keyword.internal.WebUIKeywordMain.runKeyword(WebUIKeywordMain.groovy:49)
	at com.kms.katalon.core.webui.keyword.internal.WebUIKeywordMain.runKeywordUntilTimeout(WebUIKeywordMain.groovy:152)
	at com.kms.katalon.core.webui.keyword.builtin.WaitForElementPresentKeyword.waitForElementPresent(WaitForElementPresentKeyword.groovy:68)
	at com.kms.katalon.core.webui.keyword.builtin.WaitForElementPresentKeyword.execute(WaitForElementPresentKeyword.groovy:38)
	at com.kms.katalon.core.keyword.internal.KeywordExecutor.executeKeywordForPlatform(KeywordExecutor.groovy:90)
	at com.kms.katalon.core.webui.keyword.WebUiBuiltInKeywords.waitForElementPresent(WebUiBuiltInKeywords.groovy:423)
	at ActivityDashBoard.run(ActivityDashBoard:18)
	at com.kms.katalon.core.main.ScriptEngine.run(ScriptEngine.java:194)
	at com.kms.katalon.core.main.ScriptEngine.runScriptAsRawText(ScriptEngine.java:119)
	at com.kms.katalon.core.main.TestCaseExecutor.runScript(TestCaseExecutor.java:490)
	at com.kms.katalon.core.main.TestCaseExecutor.doExecute(TestCaseExecutor.java:481)
	at com.kms.katalon.core.main.TestCaseExecutor.processExecutionPhase(TestCaseExecutor.java:460)
	at com.kms.katalon.core.main.TestCaseExecutor.accessMainPhase(TestCaseExecutor.java:452)
	at com.kms.katalon.core.main.TestCaseExecutor.execute(TestCaseExecutor.java:322)
	at com.kms.katalon.core.main.TestCaseExecutor.execute(TestCaseExecutor.java:410)
	at com.kms.katalon.core.main.TestCaseExecutor.execute(TestCaseExecutor.java:410)
	at com.kms.katalon.core.common.CommonExecutor.accessTestCaseMainPhase(CommonExecutor.java:71)
	at com.kms.katalon.core.main.TestSuiteExecutor.accessTestSuiteMainPhase(TestSuiteExecutor.java:153)
	at com.kms.katalon.core.main.TestSuiteExecutor.execute(TestSuiteExecutor.java:110)
	at com.kms.katalon.core.main.TestCaseMain.startTestSuite(TestCaseMain.java:205)
	at TempTestSuite1769680312736.run(TempTestSuite1769680312736.groovy:35)
	at java.base/jdk.internal.reflect.NativeMethodAccessorImpl.invoke0(Native Method)
	at java.base/jdk.internal.reflect.NativeMethodAccessorImpl.invoke(NativeMethodAccessorImpl.java:77)
	at java.base/jdk.internal.reflect.DelegatingMethodAccessorImpl.invoke(DelegatingMethodAccessorImpl.java:43)
Caused by: org.openqa.selenium.NoSuchWindowException: no such window: target window already closed
from unknown error: web view not found
  (Session info: chrome=144.0.7559.98)
Build info: version: '4.34.0', revision: '707dcb4246*'
System info: os.name: 'Windows 11', os.arch: 'amd64', os.version: '10.0', java.version: '17.0.14'
Driver info: com.kms.katalon.selenium.driver.CChromeDriver
Command: [b8aa4695017c535b226f395e7f306b39, findElements {value=//a[@id='workTimeLiToggle2'], using=xpath}]
Capabilities {acceptInsecureCerts: false, browserName: chrome, browserVersion: 144.0.7559.98, chrome: {chromedriverVersion: 144.0.7559.96 (d7b80622cfab..., userDataDir: C:\Users\gopal.s\AppData\Lo...}, fedcm:accounts: true, goog:chromeOptions: {debuggerAddress: localhost:53259}, goog:processID: 28192, networkConnectionEnabled: false, pageLoadStrategy: normal, platformName: windows, proxy: Proxy(), se:cdp: ws://localhost:53259/devtoo..., se:cdpVersion: 144.0.7559.98, setWindowRect: true, strictFileInteractability: false, timeouts: {implicit: 0, pageLoad: 300000, script: 30000}, unhandledPromptBehavior: {alert: ignore, beforeUnload: ignore, confirm: ignore, default: ignore, file: ignore, prompt: ignore}, webSocketUrl: ws://localhost:34718/sessio..., webauthn:extension:credBlob: true, webauthn:extension:largeBlob: true, webauthn:extension:minPinLength: true, webauthn:extension:prf: true, webauthn:virtualAuthenticators: true}
Session ID: b8aa4695017c535b226f395e7f306b39
	at jdk.internal.reflect.GeneratedConstructorAccessor40.newInstance(Unknown Source)
	at java.base/jdk.internal.reflect.DelegatingConstructorAccessorImpl.newInstance(DelegatingConstructorAccessorImpl.java:45)
	at org.openqa.selenium.remote.ErrorCodec.decode(ErrorCodec.java:167)
	at org.openqa.selenium.remote.codec.w3c.W3CHttpResponseCodec.decode(W3CHttpResponseCodec.java:138)
	at org.openqa.selenium.remote.codec.w3c.W3CHttpResponseCodec.decode(W3CHttpResponseCodec.java:50)
	at org.openqa.selenium.remote.HttpCommandExecutor.execute(HttpCommandExecutor.java:215)
	at org.openqa.selenium.remote.service.DriverCommandExecutor.invokeExecute(DriverCommandExecutor.java:216)
	at org.openqa.selenium.remote.service.DriverCommandExecutor.execute(DriverCommandExecutor.java:174)
	at org.openqa.selenium.remote.RemoteWebDriver.execute(RemoteWebDriver.java:544)
	at org.openqa.selenium.remote.ElementLocation$ElementFinder$2.findElements(ElementLocation.java:182)
	at org.openqa.selenium.remote.ElementLocation.findElements(ElementLocation.java:103)
	at org.openqa.selenium.remote.RemoteWebDriver.findElements(RemoteWebDriver.java:380)
	at org.openqa.selenium.remote.RemoteWebDriver.findElements(RemoteWebDriver.java:374)
	at jdk.internal.reflect.GeneratedMethodAccessor16.invoke(Unknown Source)
	at java.base/jdk.internal.reflect.DelegatingMethodAccessorImpl.invoke(DelegatingMethodAccessorImpl.java:43)
	at org.openqa.selenium.support.decorators.WebDriverDecorator.call(WebDriverDecorator.java:315)
	at org.openqa.selenium.support.decorators.DefaultDecorated.call(DefaultDecorated.java:48)
	at org.openqa.selenium.support.decorators.WebDriverDecorator.lambda$createProxyFactory$3(WebDriverDecorator.java:405)
	at org.openqa.selenium.remote.RemoteWebDriver$ByteBuddy$5ogmnMEq.findElements(Unknown Source)
	at com.kms.katalon.core.webui.model.WebUiElementFinder.findElementByNormalMethods(WebUiElementFinder.java:185)
	at com.kms.katalon.core.webui.model.WebUiElementFinder.findElementsBySelectedMethod(WebUiElementFinder.java:91)
	at com.kms.katalon.core.webui.model.WebUiElementFinder.findElementsBySelectedMethod(WebUiElementFinder.java:74)
	at com.kms.katalon.core.webui.model.WebUiElementFinder.findElementsBySelectedMethod(WebUiElementFinder.java:69)
	at com.kms.katalon.core.webui.model.WebUiElementFinder.findElement(WebUiElementFinder.java:43)
	at com.kms.katalon.core.webui.model.WebUiElementFinderWithTimeout.basicFindElement(WebUiElementFinderWithTimeout.java:50)
	at com.kms.katalon.core.webui.model.WebUiElementFinderWithTimeout.lambda$0(WebUiElementFinderWithTimeout.java:29)
	at com.kms.katalon.core.webui.model.SeleniumActionRetryController.performAction(SeleniumActionRetryController.java:96)
	at com.kms.katalon.core.webui.model.SeleniumActionRetryController.performAction(SeleniumActionRetryController.java:83)
	at com.kms.katalon.core.webui.model.WebUiElementFinderWithTimeout.findElement(WebUiElementFinderWithTimeout.java:28)
	at com.kms.katalon.core.webui.keyword.internal.WebUIAbstractKeyword$_findWebElement_closure2.doCall(WebUIAbstractKeyword.groovy:104)
	at jdk.internal.reflect.GeneratedMethodAccessor19.invoke(Unknown Source)
	at java.base/jdk.internal.reflect.DelegatingMethodAccessorImpl.invoke(DelegatingMethodAccessorImpl.java:43)
	at jdk.proxy2/jdk.proxy2.$Proxy50.execute(Unknown Source)
	at com.kms.katalon.core.webui.model.SeleniumActionRetryController.performAction(SeleniumActionRetryController.java:96)
	at com.kms.katalon.core.webui.model.SeleniumActionRetryController.performAction(SeleniumActionRetryController.java:83)
	at com.kms.katalon.core.webui.model.SeleniumActionRetryController.retry(SeleniumActionRetryController.java:49)
	at com.kms.katalon.core.webui.model.SeleniumActionRetryController.retry(SeleniumActionRetryController.java:44)
	at com.kms.katalon.core.webui.keyword.internal.WebUIAbstractKeyword.findWebElement(WebUIAbstractKeyword.groovy:101)
	at com.kms.katalon.core.webui.keyword.builtin.WaitForElementPresentKeyword$_waitForElementPresent_closure1.doCall(WaitForElementPresentKeyword.groovy:54)
	at java.base/jdk.internal.reflect.NativeMethodAccessorImpl.invoke0(Native Method)
	at java.base/jdk.internal.reflect.NativeMethodAccessorImpl.invoke(NativeMethodAccessorImpl.java:77)
	at java.base/jdk.internal.reflect.DelegatingMethodAccessorImpl.invoke(DelegatingMethodAccessorImpl.java:43)
	at jdk.proxy2/jdk.proxy2.$Proxy50.execute(Unknown Source)
	at com.kms.katalon.core.webui.model.SeleniumActionRetryController.performAction(SeleniumActionRetryController.java:96)
	at com.kms.katalon.core.webui.model.SeleniumActionRetryController.performAction(SeleniumActionRetryController.java:83)
	at com.kms.katalon.core.webui.keyword.internal.WebUIKeywordMain$_runKeywordUntilTimeout_closure2.doCall(WebUIKeywordMain.groovy:155)
	at com.kms.katalon.core.webui.keyword.internal.WebUIKeywordMain$_runKeywordUntilTimeout_closure2.call(WebUIKeywordMain.groovy)
	at com.kms.katalon.core.webui.keyword.internal.WebUIKeywordMain.runKeyword(WebUIKeywordMain.groovy:41)
	at com.kms.katalon.core.webui.keyword.internal.WebUIKeywordMain.runKeywordUntilTimeout(WebUIKeywordMain.groovy:152)
	at com.kms.katalon.core.webui.keyword.builtin.WaitForElementPresentKeyword.waitForElementPresent(WaitForElementPresentKeyword.groovy:68)
	at com.kms.katalon.core.webui.keyword.builtin.WaitForElementPresentKeyword.execute(WaitForElementPresentKeyword.groovy:38)
	at com.kms.katalon.core.keyword.internal.KeywordExecutor.executeKeywordForPlatform(KeywordExecutor.groovy:90)
	at com.kms.katalon.core.webui.keyword.WebUiBuiltInKeywords.waitForElementPresent(WebUiBuiltInKeywords.groovy:423)
	at Script1768987107445.run(Script1768987107445.groovy:18)
	... 17 more
)
2026-01-29 15:25:02.224 ERROR c.k.katalon.core.main.TestCaseExecutor   - ❌ Test Cases/ProhanceWeb/Organization Settings/Activity DashBoard/ActivityDashBoard FAILED.
Reason:
com.kms.katalon.core.exception.StepFailedException: Unable to wait for object 'Object Repository/Organization Settings/New Folder/Page_ProHance/a_WORK TIME' to be present
	at com.kms.katalon.core.webui.keyword.internal.WebUIKeywordMain.stepFailed(WebUIKeywordMain.groovy:177)
	at com.kms.katalon.core.webui.keyword.internal.WebUIKeywordMain.runKeyword(WebUIKeywordMain.groovy:49)
	at com.kms.katalon.core.webui.keyword.internal.WebUIKeywordMain.runKeywordUntilTimeout(WebUIKeywordMain.groovy:152)
	at com.kms.katalon.core.webui.keyword.builtin.WaitForElementPresentKeyword.waitForElementPresent(WaitForElementPresentKeyword.groovy:68)
	at com.kms.katalon.core.webui.keyword.builtin.WaitForElementPresentKeyword.execute(WaitForElementPresentKeyword.groovy:38)
	at com.kms.katalon.core.keyword.internal.KeywordExecutor.executeKeywordForPlatform(KeywordExecutor.groovy:90)
	at com.kms.katalon.core.webui.keyword.WebUiBuiltInKeywords.waitForElementPresent(WebUiBuiltInKeywords.groovy:423)
	at ActivityDashBoard.run(ActivityDashBoard:18)
	at com.kms.katalon.core.main.ScriptEngine.run(ScriptEngine.java:194)
	at com.kms.katalon.core.main.ScriptEngine.runScriptAsRawText(ScriptEngine.java:119)
	at com.kms.katalon.core.main.TestCaseExecutor.runScript(TestCaseExecutor.java:490)
	at com.kms.katalon.core.main.TestCaseExecutor.doExecute(TestCaseExecutor.java:481)
	at com.kms.katalon.core.main.TestCaseExecutor.processExecutionPhase(TestCaseExecutor.java:460)
	at com.kms.katalon.core.main.TestCaseExecutor.accessMainPhase(TestCaseExecutor.java:452)
	at com.kms.katalon.core.main.TestCaseExecutor.execute(TestCaseExecutor.java:322)
	at com.kms.katalon.core.main.TestCaseExecutor.execute(TestCaseExecutor.java:410)
	at com.kms.katalon.core.main.TestCaseExecutor.execute(TestCaseExecutor.java:410)
	at com.kms.katalon.core.common.CommonExecutor.accessTestCaseMainPhase(CommonExecutor.java:71)
	at com.kms.katalon.core.main.TestSuiteExecutor.accessTestSuiteMainPhase(TestSuiteExecutor.java:153)
	at com.kms.katalon.core.main.TestSuiteExecutor.execute(TestSuiteExecutor.java:110)
	at com.kms.katalon.core.main.TestCaseMain.startTestSuite(TestCaseMain.java:205)
	at TempTestSuite1769680312736.run(TempTestSuite1769680312736.groovy:35)
	at java.base/jdk.internal.reflect.NativeMethodAccessorImpl.invoke0(Native Method)
	at java.base/jdk.internal.reflect.NativeMethodAccessorImpl.invoke(NativeMethodAccessorImpl.java:77)
	at java.base/jdk.internal.reflect.DelegatingMethodAccessorImpl.invoke(DelegatingMethodAccessorImpl.java:43)
Caused by: org.openqa.selenium.NoSuchWindowException: no such window: target window already closed
from unknown error: web view not found
  (Session info: chrome=144.0.7559.98)
Build info: version: '4.34.0', revision: '707dcb4246*'
System info: os.name: 'Windows 11', os.arch: 'amd64', os.version: '10.0', java.version: '17.0.14'
Driver info: com.kms.katalon.selenium.driver.CChromeDriver
Command: [b8aa4695017c535b226f395e7f306b39, findElements {value=//a[@id='workTimeLiToggle2'], using=xpath}]
Capabilities {acceptInsecureCerts: false, browserName: chrome, browserVersion: 144.0.7559.98, chrome: {chromedriverVersion: 144.0.7559.96 (d7b80622cfab..., userDataDir: C:\Users\gopal.s\AppData\Lo...}, fedcm:accounts: true, goog:chromeOptions: {debuggerAddress: localhost:53259}, goog:processID: 28192, networkConnectionEnabled: false, pageLoadStrategy: normal, platformName: windows, proxy: Proxy(), se:cdp: ws://localhost:53259/devtoo..., se:cdpVersion: 144.0.7559.98, setWindowRect: true, strictFileInteractability: false, timeouts: {implicit: 0, pageLoad: 300000, script: 30000}, unhandledPromptBehavior: {alert: ignore, beforeUnload: ignore, confirm: ignore, default: ignore, file: ignore, prompt: ignore}, webSocketUrl: ws://localhost:34718/sessio..., webauthn:extension:credBlob: true, webauthn:extension:largeBlob: true, webauthn:extension:minPinLength: true, webauthn:extension:prf: true, webauthn:virtualAuthenticators: true}
Session ID: b8aa4695017c535b226f395e7f306b39
	at jdk.internal.reflect.GeneratedConstructorAccessor40.newInstance(Unknown Source)
	at java.base/jdk.internal.reflect.DelegatingConstructorAccessorImpl.newInstance(DelegatingConstructorAccessorImpl.java:45)
	at org.openqa.selenium.remote.ErrorCodec.decode(ErrorCodec.java:167)
	at org.openqa.selenium.remote.codec.w3c.W3CHttpResponseCodec.decode(W3CHttpResponseCodec.java:138)
	at org.openqa.selenium.remote.codec.w3c.W3CHttpResponseCodec.decode(W3CHttpResponseCodec.java:50)
	at org.openqa.selenium.remote.HttpCommandExecutor.execute(HttpCommandExecutor.java:215)
	at org.openqa.selenium.remote.service.DriverCommandExecutor.invokeExecute(DriverCommandExecutor.java:216)
	at org.openqa.selenium.remote.service.DriverCommandExecutor.execute(DriverCommandExecutor.java:174)
	at org.openqa.selenium.remote.RemoteWebDriver.execute(RemoteWebDriver.java:544)
	at org.openqa.selenium.remote.ElementLocation$ElementFinder$2.findElements(ElementLocation.java:182)
	at org.openqa.selenium.remote.ElementLocation.findElements(ElementLocation.java:103)
	at org.openqa.selenium.remote.RemoteWebDriver.findElements(RemoteWebDriver.java:380)
	at org.openqa.selenium.remote.RemoteWebDriver.findElements(RemoteWebDriver.java:374)
	at jdk.internal.reflect.GeneratedMethodAccessor16.invoke(Unknown Source)
	at java.base/jdk.internal.reflect.DelegatingMethodAccessorImpl.invoke(DelegatingMethodAccessorImpl.java:43)
	at org.openqa.selenium.support.decorators.WebDriverDecorator.call(WebDriverDecorator.java:315)
	at org.openqa.selenium.support.decorators.DefaultDecorated.call(DefaultDecorated.java:48)
	at org.openqa.selenium.support.decorators.WebDriverDecorator.lambda$createProxyFactory$3(WebDriverDecorator.java:405)
	at org.openqa.selenium.remote.RemoteWebDriver$ByteBuddy$5ogmnMEq.findElements(Unknown Source)
	at com.kms.katalon.core.webui.model.WebUiElementFinder.findElementByNormalMethods(WebUiElementFinder.java:185)
	at com.kms.katalon.core.webui.model.WebUiElementFinder.findElementsBySelectedMethod(WebUiElementFinder.java:91)
	at com.kms.katalon.core.webui.model.WebUiElementFinder.findElementsBySelectedMethod(WebUiElementFinder.java:74)
	at com.kms.katalon.core.webui.model.WebUiElementFinder.findElementsBySelectedMethod(WebUiElementFinder.java:69)
	at com.kms.katalon.core.webui.model.WebUiElementFinder.findElement(WebUiElementFinder.java:43)
	at com.kms.katalon.core.webui.model.WebUiElementFinderWithTimeout.basicFindElement(WebUiElementFinderWithTimeout.java:50)
	at com.kms.katalon.core.webui.model.WebUiElementFinderWithTimeout.lambda$0(WebUiElementFinderWithTimeout.java:29)
	at com.kms.katalon.core.webui.model.SeleniumActionRetryController.performAction(SeleniumActionRetryController.java:96)
	at com.kms.katalon.core.webui.model.SeleniumActionRetryController.performAction(SeleniumActionRetryController.java:83)
	at com.kms.katalon.core.webui.model.WebUiElementFinderWithTimeout.findElement(WebUiElementFinderWithTimeout.java:28)
	at com.kms.katalon.core.webui.keyword.internal.WebUIAbstractKeyword$_findWebElement_closure2.doCall(WebUIAbstractKeyword.groovy:104)
	at jdk.internal.reflect.GeneratedMethodAccessor19.invoke(Unknown Source)
	at java.base/jdk.internal.reflect.DelegatingMethodAccessorImpl.invoke(DelegatingMethodAccessorImpl.java:43)
	at jdk.proxy2/jdk.proxy2.$Proxy50.execute(Unknown Source)
	at com.kms.katalon.core.webui.model.SeleniumActionRetryController.performAction(SeleniumActionRetryController.java:96)
	at com.kms.katalon.core.webui.model.SeleniumActionRetryController.performAction(SeleniumActionRetryController.java:83)
	at com.kms.katalon.core.webui.model.SeleniumActionRetryController.retry(SeleniumActionRetryController.java:49)
	at com.kms.katalon.core.webui.model.SeleniumActionRetryController.retry(SeleniumActionRetryController.java:44)
	at com.kms.katalon.core.webui.keyword.internal.WebUIAbstractKeyword.findWebElement(WebUIAbstractKeyword.groovy:101)
	at com.kms.katalon.core.webui.keyword.builtin.WaitForElementPresentKeyword$_waitForElementPresent_closure1.doCall(WaitForElementPresentKeyword.groovy:54)
	at java.base/jdk.internal.reflect.NativeMethodAccessorImpl.invoke0(Native Method)
	at java.base/jdk.internal.reflect.NativeMethodAccessorImpl.invoke(NativeMethodAccessorImpl.java:77)
	at java.base/jdk.internal.reflect.DelegatingMethodAccessorImpl.invoke(DelegatingMethodAccessorImpl.java:43)
	at jdk.proxy2/jdk.proxy2.$Proxy50.execute(Unknown Source)
	at com.kms.katalon.core.webui.model.SeleniumActionRetryController.performAction(SeleniumActionRetryController.java:96)
	at com.kms.katalon.core.webui.model.SeleniumActionRetryController.performAction(SeleniumActionRetryController.java:83)
	at com.kms.katalon.core.webui.keyword.internal.WebUIKeywordMain$_runKeywordUntilTimeout_closure2.doCall(WebUIKeywordMain.groovy:155)
	at com.kms.katalon.core.webui.keyword.internal.WebUIKeywordMain$_runKeywordUntilTimeout_closure2.call(WebUIKeywordMain.groovy)
	at com.kms.katalon.core.webui.keyword.internal.WebUIKeywordMain.runKeyword(WebUIKeywordMain.groovy:41)
	... 23 more

2026-01-29 15:25:02.228 INFO  c.k.katalon.core.main.TestCaseExecutor   - END Test Cases/ProhanceWeb/Organization Settings/Activity DashBoard/ActivityDashBoard
2026-01-29 15:25:02.231 INFO  c.k.katalon.core.main.TestCaseExecutor   - --------------------
2026-01-29 15:25:02.231 INFO  c.k.katalon.core.main.TestCaseExecutor   - START Test Cases/ProhanceWeb/Organization Settings/Activity DashBoard/ActivityDashBoard
2026-01-29 15:25:02.246 INFO  c.k.katalon.core.main.TestCaseExecutor   - exportType = excel
2026-01-29 15:25:02.249 INFO  c.k.katalon.core.main.TestCaseExecutor   - isFileDownload = true
2026-01-29 15:25:02.250 INFO  c.k.katalon.core.main.TestCaseExecutor   - isDataValion = false
2026-01-29 15:25:02.252 DEBUG testcase.ActivityDashBoard               - 1: explort = null
2026-01-29 15:25:02.253 DEBUG testcase.ActivityDashBoard               - 2: rows = null
2026-01-29 15:25:02.253 DEBUG testcase.ActivityDashBoard               - 3: webData = []
2026-01-29 15:25:02.254 DEBUG testcase.ActivityDashBoard               - 4: if (waitForElementPresent(findTestObject("Object Repository/Organization Settings/New Folder/Page_ProHance/a_WORK TIME"), Delay))
2026-01-29 15:25:07.263 WARN  c.k.k.c.w.h.s.WebUIScreenCaptor          - Cannot take screenshot
2026-01-29 15:25:07.265 ERROR c.k.k.core.keyword.internal.KeywordMain  - ❌ Unable to wait for object 'Object Repository/Organization Settings/New Folder/Page_ProHance/a_WORK TIME' to be present (Root cause: com.kms.katalon.core.exception.StepFailedException: Unable to wait for object 'Object Repository/Organization Settings/New Folder/Page_ProHance/a_WORK TIME' to be present
	at com.kms.katalon.core.webui.keyword.internal.WebUIKeywordMain.stepFailed(WebUIKeywordMain.groovy:177)
	at com.kms.katalon.core.webui.keyword.internal.WebUIKeywordMain.runKeyword(WebUIKeywordMain.groovy:49)
	at com.kms.katalon.core.webui.keyword.internal.WebUIKeywordMain.runKeywordUntilTimeout(WebUIKeywordMain.groovy:152)
	at com.kms.katalon.core.webui.keyword.builtin.WaitForElementPresentKeyword.waitForElementPresent(WaitForElementPresentKeyword.groovy:68)
	at com.kms.katalon.core.webui.keyword.builtin.WaitForElementPresentKeyword.execute(WaitForElementPresentKeyword.groovy:38)
	at com.kms.katalon.core.keyword.internal.KeywordExecutor.executeKeywordForPlatform(KeywordExecutor.groovy:90)
	at com.kms.katalon.core.webui.keyword.WebUiBuiltInKeywords.waitForElementPresent(WebUiBuiltInKeywords.groovy:423)
	at ActivityDashBoard.run(ActivityDashBoard:18)
	at com.kms.katalon.core.main.ScriptEngine.run(ScriptEngine.java:194)
	at com.kms.katalon.core.main.ScriptEngine.runScriptAsRawText(ScriptEngine.java:119)
	at com.kms.katalon.core.main.TestCaseExecutor.runScript(TestCaseExecutor.java:490)
	at com.kms.katalon.core.main.TestCaseExecutor.doExecute(TestCaseExecutor.java:481)
	at com.kms.katalon.core.main.TestCaseExecutor.processExecutionPhase(TestCaseExecutor.java:460)
	at com.kms.katalon.core.main.TestCaseExecutor.accessMainPhase(TestCaseExecutor.java:452)
	at com.kms.katalon.core.main.TestCaseExecutor.execute(TestCaseExecutor.java:322)
	at com.kms.katalon.core.main.TestCaseExecutor.execute(TestCaseExecutor.java:410)
	at com.kms.katalon.core.main.TestCaseExecutor.execute(TestCaseExecutor.java:410)
	at com.kms.katalon.core.main.TestCaseExecutor.execute(TestCaseExecutor.java:410)
	at com.kms.katalon.core.common.CommonExecutor.accessTestCaseMainPhase(CommonExecutor.java:71)
	at com.kms.katalon.core.main.TestSuiteExecutor.accessTestSuiteMainPhase(TestSuiteExecutor.java:153)
	at com.kms.katalon.core.main.TestSuiteExecutor.execute(TestSuiteExecutor.java:110)
	at com.kms.katalon.core.main.TestCaseMain.startTestSuite(TestCaseMain.java:205)
	at TempTestSuite1769680312736.run(TempTestSuite1769680312736.groovy:35)
	at java.base/jdk.internal.reflect.NativeMethodAccessorImpl.invoke0(Native Method)
	at java.base/jdk.internal.reflect.NativeMethodAccessorImpl.invoke(NativeMethodAccessorImpl.java:77)
	at java.base/jdk.internal.reflect.DelegatingMethodAccessorImpl.invoke(DelegatingMethodAccessorImpl.java:43)
Caused by: org.openqa.selenium.NoSuchWindowException: no such window: target window already closed
from unknown error: web view not found
  (Session info: chrome=144.0.7559.98)
Build info: version: '4.34.0', revision: '707dcb4246*'
System info: os.name: 'Windows 11', os.arch: 'amd64', os.version: '10.0', java.version: '17.0.14'
Driver info: com.kms.katalon.selenium.driver.CChromeDriver
Command: [b8aa4695017c535b226f395e7f306b39, findElements {value=//a[@id='workTimeLiToggle2'], using=xpath}]
Capabilities {acceptInsecureCerts: false, browserName: chrome, browserVersion: 144.0.7559.98, chrome: {chromedriverVersion: 144.0.7559.96 (d7b80622cfab..., userDataDir: C:\Users\gopal.s\AppData\Lo...}, fedcm:accounts: true, goog:chromeOptions: {debuggerAddress: localhost:53259}, goog:processID: 28192, networkConnectionEnabled: false, pageLoadStrategy: normal, platformName: windows, proxy: Proxy(), se:cdp: ws://localhost:53259/devtoo..., se:cdpVersion: 144.0.7559.98, setWindowRect: true, strictFileInteractability: false, timeouts: {implicit: 0, pageLoad: 300000, script: 30000}, unhandledPromptBehavior: {alert: ignore, beforeUnload: ignore, confirm: ignore, default: ignore, file: ignore, prompt: ignore}, webSocketUrl: ws://localhost:34718/sessio..., webauthn:extension:credBlob: true, webauthn:extension:largeBlob: true, webauthn:extension:minPinLength: true, webauthn:extension:prf: true, webauthn:virtualAuthenticators: true}
Session ID: b8aa4695017c535b226f395e7f306b39
	at jdk.internal.reflect.GeneratedConstructorAccessor40.newInstance(Unknown Source)
	at java.base/jdk.internal.reflect.DelegatingConstructorAccessorImpl.newInstance(DelegatingConstructorAccessorImpl.java:45)
	at org.openqa.selenium.remote.ErrorCodec.decode(ErrorCodec.java:167)
	at org.openqa.selenium.remote.codec.w3c.W3CHttpResponseCodec.decode(W3CHttpResponseCodec.java:138)
	at org.openqa.selenium.remote.codec.w3c.W3CHttpResponseCodec.decode(W3CHttpResponseCodec.java:50)
	at org.openqa.selenium.remote.HttpCommandExecutor.execute(HttpCommandExecutor.java:215)
	at org.openqa.selenium.remote.service.DriverCommandExecutor.invokeExecute(DriverCommandExecutor.java:216)
	at org.openqa.selenium.remote.service.DriverCommandExecutor.execute(DriverCommandExecutor.java:174)
	at org.openqa.selenium.remote.RemoteWebDriver.execute(RemoteWebDriver.java:544)
	at org.openqa.selenium.remote.ElementLocation$ElementFinder$2.findElements(ElementLocation.java:182)
	at org.openqa.selenium.remote.ElementLocation.findElements(ElementLocation.java:103)
	at org.openqa.selenium.remote.RemoteWebDriver.findElements(RemoteWebDriver.java:380)
	at org.openqa.selenium.remote.RemoteWebDriver.findElements(RemoteWebDriver.java:374)
	at jdk.internal.reflect.GeneratedMethodAccessor16.invoke(Unknown Source)
	at java.base/jdk.internal.reflect.DelegatingMethodAccessorImpl.invoke(DelegatingMethodAccessorImpl.java:43)
	at org.openqa.selenium.support.decorators.WebDriverDecorator.call(WebDriverDecorator.java:315)
	at org.openqa.selenium.support.decorators.DefaultDecorated.call(DefaultDecorated.java:48)
	at org.openqa.selenium.support.decorators.WebDriverDecorator.lambda$createProxyFactory$3(WebDriverDecorator.java:405)
	at org.openqa.selenium.remote.RemoteWebDriver$ByteBuddy$5ogmnMEq.findElements(Unknown Source)
	at com.kms.katalon.core.webui.model.WebUiElementFinder.findElementByNormalMethods(WebUiElementFinder.java:185)
	at com.kms.katalon.core.webui.model.WebUiElementFinder.findElementsBySelectedMethod(WebUiElementFinder.java:91)
	at com.kms.katalon.core.webui.model.WebUiElementFinder.findElementsBySelectedMethod(WebUiElementFinder.java:74)
	at com.kms.katalon.core.webui.model.WebUiElementFinder.findElementsBySelectedMethod(WebUiElementFinder.java:69)
	at com.kms.katalon.core.webui.model.WebUiElementFinder.findElement(WebUiElementFinder.java:43)
	at com.kms.katalon.core.webui.model.WebUiElementFinderWithTimeout.basicFindElement(WebUiElementFinderWithTimeout.java:50)
	at com.kms.katalon.core.webui.model.WebUiElementFinderWithTimeout.lambda$0(WebUiElementFinderWithTimeout.java:29)
	at com.kms.katalon.core.webui.model.SeleniumActionRetryController.performAction(SeleniumActionRetryController.java:96)
	at com.kms.katalon.core.webui.model.SeleniumActionRetryController.performAction(SeleniumActionRetryController.java:83)
	at com.kms.katalon.core.webui.model.WebUiElementFinderWithTimeout.findElement(WebUiElementFinderWithTimeout.java:28)
	at com.kms.katalon.core.webui.keyword.internal.WebUIAbstractKeyword$_findWebElement_closure2.doCall(WebUIAbstractKeyword.groovy:104)
	at jdk.internal.reflect.GeneratedMethodAccessor19.invoke(Unknown Source)
	at java.base/jdk.internal.reflect.DelegatingMethodAccessorImpl.invoke(DelegatingMethodAccessorImpl.java:43)
	at jdk.proxy2/jdk.proxy2.$Proxy50.execute(Unknown Source)
	at com.kms.katalon.core.webui.model.SeleniumActionRetryController.performAction(SeleniumActionRetryController.java:96)
	at com.kms.katalon.core.webui.model.SeleniumActionRetryController.performAction(SeleniumActionRetryController.java:83)
	at com.kms.katalon.core.webui.model.SeleniumActionRetryController.retry(SeleniumActionRetryController.java:49)
	at com.kms.katalon.core.webui.model.SeleniumActionRetryController.retry(SeleniumActionRetryController.java:44)
	at com.kms.katalon.core.webui.keyword.internal.WebUIAbstractKeyword.findWebElement(WebUIAbstractKeyword.groovy:101)
	at com.kms.katalon.core.webui.keyword.builtin.WaitForElementPresentKeyword$_waitForElementPresent_closure1.doCall(WaitForElementPresentKeyword.groovy:54)
	at java.base/jdk.internal.reflect.NativeMethodAccessorImpl.invoke0(Native Method)
	at java.base/jdk.internal.reflect.NativeMethodAccessorImpl.invoke(NativeMethodAccessorImpl.java:77)
	at java.base/jdk.internal.reflect.DelegatingMethodAccessorImpl.invoke(DelegatingMethodAccessorImpl.java:43)
	at jdk.proxy2/jdk.proxy2.$Proxy50.execute(Unknown Source)
	at com.kms.katalon.core.webui.model.SeleniumActionRetryController.performAction(SeleniumActionRetryController.java:96)
	at com.kms.katalon.core.webui.model.SeleniumActionRetryController.performAction(SeleniumActionRetryController.java:83)
	at com.kms.katalon.core.webui.keyword.internal.WebUIKeywordMain$_runKeywordUntilTimeout_closure2.doCall(WebUIKeywordMain.groovy:155)
	at com.kms.katalon.core.webui.keyword.internal.WebUIKeywordMain$_runKeywordUntilTimeout_closure2.call(WebUIKeywordMain.groovy)
	at com.kms.katalon.core.webui.keyword.internal.WebUIKeywordMain.runKeyword(WebUIKeywordMain.groovy:41)
	at com.kms.katalon.core.webui.keyword.internal.WebUIKeywordMain.runKeywordUntilTimeout(WebUIKeywordMain.groovy:152)
	at com.kms.katalon.core.webui.keyword.builtin.WaitForElementPresentKeyword.waitForElementPresent(WaitForElementPresentKeyword.groovy:68)
	at com.kms.katalon.core.webui.keyword.builtin.WaitForElementPresentKeyword.execute(WaitForElementPresentKeyword.groovy:38)
	at com.kms.katalon.core.keyword.internal.KeywordExecutor.executeKeywordForPlatform(KeywordExecutor.groovy:90)
	at com.kms.katalon.core.webui.keyword.WebUiBuiltInKeywords.waitForElementPresent(WebUiBuiltInKeywords.groovy:423)
	at Script1768987107445.run(Script1768987107445.groovy:18)
	... 18 more
)
2026-01-29 15:25:07.269 ERROR c.k.katalon.core.main.TestCaseExecutor   - ❌ Test Cases/ProhanceWeb/Organization Settings/Activity DashBoard/ActivityDashBoard FAILED.
Reason:
com.kms.katalon.core.exception.StepFailedException: Unable to wait for object 'Object Repository/Organization Settings/New Folder/Page_ProHance/a_WORK TIME' to be present
	at com.kms.katalon.core.webui.keyword.internal.WebUIKeywordMain.stepFailed(WebUIKeywordMain.groovy:177)
	at com.kms.katalon.core.webui.keyword.internal.WebUIKeywordMain.runKeyword(WebUIKeywordMain.groovy:49)
	at com.kms.katalon.core.webui.keyword.internal.WebUIKeywordMain.runKeywordUntilTimeout(WebUIKeywordMain.groovy:152)
	at com.kms.katalon.core.webui.keyword.builtin.WaitForElementPresentKeyword.waitForElementPresent(WaitForElementPresentKeyword.groovy:68)
	at com.kms.katalon.core.webui.keyword.builtin.WaitForElementPresentKeyword.execute(WaitForElementPresentKeyword.groovy:38)
	at com.kms.katalon.core.keyword.internal.KeywordExecutor.executeKeywordForPlatform(KeywordExecutor.groovy:90)
	at com.kms.katalon.core.webui.keyword.WebUiBuiltInKeywords.waitForElementPresent(WebUiBuiltInKeywords.groovy:423)
	at ActivityDashBoard.run(ActivityDashBoard:18)
	at com.kms.katalon.core.main.ScriptEngine.run(ScriptEngine.java:194)
	at com.kms.katalon.core.main.ScriptEngine.runScriptAsRawText(ScriptEngine.java:119)
	at com.kms.katalon.core.main.TestCaseExecutor.runScript(TestCaseExecutor.java:490)
	at com.kms.katalon.core.main.TestCaseExecutor.doExecute(TestCaseExecutor.java:481)
	at com.kms.katalon.core.main.TestCaseExecutor.processExecutionPhase(TestCaseExecutor.java:460)
	at com.kms.katalon.core.main.TestCaseExecutor.accessMainPhase(TestCaseExecutor.java:452)
	at com.kms.katalon.core.main.TestCaseExecutor.execute(TestCaseExecutor.java:322)
	at com.kms.katalon.core.main.TestCaseExecutor.execute(TestCaseExecutor.java:410)
	at com.kms.katalon.core.main.TestCaseExecutor.execute(TestCaseExecutor.java:410)
	at com.kms.katalon.core.main.TestCaseExecutor.execute(TestCaseExecutor.java:410)
	at com.kms.katalon.core.common.CommonExecutor.accessTestCaseMainPhase(CommonExecutor.java:71)
	at com.kms.katalon.core.main.TestSuiteExecutor.accessTestSuiteMainPhase(TestSuiteExecutor.java:153)
	at com.kms.katalon.core.main.TestSuiteExecutor.execute(TestSuiteExecutor.java:110)
	at com.kms.katalon.core.main.TestCaseMain.startTestSuite(TestCaseMain.java:205)
	at TempTestSuite1769680312736.run(TempTestSuite1769680312736.groovy:35)
	at java.base/jdk.internal.reflect.NativeMethodAccessorImpl.invoke0(Native Method)
	at java.base/jdk.internal.reflect.NativeMethodAccessorImpl.invoke(NativeMethodAccessorImpl.java:77)
	at java.base/jdk.internal.reflect.DelegatingMethodAccessorImpl.invoke(DelegatingMethodAccessorImpl.java:43)
Caused by: org.openqa.selenium.NoSuchWindowException: no such window: target window already closed
from unknown error: web view not found
  (Session info: chrome=144.0.7559.98)
Build info: version: '4.34.0', revision: '707dcb4246*'
System info: os.name: 'Windows 11', os.arch: 'amd64', os.version: '10.0', java.version: '17.0.14'
Driver info: com.kms.katalon.selenium.driver.CChromeDriver
Command: [b8aa4695017c535b226f395e7f306b39, findElements {value=//a[@id='workTimeLiToggle2'], using=xpath}]
Capabilities {acceptInsecureCerts: false, browserName: chrome, browserVersion: 144.0.7559.98, chrome: {chromedriverVersion: 144.0.7559.96 (d7b80622cfab..., userDataDir: C:\Users\gopal.s\AppData\Lo...}, fedcm:accounts: true, goog:chromeOptions: {debuggerAddress: localhost:53259}, goog:processID: 28192, networkConnectionEnabled: false, pageLoadStrategy: normal, platformName: windows, proxy: Proxy(), se:cdp: ws://localhost:53259/devtoo..., se:cdpVersion: 144.0.7559.98, setWindowRect: true, strictFileInteractability: false, timeouts: {implicit: 0, pageLoad: 300000, script: 30000}, unhandledPromptBehavior: {alert: ignore, beforeUnload: ignore, confirm: ignore, default: ignore, file: ignore, prompt: ignore}, webSocketUrl: ws://localhost:34718/sessio..., webauthn:extension:credBlob: true, webauthn:extension:largeBlob: true, webauthn:extension:minPinLength: true, webauthn:extension:prf: true, webauthn:virtualAuthenticators: true}
Session ID: b8aa4695017c535b226f395e7f306b39
	at jdk.internal.reflect.GeneratedConstructorAccessor40.newInstance(Unknown Source)
	at java.base/jdk.internal.reflect.DelegatingConstructorAccessorImpl.newInstance(DelegatingConstructorAccessorImpl.java:45)
	at org.openqa.selenium.remote.ErrorCodec.decode(ErrorCodec.java:167)
	at org.openqa.selenium.remote.codec.w3c.W3CHttpResponseCodec.decode(W3CHttpResponseCodec.java:138)
	at org.openqa.selenium.remote.codec.w3c.W3CHttpResponseCodec.decode(W3CHttpResponseCodec.java:50)
	at org.openqa.selenium.remote.HttpCommandExecutor.execute(HttpCommandExecutor.java:215)
	at org.openqa.selenium.remote.service.DriverCommandExecutor.invokeExecute(DriverCommandExecutor.java:216)
	at org.openqa.selenium.remote.service.DriverCommandExecutor.execute(DriverCommandExecutor.java:174)
	at org.openqa.selenium.remote.RemoteWebDriver.execute(RemoteWebDriver.java:544)
	at org.openqa.selenium.remote.ElementLocation$ElementFinder$2.findElements(ElementLocation.java:182)
	at org.openqa.selenium.remote.ElementLocation.findElements(ElementLocation.java:103)
	at org.openqa.selenium.remote.RemoteWebDriver.findElements(RemoteWebDriver.java:380)
	at org.openqa.selenium.remote.RemoteWebDriver.findElements(RemoteWebDriver.java:374)
	at jdk.internal.reflect.GeneratedMethodAccessor16.invoke(Unknown Source)
	at java.base/jdk.internal.reflect.DelegatingMethodAccessorImpl.invoke(DelegatingMethodAccessorImpl.java:43)
	at org.openqa.selenium.support.decorators.WebDriverDecorator.call(WebDriverDecorator.java:315)
	at org.openqa.selenium.support.decorators.DefaultDecorated.call(DefaultDecorated.java:48)
	at org.openqa.selenium.support.decorators.WebDriverDecorator.lambda$createProxyFactory$3(WebDriverDecorator.java:405)
	at org.openqa.selenium.remote.RemoteWebDriver$ByteBuddy$5ogmnMEq.findElements(Unknown Source)
	at com.kms.katalon.core.webui.model.WebUiElementFinder.findElementByNormalMethods(WebUiElementFinder.java:185)
	at com.kms.katalon.core.webui.model.WebUiElementFinder.findElementsBySelectedMethod(WebUiElementFinder.java:91)
	at com.kms.katalon.core.webui.model.WebUiElementFinder.findElementsBySelectedMethod(WebUiElementFinder.java:74)
	at com.kms.katalon.core.webui.model.WebUiElementFinder.findElementsBySelectedMethod(WebUiElementFinder.java:69)
	at com.kms.katalon.core.webui.model.WebUiElementFinder.findElement(WebUiElementFinder.java:43)
	at com.kms.katalon.core.webui.model.WebUiElementFinderWithTimeout.basicFindElement(WebUiElementFinderWithTimeout.java:50)
	at com.kms.katalon.core.webui.model.WebUiElementFinderWithTimeout.lambda$0(WebUiElementFinderWithTimeout.java:29)
	at com.kms.katalon.core.webui.model.SeleniumActionRetryController.performAction(SeleniumActionRetryController.java:96)
	at com.kms.katalon.core.webui.model.SeleniumActionRetryController.performAction(SeleniumActionRetryController.java:83)
	at com.kms.katalon.core.webui.model.WebUiElementFinderWithTimeout.findElement(WebUiElementFinderWithTimeout.java:28)
	at com.kms.katalon.core.webui.keyword.internal.WebUIAbstractKeyword$_findWebElement_closure2.doCall(WebUIAbstractKeyword.groovy:104)
	at jdk.internal.reflect.GeneratedMethodAccessor19.invoke(Unknown Source)
	at java.base/jdk.internal.reflect.DelegatingMethodAccessorImpl.invoke(DelegatingMethodAccessorImpl.java:43)
	at jdk.proxy2/jdk.proxy2.$Proxy50.execute(Unknown Source)
	at com.kms.katalon.core.webui.model.SeleniumActionRetryController.performAction(SeleniumActionRetryController.java:96)
	at com.kms.katalon.core.webui.model.SeleniumActionRetryController.performAction(SeleniumActionRetryController.java:83)
	at com.kms.katalon.core.webui.model.SeleniumActionRetryController.retry(SeleniumActionRetryController.java:49)
	at com.kms.katalon.core.webui.model.SeleniumActionRetryController.retry(SeleniumActionRetryController.java:44)
	at com.kms.katalon.core.webui.keyword.internal.WebUIAbstractKeyword.findWebElement(WebUIAbstractKeyword.groovy:101)
	at com.kms.katalon.core.webui.keyword.builtin.WaitForElementPresentKeyword$_waitForElementPresent_closure1.doCall(WaitForElementPresentKeyword.groovy:54)
	at java.base/jdk.internal.reflect.NativeMethodAccessorImpl.invoke0(Native Method)
	at java.base/jdk.internal.reflect.NativeMethodAccessorImpl.invoke(NativeMethodAccessorImpl.java:77)
	at java.base/jdk.internal.reflect.DelegatingMethodAccessorImpl.invoke(DelegatingMethodAccessorImpl.java:43)
	at jdk.proxy2/jdk.proxy2.$Proxy50.execute(Unknown Source)
	at com.kms.katalon.core.webui.model.SeleniumActionRetryController.performAction(SeleniumActionRetryController.java:96)
	at com.kms.katalon.core.webui.model.SeleniumActionRetryController.performAction(SeleniumActionRetryController.java:83)
	at com.kms.katalon.core.webui.keyword.internal.WebUIKeywordMain$_runKeywordUntilTimeout_closure2.doCall(WebUIKeywordMain.groovy:155)
	at com.kms.katalon.core.webui.keyword.internal.WebUIKeywordMain$_runKeywordUntilTimeout_closure2.call(WebUIKeywordMain.groovy)
	at com.kms.katalon.core.webui.keyword.internal.WebUIKeywordMain.runKeyword(WebUIKeywordMain.groovy:41)
	... 24 more

2026-01-29 15:25:07.274 INFO  c.k.katalon.core.main.TestCaseExecutor   - END Test Cases/ProhanceWeb/Organization Settings/Activity DashBoard/ActivityDashBoard
2026-01-29 15:25:07.278 INFO  c.k.katalon.core.main.TestCaseExecutor   - --------------------
2026-01-29 15:25:07.278 INFO  c.k.katalon.core.main.TestCaseExecutor   - START Test Cases/ProhanceWeb/LogOut_Page/LogOut
2026-01-29 15:25:07.388 DEBUG testcase.LogOut                          - 1: try
2026-01-29 15:25:07.390 DEBUG testcase.LogOut                          - 1: waitForElementPresent(findTestObject("Object Repository/Logout/userProfileIcon"), Delay)
2026-01-29 15:25:12.403 WARN  c.k.k.c.w.h.s.WebUIScreenCaptor          - Cannot take screenshot
2026-01-29 15:25:12.405 ERROR c.k.k.core.keyword.internal.KeywordMain  - ❌ Unable to wait for object 'Object Repository/Logout/userProfileIcon' to be present (Root cause: com.kms.katalon.core.exception.StepFailedException: Unable to wait for object 'Object Repository/Logout/userProfileIcon' to be present
	at com.kms.katalon.core.webui.keyword.internal.WebUIKeywordMain.stepFailed(WebUIKeywordMain.groovy:177)
	at com.kms.katalon.core.webui.keyword.internal.WebUIKeywordMain.runKeyword(WebUIKeywordMain.groovy:49)
	at com.kms.katalon.core.webui.keyword.internal.WebUIKeywordMain.runKeywordUntilTimeout(WebUIKeywordMain.groovy:152)
	at com.kms.katalon.core.webui.keyword.builtin.WaitForElementPresentKeyword.waitForElementPresent(WaitForElementPresentKeyword.groovy:68)
	at com.kms.katalon.core.webui.keyword.builtin.WaitForElementPresentKeyword.execute(WaitForElementPresentKeyword.groovy:38)
	at com.kms.katalon.core.keyword.internal.KeywordExecutor.executeKeywordForPlatform(KeywordExecutor.groovy:90)
	at com.kms.katalon.core.webui.keyword.WebUiBuiltInKeywords.waitForElementPresent(WebUiBuiltInKeywords.groovy:423)
	at LogOut.run(LogOut:23)
	at com.kms.katalon.core.main.ScriptEngine.run(ScriptEngine.java:194)
	at com.kms.katalon.core.main.ScriptEngine.runScriptAsRawText(ScriptEngine.java:119)
	at com.kms.katalon.core.main.TestCaseExecutor.runScript(TestCaseExecutor.java:490)
	at com.kms.katalon.core.main.TestCaseExecutor.doExecute(TestCaseExecutor.java:481)
	at com.kms.katalon.core.main.TestCaseExecutor.processExecutionPhase(TestCaseExecutor.java:460)
	at com.kms.katalon.core.main.TestCaseExecutor.accessMainPhase(TestCaseExecutor.java:452)
	at com.kms.katalon.core.main.TestCaseExecutor.execute(TestCaseExecutor.java:322)
	at com.kms.katalon.core.common.CommonExecutor.accessTestCaseMainPhase(CommonExecutor.java:71)
	at com.kms.katalon.core.main.TestSuiteExecutor.accessTestSuiteMainPhase(TestSuiteExecutor.java:153)
	at com.kms.katalon.core.main.TestSuiteExecutor.execute(TestSuiteExecutor.java:110)
	at com.kms.katalon.core.main.TestCaseMain.startTestSuite(TestCaseMain.java:205)
	at TempTestSuite1769680312736.run(TempTestSuite1769680312736.groovy:35)
	at java.base/jdk.internal.reflect.NativeMethodAccessorImpl.invoke0(Native Method)
	at java.base/jdk.internal.reflect.NativeMethodAccessorImpl.invoke(NativeMethodAccessorImpl.java:77)
	at java.base/jdk.internal.reflect.DelegatingMethodAccessorImpl.invoke(DelegatingMethodAccessorImpl.java:43)
Caused by: org.openqa.selenium.NoSuchWindowException: no such window: target window already closed
from unknown error: web view not found
  (Session info: chrome=144.0.7559.98)
Build info: version: '4.34.0', revision: '707dcb4246*'
System info: os.name: 'Windows 11', os.arch: 'amd64', os.version: '10.0', java.version: '17.0.14'
Driver info: com.kms.katalon.selenium.driver.CChromeDriver
Command: [b8aa4695017c535b226f395e7f306b39, findElements {value=//a[@id='userProfileDropdown'], using=xpath}]
Capabilities {acceptInsecureCerts: false, browserName: chrome, browserVersion: 144.0.7559.98, chrome: {chromedriverVersion: 144.0.7559.96 (d7b80622cfab..., userDataDir: C:\Users\gopal.s\AppData\Lo...}, fedcm:accounts: true, goog:chromeOptions: {debuggerAddress: localhost:53259}, goog:processID: 28192, networkConnectionEnabled: false, pageLoadStrategy: normal, platformName: windows, proxy: Proxy(), se:cdp: ws://localhost:53259/devtoo..., se:cdpVersion: 144.0.7559.98, setWindowRect: true, strictFileInteractability: false, timeouts: {implicit: 0, pageLoad: 300000, script: 30000}, unhandledPromptBehavior: {alert: ignore, beforeUnload: ignore, confirm: ignore, default: ignore, file: ignore, prompt: ignore}, webSocketUrl: ws://localhost:34718/sessio..., webauthn:extension:credBlob: true, webauthn:extension:largeBlob: true, webauthn:extension:minPinLength: true, webauthn:extension:prf: true, webauthn:virtualAuthenticators: true}
Session ID: b8aa4695017c535b226f395e7f306b39
	at jdk.internal.reflect.GeneratedConstructorAccessor40.newInstance(Unknown Source)
	at java.base/jdk.internal.reflect.DelegatingConstructorAccessorImpl.newInstance(DelegatingConstructorAccessorImpl.java:45)
	at org.openqa.selenium.remote.ErrorCodec.decode(ErrorCodec.java:167)
	at org.openqa.selenium.remote.codec.w3c.W3CHttpResponseCodec.decode(W3CHttpResponseCodec.java:138)
	at org.openqa.selenium.remote.codec.w3c.W3CHttpResponseCodec.decode(W3CHttpResponseCodec.java:50)
	at org.openqa.selenium.remote.HttpCommandExecutor.execute(HttpCommandExecutor.java:215)
	at org.openqa.selenium.remote.service.DriverCommandExecutor.invokeExecute(DriverCommandExecutor.java:216)
	at org.openqa.selenium.remote.service.DriverCommandExecutor.execute(DriverCommandExecutor.java:174)
	at org.openqa.selenium.remote.RemoteWebDriver.execute(RemoteWebDriver.java:544)
	at org.openqa.selenium.remote.ElementLocation$ElementFinder$2.findElements(ElementLocation.java:182)
	at org.openqa.selenium.remote.ElementLocation.findElements(ElementLocation.java:103)
	at org.openqa.selenium.remote.RemoteWebDriver.findElements(RemoteWebDriver.java:380)
	at org.openqa.selenium.remote.RemoteWebDriver.findElements(RemoteWebDriver.java:374)
	at jdk.internal.reflect.GeneratedMethodAccessor16.invoke(Unknown Source)
	at java.base/jdk.internal.reflect.DelegatingMethodAccessorImpl.invoke(DelegatingMethodAccessorImpl.java:43)
	at org.openqa.selenium.support.decorators.WebDriverDecorator.call(WebDriverDecorator.java:315)
	at org.openqa.selenium.support.decorators.DefaultDecorated.call(DefaultDecorated.java:48)
	at org.openqa.selenium.support.decorators.WebDriverDecorator.lambda$createProxyFactory$3(WebDriverDecorator.java:405)
	at org.openqa.selenium.remote.RemoteWebDriver$ByteBuddy$5ogmnMEq.findElements(Unknown Source)
	at com.kms.katalon.core.webui.model.WebUiElementFinder.findElementByNormalMethods(WebUiElementFinder.java:185)
	at com.kms.katalon.core.webui.model.WebUiElementFinder.findElementsBySelectedMethod(WebUiElementFinder.java:91)
	at com.kms.katalon.core.webui.model.WebUiElementFinder.findElementsBySelectedMethod(WebUiElementFinder.java:74)
	at com.kms.katalon.core.webui.model.WebUiElementFinder.findElementsBySelectedMethod(WebUiElementFinder.java:69)
	at com.kms.katalon.core.webui.model.WebUiElementFinder.findElement(WebUiElementFinder.java:43)
	at com.kms.katalon.core.webui.model.WebUiElementFinderWithTimeout.basicFindElement(WebUiElementFinderWithTimeout.java:50)
	at com.kms.katalon.core.webui.model.WebUiElementFinderWithTimeout.lambda$0(WebUiElementFinderWithTimeout.java:29)
	at com.kms.katalon.core.webui.model.SeleniumActionRetryController.performAction(SeleniumActionRetryController.java:96)
	at com.kms.katalon.core.webui.model.SeleniumActionRetryController.performAction(SeleniumActionRetryController.java:83)
	at com.kms.katalon.core.webui.model.WebUiElementFinderWithTimeout.findElement(WebUiElementFinderWithTimeout.java:28)
	at com.kms.katalon.core.webui.keyword.internal.WebUIAbstractKeyword$_findWebElement_closure2.doCall(WebUIAbstractKeyword.groovy:104)
	at jdk.internal.reflect.GeneratedMethodAccessor19.invoke(Unknown Source)
	at java.base/jdk.internal.reflect.DelegatingMethodAccessorImpl.invoke(DelegatingMethodAccessorImpl.java:43)
	at jdk.proxy2/jdk.proxy2.$Proxy50.execute(Unknown Source)
	at com.kms.katalon.core.webui.model.SeleniumActionRetryController.performAction(SeleniumActionRetryController.java:96)
	at com.kms.katalon.core.webui.model.SeleniumActionRetryController.performAction(SeleniumActionRetryController.java:83)
	at com.kms.katalon.core.webui.model.SeleniumActionRetryController.retry(SeleniumActionRetryController.java:49)
	at com.kms.katalon.core.webui.model.SeleniumActionRetryController.retry(SeleniumActionRetryController.java:44)
	at com.kms.katalon.core.webui.keyword.internal.WebUIAbstractKeyword.findWebElement(WebUIAbstractKeyword.groovy:101)
	at com.kms.katalon.core.webui.keyword.builtin.WaitForElementPresentKeyword$_waitForElementPresent_closure1.doCall(WaitForElementPresentKeyword.groovy:54)
	at java.base/jdk.internal.refl2026-01-29 15:25:12.409 DEBUG testcase.LogOut                          - 2: catch (Exception e)
2026-01-29 15:25:12.412 DEBUG testcase.LogOut                          - 1: markError("Logout Failure : " + e.getMessage())
ect.NativeMethodAccessorImpl.invoke0(Native Method)
	at java.base/jdk.internal.reflect.NativeMethodAccessorImpl.invoke(NativeMethodAccessorImpl.java:77)
	at java.base/jdk.internal.reflect.DelegatingMethodAccessorImpl.invoke(DelegatingMethodAccessorImpl.java:43)
	at jdk.proxy2/jdk.proxy2.$Proxy50.execute(Unknown Source)
	at com.kms.katalon.core.webui.model.SeleniumActionRetryController.performAction(SeleniumActionRetryController.java:96)
	at com.kms.katalon.core.webui.model.SeleniumActionRetryController.performAction(SeleniumActionRetryController.java:83)
	at com.kms.katalon.core.webui.keyword.internal.WebUIKeywordMain$_runKeywordUntilTimeout_closure2.doCall(WebUIKeywordMain.groovy:155)
	at com.kms.katalon.core.webui.keyword.internal.WebUIKeywordMain$_runKeywordUntilTimeout_closure2.call(WebUIKeywordMain.groovy)
	at com.kms.katalon.core.webui.keyword.internal.WebUIKeywordMain.runKeyword(WebUIKeywordMain.groovy:41)
	at com.kms.katalon.core.webui.keyword.internal.WebUIKeywordMain.runKeywordUntilTimeout(WebUIKeywordMain.groovy:152)
	at com.kms.katalon.core.webui.keyword.builtin.WaitForElementPresentKeyword.waitForElementPresent(WaitForElementPresentKeyword.groovy:68)
	at com.kms.katalon.core.webui.keyword.builtin.WaitForElementPresentKeyword.execute(WaitForElementPresentKeyword.groovy:38)
	at com.kms.katalon.core.keyword.internal.KeywordExecutor.executeKeywordForPlatform(KeywordExecutor.groovy:90)
	at com.kms.katalon.core.webui.keyword.WebUiBuiltInKeywords.waitForElementPresent(WebUiBuiltInKeywords.groovy:423)
	at Script1767513449298.run(Script1767513449298.groovy:23)
	... 15 more
)
2026-01-29 15:25:12.427 ERROR c.k.katalon.core.main.TestCaseExecutor   - ❌ Test Cases/ProhanceWeb/LogOut_Page/LogOut FAILED.
Reason:
com.kms.katalon.core.exception.StepErrorException: Logout Failure : Unable to wait for object 'Object Repository/Logout/userProfileIcon' to be present
	at com.kms.katalon.core.util.KeywordUtil.markError(KeywordUtil.java:67)
	at LogOut.run(LogOut:32)
	at com.kms.katalon.core.main.ScriptEngine.run(ScriptEngine.java:194)
	at com.kms.katalon.core.main.ScriptEngine.runScriptAsRawText(ScriptEngine.java:119)
	at com.kms.katalon.core.main.TestCaseExecutor.runScript(TestCaseExecutor.java:490)
	at com.kms.katalon.core.main.TestCaseExecutor.doExecute(TestCaseExecutor.java:481)
	at com.kms.katalon.core.main.TestCaseExecutor.processExecutionPhase(TestCaseExecutor.java:460)
	at com.kms.katalon.core.main.TestCaseExecutor.accessMainPhase(TestCaseExecutor.java:452)
	at com.kms.katalon.core.main.TestCaseExecutor.execute(TestCaseExecutor.java:322)
	at com.kms.katalon.core.common.CommonExecutor.accessTestCaseMainPhase(CommonExecutor.java:71)
	at com.kms.katalon.core.main.TestSuiteExecutor.accessTestSuiteMainPhase(TestSuiteExecutor.java:153)
	at com.kms.katalon.core.main.TestSuiteExecutor.execute(TestSuiteExecutor.java:110)
	at com.kms.katalon.core.main.TestCaseMain.startTestSuite(TestCaseMain.java:205)
	at TempTestSuite1769680312736.run(TempTestSuite1769680312736.groovy:35)
	at java.base/jdk.internal.reflect.NativeMethodAccessorImpl.invoke0(Native Method)
	at java.base/jdk.internal.reflect.NativeMethodAccessorImpl.invoke(NativeMethodAccessorImpl.java:77)
	at java.base/jdk.internal.reflect.DelegatingMethodAccessorImpl.invoke(DelegatingMethodAccessorImpl.java:43)

2026-01-29 15:25:12.429 ERROR c.k.katalon.core.main.TestCaseExecutor   - ❌ Test Cases/ProhanceWeb/LogOut_Page/LogOut FAILED.
Reason:
com.kms.katalon.core.exception.StepErrorException: Logout Failure : Unable to wait for object 'Object Repository/Logout/userProfileIcon' to be present
	at com.kms.katalon.core.util.KeywordUtil.markError(KeywordUtil.java:67)
	at LogOut.run(LogOut:32)
	at com.kms.katalon.core.main.ScriptEngine.run(ScriptEngine.java:194)
	at com.kms.katalon.core.main.ScriptEngine.runScriptAsRawText(ScriptEngine.java:119)
	at com.kms.katalon.core.main.TestCaseExecutor.runScript(TestCaseExecutor.java:490)
	at com.kms.katalon.core.main.TestCaseExecutor.doExecute(TestCaseExecutor.java:481)
	at com.kms.katalon.core.main.TestCaseExecutor.processExecutionPhase(TestCaseExecutor.java:460)
	at com.kms.katalon.core.main.TestCaseExecutor.accessMainPhase(TestCaseExecutor.java:452)
	at com.kms.katalon.core.main.TestCaseExecutor.execute(TestCaseExecutor.java:322)
	at com.kms.katalon.core.common.CommonExecutor.accessTestCaseMainPhase(CommonExecutor.java:71)
	at com.kms.katalon.core.main.TestSuiteExecutor.accessTestSuiteMainPhase(TestSuiteExecutor.java:153)
	at com.kms.katalon.core.main.TestSuiteExecutor.execute(TestSuiteExecutor.java:110)
	at com.kms.katalon.core.main.TestCaseMain.startTestSuite(TestCaseMain.java:205)
	at TempTestSuite1769680312736.run(TempTestSuite1769680312736.groovy:35)
	at java.base/jdk.internal.reflect.NativeMethodAccessorImpl.invoke0(Native Method)
	at java.base/jdk.internal.reflect.NativeMethodAccessorImpl.invoke(NativeMethodAccessorImpl.java:77)
	at java.base/jdk.internal.reflect.DelegatingMethodAccessorImpl.invoke(DelegatingMethodAccessorImpl.java:43)

2026-01-29 15:25:12.431 INFO  c.k.katalon.core.main.TestCaseExecutor   - END Test Cases/ProhanceWeb/LogOut_Page/LogOut
2026-01-29 15:25:12.434 INFO  c.k.katalon.core.main.TestCaseExecutor   - --------------------
2026-01-29 15:25:12.434 INFO  c.k.katalon.core.main.TestCaseExecutor   - START Test Cases/ProhanceWeb/LogOut_Page/LogOut
2026-01-29 15:25:12.464 DEBUG testcase.LogOut                          - 1: try
2026-01-29 15:25:12.465 DEBUG testcase.LogOut                          - 1: waitForElementPresent(findTestObject("Object Repository/Logout/userProfileIcon"), Delay)
2026-01-29 15:25:17.479 WARN  c.k.k.c.w.h.s.WebUIScreenCaptor          - Cannot take screenshot
2026-01-29 15:25:17.481 ERROR c.k.k.core.keyword.internal.KeywordMain  - ❌ Unable to wait for object 'Object Repository/Logout/userProfileIcon' to be present (Root cause: com.kms.katalon.core.exception.StepFailedException: Unable to wait for object 'Object Repository/Logout/userProfileIcon' to be present
	at com.kms.katalon.core.webui.keyword.internal.WebUIKeywordMain.stepFailed(WebUIKeywordMain.groovy:177)
	at com.kms.katalon.core.webui.keyword.internal.WebUIKeywordMain.runKeyword(WebUIKeywordMain.groovy:49)
	at com.kms.katalon.core.webui.keyword.internal.WebUIKeywordMain.runKeywordUntilTimeout(WebUIKeywordMain.groovy:152)
	at com.kms.katalon.core.webui.keyword.builtin.WaitForElementPresentKeyword.waitForElementPresent(WaitForElementPresentKeyword.groovy:68)
	at com.kms.katalon.core.webui.keyword.builtin.WaitForElementPresentKeyword.execute(WaitForElementPresentKeyword.groovy:38)
	at com.kms.katalon.core.keyword.internal.KeywordExecutor.executeKeywordForPlatform(KeywordExecutor.groovy:90)
	at com.kms.katalon.core.webui.keyword.WebUiBuiltInKeywords.waitForElementPresent(WebUiBuiltInKeywords.groovy:423)
	at LogOut.run(LogOut:23)
	at com.kms.katalon.core.main.ScriptEngine.run(ScriptEngine.java:194)
	at com.kms.katalon.core.main.ScriptEngine.runScriptAsRawText(ScriptEngine.java:119)
	at com.kms.katalon.core.main.TestCaseExecutor.runScript(TestCaseExecutor.java:490)
	at com.kms.katalon.core.main.TestCaseExecutor.doExecute(TestCaseExecutor.java:481)
	at com.kms.katalon.core.main.TestCaseExecutor.processExecutionPhase(TestCaseExecutor.java:460)
	at com.kms.katalon.core.main.TestCaseExecutor.accessMainPhase(TestCaseExecutor.java:452)
	at com.kms.katalon.core.main.TestCaseExecutor.execute(TestCaseExecutor.java:322)
	at com.kms.katalon.core.main.TestCaseExecutor.execute(TestCaseExecutor.java:410)
	at com.kms.katalon.core.common.CommonExecutor.accessTestCaseMainPhase(CommonExecutor.java:71)
	at com.kms.katalon.core.main.TestSuiteExecutor.accessTestSuiteMainPhase(TestSuiteExecutor.java:153)
	at com.kms.katalon.core.main.TestSuiteExecutor.execute(TestSuiteExecutor.java:110)
	at com.kms.katalon.core.main.TestCaseMain.startTestSuite(TestCaseMain.java:205)
	at TempTestSuite1769680312736.run(TempTestSuite1769680312736.groovy:35)
	at java.base/jdk.internal.reflect.NativeMethodAccessorImpl.invoke0(Native Method)
	at java.base/jdk.internal.reflect.NativeMethodAccessorImpl.invoke(NativeMethodAccessorImpl.java:77)
	at java.base/jdk.internal.reflect.DelegatingMethodAccessorImpl.invoke(DelegatingMethodAccessorImpl.java:43)
Caused by: org.openqa.selenium.NoSuchWindowException: no such window: target window already closed
from unknown error: web view not found
  (Session info: chrome=144.0.7559.98)
Build info: version: '4.34.0', revision: '707dcb4246*'
System info: os.name: 'Windows 11', os.arch: 'amd64', os.version: '10.0', java.version: '17.0.14'
Driver info: com.kms.katalon.selenium.driver.CChromeDriver
Command: [b8aa4695017c535b226f395e7f306b39, findElements {value=//a[@id='userProfileDropdown'], using=xpath}]
Capabilities {acceptInsecureCerts: false, browserName: chrome, browserVersion: 144.0.7559.98, chrome: {chromedriverVersion: 144.0.7559.96 (d7b80622cfab..., userDataDir: C:\Users\gopal.s\AppData\Lo...}, fedcm:accounts: true, goog:chromeOptions: {debuggerAddress: localhost:53259}, goog:processID: 28192, networkConnectionEnabled: false, pageLoadStrategy: normal, platformName: windows, proxy: Proxy(), se:cdp: ws://localhost:53259/devtoo..., se:cdpVersion: 144.0.7559.98, setWindowRect: true, strictFileInteractability: false, timeouts: {implicit: 0, pageLoad: 300000, script: 30000}, unhandledPromptBehavior: {alert: ignore, beforeUnload: ignore, confirm: ignore, default: ignore, file: ignore, prompt: ignore}, webSocketUrl: ws://localhost:34718/sessio..., webauthn:extension:credBlob: true, webauthn:extension:largeBlob: true, webauthn:extension:minPinLength: true, webauthn:extension:prf: true, webauthn:virtualAuthenticators: true}
Session ID: b8aa4695017c535b226f395e7f306b39
	at jdk.internal.reflect.GeneratedConstructorAccessor40.newInstance(Unknown Source)
	at java.base/jdk.internal.reflect.DelegatingConstructorAccessorImpl.newInstance(DelegatingConstructorAccessorImpl.java:45)
	at org.openqa.selenium.remote.ErrorCodec.decode(ErrorCodec.java:167)
	at org.openqa.selenium.remote.codec.w3c.W3CHttpResponseCodec.decode(W3CHttpResponseCodec.java:138)
	at org.openqa.selenium.remote.codec.w3c.W3CHttpResponseCodec.decode(W3CHttpResponseCodec.java:50)
	at org.openqa.selenium.remote.HttpCommandExecutor.execute(HttpCommandExecutor.java:215)
	at org.openqa.selenium.remote.service.DriverCommandExecutor.invokeExecute(DriverCommandExecutor.java:216)
	at org.openqa.selenium.remote.service.DriverCommandExecutor.execute(DriverCommandExecutor.java:174)
	at org.openqa.selenium.remote.RemoteWebDriver.execute(RemoteWebDriver.java:544)
	at org.openqa.selenium.remote.ElementLocation$ElementFinder$2.findElements(ElementLocation.java:182)
	at org.openqa.selenium.remote.ElementLocation.findElements(ElementLocation.java:103)
	at org.openqa.selenium.remote.RemoteWebDriver.findElements(RemoteWebDriver.java:380)
	at org.openqa.selenium.remote.RemoteWebDriver.findElements(RemoteWebDriver.java:374)
	at jdk.internal.reflect.GeneratedMethodAccessor16.invoke(Unknown Source)
	at java.base/jdk.internal.reflect.DelegatingMethodAccessorImpl.invoke(DelegatingMethodAccessorImpl.java:43)
	at org.openqa.selenium.support.decorators.WebDriverDecorator.call(WebDriverDecorator.java:315)
	at org.openqa.selenium.support.decorators.DefaultDecorated.call(DefaultDecorated.java:48)
	at org.openqa.selenium.support.decorators.WebDriverDecorator.lambda$createProxyFactory$3(WebDriverDecorator.java:405)
	at org.openqa.selenium.remote.RemoteWebDriver$ByteBuddy$5ogmnMEq.findElements(Unknown Source)
	at com.kms.katalon.core.webui.model.WebUiElementFinder.findElementByNormalMethods(WebUiElementFinder.java:185)
	at com.kms.katalon.core.webui.model.WebUiElementFinder.findElementsBySelectedMethod(WebUiElementFinder.java:91)
	at com.kms.katalon.core.webui.model.WebUiElementFinder.findElementsBySelectedMethod(WebUiElementFinder.java:74)
	at com.kms.katalon.core.webui.model.WebUiElementFinder.findElementsBySelectedMethod(WebUiElementFinder.java:69)
	at com.kms.katalon.core.webui.model.WebUiElementFinder.findElement(WebUiElementFinder.java:43)
	at com.kms.katalon.core.webui.model.WebUiElementFinderWithTimeout.basicFindElement(WebUiElementFinderWithTimeout.java:50)
	at com.kms.katalon.core.webui.model.WebUiElementFinderWithTimeout.lambda$0(WebUiElementFinderWithTimeout.java:29)
	at com.kms.katalon.core.webui.model.SeleniumActionRetryController.performAction(SeleniumActionRetryController.java:96)
	at com.kms.katalon.core.webui.model.SeleniumActionRetryController.performAction(SeleniumActionRetryController.java:83)
	at com.kms.katalon.core.webui.model.WebUiElementFinderWithTimeout.findElement(WebUiElementFinderWithTimeout.java:28)
	at com.kms.katalon.core.webui.keyword.internal.WebUIAbstractKeyword$_findWebElement_closure2.doCall(WebUIAbstractKeyword.groovy:104)
	at jdk.internal.reflect.GeneratedMethodAccessor19.invoke(Unknown Source)
	at java.base/jdk.internal.reflect.DelegatingMethodAccessorImpl.invoke(DelegatingMethodAccessorImpl.java:43)
	at jdk.proxy2/jdk.proxy2.$Proxy50.execute(Unknown Source)
	at com.kms.katalon.core.webui.model.SeleniumActionRetryController.performAction(SeleniumActionRetryController.java:96)
	at com.kms.katalon.core.webui.model.SeleniumActionRetryController.performAction(SeleniumActionRetryController.java:83)
	at com.kms.katalon.core.webui.model.SeleniumActionRetryController.retry(SeleniumActionRetryController.java:49)
	at com.kms.katalon.core.webui.model.SeleniumActionRetryController.retry(SeleniumActionRetryController.java:44)
	at com.kms.katalon.core.webui.keyword.internal.WebUIAbstractKeyword.findWebElement(WebUIAbstractKeyword.groovy:101)
	at com.kms.katalon.core.webui.keyword.builtin.WaitForElementPresentKeyword$_waitForElementPresent_closure1.doCall(WaitForElementPresentKeyword.groovy:54)
	at java.base/jdk.internal.reflect.NativeMethodAccessorImpl.invoke0(Native Method)
	at java.base/jdk.internal.reflect.NativeMethodAccessorImpl.invoke(NativeMethodAccessorImpl.java:77)
	at java.base/jdk.internal.reflect.DelegatingMethodAccessorImpl.invoke(DelegatingMethodAccessorImpl.java:43)
	at jdk.proxy2/jdk.proxy2.$Proxy50.execute(Unknown Source)
	at com.kms.katalon.core.webui.model.SeleniumActionRetryController.performAction(SeleniumActionRetryController.java:96)
	at com.kms.katalon.core.webui.model.SeleniumActionRetryController.performAction(SeleniumActionRetryController.java:83)
	at com.kms.katalon.core.webui.keyword.internal.WebUIKeywordMain$_runKeywordUntilTimeout_closure2.doCall(WebUIKeywordMain.groovy:155)
	at com.kms.katalon.core.webui.keyword.internal.WebUIKeywordMain$_runKeywordUntilTimeout_closure2.call(WebUIKeywordMain.groovy)
	at com.kms.katalon.core.webui.keyword.internal.WebUIKeywordMain.runKeyword(WebUIKeywordMain.groovy:41)
	at com.kms.katalon.core.webui.keyword.internal.WebUIKeywordMain.runKeywordUntilTimeout(WebUIKeywordMain.groovy:152)
	at com.kms.katalon.core.webui.keyword.builtin.WaitForElementPresentKeyword.waitForElementPresent(WaitForElementPresentKeyword.groovy:68)
	at com.kms.katalon.core.webui.keyword.builtin.WaitForElementPresentKeyword.execute(WaitForElementPresentKeyword.groovy:38)
	at com.kms.katalon.core.keyword.internal.KeywordExecutor.executeKeywordForPlatform(KeywordExecutor.groovy:90)
	at com.kms.katalon.core.webui.keyword.WebUiBuiltInKeywords.waitForElementPresent(WebUiBuiltInKeywords.groovy:423)
	at Script1767513449298.run(Script1767513449298.groovy:23)
	... 16 more
)
2026-01-29 15:25:17.485 DEBUG testcase.LogOut                          - 2: catch (Exception e)
2026-01-29 15:25:17.487 DEBUG testcase.LogOut                          - 1: markError("Logout Failure : " + e.getMessage())
2026-01-29 15:25:17.488 ERROR c.k.katalon.core.main.TestCaseExecutor   - ❌ Test Cases/ProhanceWeb/LogOut_Page/LogOut FAILED.
Reason:
com.kms.katalon.core.exception.StepErrorException: Logout Failure : Unable to wait for object 'Object Repository/Logout/userProfileIcon' to be present
	at com.kms.katalon.core.util.KeywordUtil.markError(KeywordUtil.java:67)
	at LogOut.run(LogOut:32)
	at com.kms.katalon.core.main.ScriptEngine.run(ScriptEngine.java:194)
	at com.kms.katalon.core.main.ScriptEngine.runScriptAsRawText(ScriptEngine.java:119)
	at com.kms.katalon.core.main.TestCaseExecutor.runScript(TestCaseExecutor.java:490)
	at com.kms.katalon.core.main.TestCaseExecutor.doExecute(TestCaseExecutor.java:481)
	at com.kms.katalon.core.main.TestCaseExecutor.processExecutionPhase(TestCaseExecutor.java:460)
	at com.kms.katalon.core.main.TestCaseExecutor.accessMainPhase(TestCaseExecutor.java:452)
	at com.kms.katalon.core.main.TestCaseExecutor.execute(TestCaseExecutor.java:322)
	at com.kms.katalon.core.main.TestCaseExecutor.execute(TestCaseExecutor.java:410)
	at com.kms.katalon.core.common.CommonExecutor.accessTestCaseMainPhase(CommonExecutor.java:71)
	at com.kms.katalon.core.main.TestSuiteExecutor.accessTestSuiteMainPhase(TestSuiteExecutor.java:153)
	at com.kms.katalon.core.main.TestSuiteExecutor.execute(TestSuiteExecutor.java:110)
	at com.kms.katalon.core.main.TestCaseMain.startTestSuite(TestCaseMain.java:205)
	at TempTestSuite1769680312736.run(TempTestSuite1769680312736.groovy:35)
	at java.base/jdk.internal.reflect.NativeMethodAccessorImpl.invoke0(Native Method)
	at java.base/jdk.internal.reflect.NativeMethodAccessorImpl.invoke(NativeMethodAccessorImpl.java:77)
	at java.base/jdk.internal.reflect.DelegatingMethodAccessorImpl.invoke(DelegatingMethodAccessorImpl.java:43)

2026-01-29 15:25:17.490 ERROR c.k.katalon.core.main.TestCaseExecutor   - ❌ Test Cases/ProhanceWeb/LogOut_Page/LogOut FAILED.
Reason:
com.kms.katalon.core.exception.StepErrorException: Logout Failure : Unable to wait for object 'Object Repository/Logout/userProfileIcon' to be present
	at com.kms.katalon.core.util.KeywordUtil.markError(KeywordUtil.java:67)
	at LogOut.run(LogOut:32)
	at com.kms.katalon.core.main.ScriptEngine.run(ScriptEngine.java:194)
	at com.kms.katalon.core.main.ScriptEngine.runScriptAsRawText(ScriptEngine.java:119)
	at com.kms.katalon.core.main.TestCaseExecutor.runScript(TestCaseExecutor.java:490)
	at com.kms.katalon.core.main.TestCaseExecutor.doExecute(TestCaseExecutor.java:481)
	at com.kms.katalon.core.main.TestCaseExecutor.processExecutionPhase(TestCaseExecutor.java:460)
	at com.kms.katalon.core.main.TestCaseExecutor.accessMainPhase(TestCaseExecutor.java:452)
	at com.kms.katalon.core.main.TestCaseExecutor.execute(TestCaseExecutor.java:322)
	at com.kms.katalon.core.main.TestCaseExecutor.execute(TestCaseExecutor.java:410)
	at com.kms.katalon.core.common.CommonExecutor.accessTestCaseMainPhase(CommonExecutor.java:71)
	at com.kms.katalon.core.main.TestSuiteExecutor.accessTestSuiteMainPhase(TestSuiteExecutor.java:153)
	at com.kms.katalon.core.main.TestSuiteExecutor.execute(TestSuiteExecutor.java:110)
	at com.kms.katalon.core.main.TestCaseMain.startTestSuite(TestCaseMain.java:205)
	at TempTestSuite1769680312736.run(TempTestSuite1769680312736.groovy:35)
	at java.base/jdk.internal.reflect.NativeMethodAccessorImpl.invoke0(Native Method)
	at java.base/jdk.internal.reflect.NativeMethodAccessorImpl.invoke(NativeMethodAccessorImpl.java:77)
	at java.base/jdk.internal.reflect.DelegatingMethodAccessorImpl.invoke(DelegatingMethodAccessorImpl.java:43)

2026-01-29 15:25:17.491 INFO  c.k.katalon.core.main.TestCaseExecutor   - END Test Cases/ProhanceWeb/LogOut_Page/LogOut
2026-01-29 15:25:17.495 INFO  c.k.katalon.core.main.TestCaseExecutor   - --------------------
2026-01-29 15:25:17.495 INFO  c.k.katalon.core.main.TestCaseExecutor   - START Test Cases/ProhanceWeb/LogOut_Page/LogOut
2026-01-29 15:25:17.509 DEBUG testcase.LogOut                          - 1: try
2026-01-29 15:25:17.509 DEBUG testcase.LogOut                          - 1: waitForElementPresent(findTestObject("Object Repository/Logout/userProfileIcon"), Delay)
2026-01-29 15:25:22.524 WARN  c.k.k.c.w.h.s.WebUIScreenCaptor          - Cannot take screenshot
2026-01-29 15:25:22.527 ERROR c.k.k.core.keyword.internal.KeywordMain  - ❌ Unable to wait for object 'Object Repository/Logout/userProfileIcon' to be present (Root cause: com.kms.katalon.core.exception.StepFailedException: Unable to wait for object 'Object Repository/Logout/userProfileIcon' to be present
	at com.kms.katalon.core.webui.keyword.internal.WebUIKeywordMain.stepFailed(WebUIKeywordMain.groovy:177)
	at com.kms.katalon.core.webui.keyword.internal.WebUIKeywordMain.runKeyword(WebUIKeywordMain.groovy:49)
	at com.kms.katalon.core.webui.keyword.internal.WebUIKeywordMain.runKeywordUntilTimeout(WebUIKeywordMain.groovy:152)
	at com.kms.katalon.core.webui.keyword.builtin.WaitForElementPresentKeyword.waitForElementPresent(WaitForElementPresentKeyword.groovy:68)
	at com.kms.katalon.core.webui.keyword.builtin.WaitForElementPresentKeyword.execute(WaitForElementPresentKeyword.groovy:38)
	at com.kms.katalon.core.keyword.internal.KeywordExecutor.executeKeywordForPlatform(KeywordExecutor.groovy:90)
	at com.kms.katalon.core.webui.keyword.WebUiBuiltInKeywords.waitForElementPresent(WebUiBuiltInKeywords.groovy:423)
	at LogOut.run(LogOut:23)
	at com.kms.katalon.core.main.ScriptEngine.run(ScriptEngine.java:194)
	at com.kms.katalon.core.main.ScriptEngine.runScriptAsRawText(ScriptEngine.java:119)
	at com.kms.katalon.core.main.TestCaseExecutor.runScript(TestCaseExecutor.java:490)
	at com.kms.katalon.core.main.TestCaseExecutor.doExecute(TestCaseExecutor.java:481)
	at com.kms.katalon.core.main.TestCaseExecutor.processExecutionPhase(TestCaseExecutor.java:460)
	at com.kms.katalon.core.main.TestCaseExecutor.accessMainPhase(TestCaseExecutor.java:452)
	at com.kms.katalon.core.main.TestCaseExecutor.execute(TestCaseExecutor.java:322)
	at com.kms.katalon.core.main.TestCaseExecutor.execute(TestCaseExecutor.java:410)
	at com.kms.katalon.core.main.TestCaseExecutor.execute(TestCaseExecutor.java:410)
	at com.kms.katalon.core.common.CommonExecutor.accessTestCaseMainPhase(CommonExecutor.java:71)
	at com.kms.katalon.core.main.TestSuiteExecutor.accessTestSuiteMainPhase(TestSuiteExecutor.java:153)
	at com.kms.katalon.core.main.TestSuiteExecutor.execute(TestSuiteExecutor.java:110)
	at com.kms.katalon.core.main.TestCaseMain.startTestSuite(TestCaseMain.java:205)
	at TempTestSuite1769680312736.run(TempTestSuite1769680312736.groovy:35)
	at java.base/jdk.internal.reflect.NativeMethodAccessorImpl.invoke0(Native Method)
	at java.base/jdk.internal.reflect.NativeMethodAccessorImpl.invoke(NativeMethodAccessorImpl.java:77)
	at java.base/jdk.internal.reflect.DelegatingMethodAccessorImpl.invoke(DelegatingMethodAccessorImpl.java:43)
Caused by: org.openqa.selenium.NoSuchWindowException: no such window: target window already closed
from unknown error: web view not found
  (Session info: chrome=144.0.7559.98)
Build info: version: '4.34.0', revision: '707dcb4246*'
System info: os.name: 'Windows 11', os.arch: 'amd64', os.version: '10.0', java.version: '17.0.14'
Driver info: com.kms.katalon.selenium.driver.CChromeDriver
Command: [b8aa4695017c535b226f395e7f306b39, findElements {value=//a[@id='userProfileDropdown'], using=xpath}]
Capabilities {acceptInsecureCerts: false, browserName: chrome, browserVersion: 144.0.7559.98, chrome: {chromedriverVersion: 144.0.7559.96 (d7b80622cfab..., userDataDir: C:\Users\gopal.s\AppData\Lo...}, fedcm:accounts: true, goog:chromeOptions: {debuggerAddress: localhost:53259}, goog:processID: 28192, networkConnectionEnabled: false, pageLoadStrategy: normal, platformName: windows, proxy: Proxy(), se:cdp: ws://localhost:53259/devtoo..., se:cdpVersion: 144.0.7559.98, setWindowRect: true, strictFileInteractability: false, timeouts: {implicit: 0, pageLoad: 300000, script: 30000}, unhandledPromptBehavior: {alert: ignore, beforeUnload: ignore, confirm: ignore, default: ignore, file: ignore, prompt: ignore}, webSocketUrl: ws://localhost:34718/sessio..., webauthn:extension:credBlob: true, webauthn:extension:largeBlob: true, webauthn:extension:minPinLength: true, webauthn:extension:prf: true, webauthn:virtualAuthenticators: true}
Session ID: b8aa4695017c535b226f395e7f306b39
	at jdk.internal.reflect.GeneratedConstructorAccessor40.newInstance(Unknown Source)
	at java.base/jdk.internal.reflect.DelegatingConstructorAccessorImpl.newInstance(DelegatingConstructorAccessorImpl.java:45)
	at org.openqa.selenium.remote.ErrorCodec.decode(ErrorCodec.java:167)
	at org.openqa.selenium.remote.codec.w3c.W3CHttpResponseCodec.decode(W3CHttpResponseCodec.java:138)
	at org.openqa.selenium.remote.codec.w3c.W3CHttpResponseCodec.decode(W3CHttpResponseCodec.java:50)
	at org.openqa.selenium.remote.HttpCommandExecutor.execute(HttpCommandExecutor.java:215)
	at org.openqa.selenium.remote.service.DriverCommandExecutor.invokeExecute(DriverCommandExecutor.java:216)
	at org.openqa.selenium.remote.service.DriverCommandExecutor.execute(DriverCommandExecutor.java:174)
	at org.openqa.selenium.remote.RemoteWebDriver.execute(RemoteWebDriver.java:544)
	at org.openqa.selenium.remote.ElementLocation$ElementFinder$2.findElements(ElementLocation.java:182)
	at org.openqa.selenium.remote.ElementLocation.findElements(ElementLocation.java:103)
	at org.openqa.selenium.remote.RemoteWebDriver.findElements(RemoteWebDriver.java:380)
	at org.openqa.selenium.remote.RemoteWebDriver.findElements(RemoteWebDriver.java:374)
	at jdk.internal.reflect.GeneratedMethodAccessor16.invoke(Unknown Source)
	at java.base/jdk.internal.reflect.DelegatingMethodAccessorImpl.invoke(DelegatingMethodAccessorImpl.java:43)
	at org.openqa.selenium.support.decorators.WebDriverDecorator.call(WebDriverDecorator.java:315)
	at org.openqa.selenium.support.decorators.DefaultDecorated.call(DefaultDecorated.java:48)
	at org.openqa.selenium.support.decorators.WebDriverDecorator.lambda$createProxyFactory$3(WebDriverDecorator.java:405)
	at org.openqa.selenium.remote.RemoteWebDriver$ByteBuddy$5ogmnMEq.findElements(Unknown Source)
	at com.kms.katalon.core.webui.model.WebUiElementFinder.findElementByNormalMethods(WebUiElementFinder.java:185)
	at com.kms.katalon.core.webui.model.WebUiElementFinder.findElementsBySelectedMethod(WebUiElementFinder.java:91)
	at com.kms.katalon.core.webui.model.WebUiElementFinder.findElementsBySelectedMethod(WebUiElementFinder.java:74)
	at com.kms.katalon.core.webui.model.WebUiElementFinder.findElementsBySelectedMethod(WebUiElementFinder.java:69)
	at com.kms.katalon.core.webui.model.WebUiElementFinder.findElement(WebUiElementFinder.java:43)
	at com.kms.katalon.core.webui.model.WebUiElementFinderWithTimeout.basicFindElement(WebUiElementFinderWithTimeout.java:50)
	at com.kms.katalon.core.webui.model.WebUiElementFinderWithTimeout.lambda$0(WebUiElementFinderWithTimeout.java:29)
	at com.kms.katalon.core.webui.model.SeleniumActionRetryController.performAction(SeleniumActionRetryController.java:96)
	at com.kms.katalon.core.webui.model.SeleniumActionRetryController.performAction(SeleniumActionRetryController.java:83)
	at com.kms.katalon.core.webui.model.WebUiElementFinderWithTimeout.findElement(WebUiElementFinderWithTimeout.java:28)
	at com.kms.katalon.core.webui.keyword.internal.WebUIAbstractKeyword$_findWebElement_closure2.doCall(WebUIAbstractKeyword.groovy:104)
	at jdk.internal.reflect.GeneratedMethodAccessor19.invoke(Unknown Source)
	at java.base/jdk.internal.reflect.DelegatingMethodAccessorImpl.invoke(DelegatingMethodAccessorImpl.java:43)
	at jdk.proxy2/jdk.proxy2.$Proxy50.execute(Unknown Source)
	at com.kms.katalon.core.webui.model.SeleniumActionRetryController.performAction(SeleniumActionRetryController.java:96)
	at com.kms.katalon.core.webui.model.SeleniumActionRetryController.performAction(SeleniumActionRetryController.java:83)
	at com.kms.katalon.core.webui.model.SeleniumActionRetryController.retry(SeleniumActionRetryController.java:49)
	at com.kms.katalon.core.webui.model.SeleniumActionRetryController.retry(SeleniumActionRetryController.java:44)
	at com.kms.katalon.core.webui.keyword.internal.WebUIAbstractKeyword.findWebElement(WebUIAbstractKeyword.groovy:101)
	at com.kms.katalon.core.webui.keyword.builtin.WaitForElementPresentKeyword$_waitForElementPresent_closure1.doCall(WaitForElementPresentKeyword.groovy:54)
	at java.base/jdk.internal.reflect.NativeMethodAccessorImpl.invoke0(Native Method)
	at java.base/jdk.internal.reflect.NativeMethodAccessorImpl.invoke(NativeMethodAccessorImpl.java:77)
	at java.base/jdk.internal.reflect.DelegatingMethodAccessorImpl.invoke(DelegatingMethodAccessorImpl.java:43)
	at jdk.proxy2/jdk.proxy2.$Proxy50.execute(Unknown Source)
	at com.kms.katalon.core.webui.model.SeleniumActionRetryController.performAction(SeleniumActionRetryController.java:96)
	at com.kms.katalon.core.webui.model.SeleniumActionRetryController.performAction(SeleniumActionRetryController.java:83)
	at com.kms.katalon.core.webui.keyword.internal.WebUIKeywordMain$_runKeywordUntilTimeout_closure2.doCall(WebUIKeywordMain.groovy:155)
	at com.kms.katalon.core.webui.keyword.internal.WebUIKeywordMain$_runKeywordUntilTimeout_closure2.call(WebUIKeywordMain.groovy)
	at com.kms.katalon.core.webui.keyword.internal.WebUIKeywordMain.runKeyword(WebUIKeywordMain.groovy:41)
	at com.kms.katalon.core.webui.keyword.internal.WebUIKeywordMain.runKeywordUntilTimeout(WebUIKeywordMain.groovy:152)
	at com.kms.katalon.core.webui.keyword.builtin.WaitForElementPresentKeyword.waitForElementPresent(WaitForElementPresentKeyword.groovy:68)
	at com.kms.katalon.core.webui.keyword.builtin.WaitForElementPresentKeyword.execute(WaitForElementPresentKeyword.groovy:38)
	at com.kms.katalon.core.keyword.internal.KeywordExecutor.executeKeywordForPlatform(KeywordExecutor.groovy:90)
	at com.kms.katalon.core.webui.keyword.WebUiBuiltInKeywords.waitForElementPresent(WebUiBuiltInKeywords.groovy:423)
	at Script1767513449298.run(Script1767513449298.groovy:23)
	... 17 more
)
2026-01-29 15:25:22.530 DEBUG testcase.LogOut                          - 2: catch (Exception e)
2026-01-29 15:25:22.531 DEBUG testcase.LogOut                          - 1: markError("Logout Failure : " + e.getMessage())
2026-01-29 15:25:22.532 ERROR c.k.katalon.core.main.TestCaseExecutor   - ❌ Test Cases/ProhanceWeb/LogOut_Page/LogOut FAILED.
Reason:
com.kms.katalon.core.exception.StepErrorException: Logout Failure : Unable to wait for object 'Object Repository/Logout/userProfileIcon' to be present
	at com.kms.katalon.core.util.KeywordUtil.markError(KeywordUtil.java:67)
	at LogOut.run(LogOut:32)
	at com.kms.katalon.core.main.ScriptEngine.run(ScriptEngine.java:194)
	at com.kms.katalon.core.main.ScriptEngine.runScriptAsRawText(ScriptEngine.java:119)
	at com.kms.katalon.core.main.TestCaseExecutor.runScript(TestCaseExecutor.java:490)
	at com.kms.katalon.core.main.TestCaseExecutor.doExecute(TestCaseExecutor.java:481)
	at com.kms.katalon.core.main.TestCaseExecutor.processExecutionPhase(TestCaseExecutor.java:460)
	at com.kms.katalon.core.main.TestCaseExecutor.accessMainPhase(TestCaseExecutor.java:452)
	at com.kms.katalon.core.main.TestCaseExecutor.execute(TestCaseExecutor.java:322)
	at com.kms.katalon.core.main.TestCaseExecutor.execute(TestCaseExecutor.java:410)
	at com.kms.katalon.core.main.TestCaseExecutor.execute(TestCaseExecutor.java:410)
	at com.kms.katalon.core.common.CommonExecutor.accessTestCaseMainPhase(CommonExecutor.java:71)
	at com.kms.katalon.core.main.TestSuiteExecutor.accessTestSuiteMainPhase(TestSuiteExecutor.java:153)
	at com.kms.katalon.core.main.TestSuiteExecutor.execute(TestSuiteExecutor.java:110)
	at com.kms.katalon.core.main.TestCaseMain.startTestSuite(TestCaseMain.java:205)
	at TempTestSuite1769680312736.run(TempTestSuite1769680312736.groovy:35)
	at java.base/jdk.internal.reflect.NativeMethodAccessorImpl.invoke0(Native Method)
	at java.base/jdk.internal.reflect.NativeMethodAccessorImpl.invoke(NativeMethodAccessorImpl.java:77)
	at java.base/jdk.internal.reflect.DelegatingMethodAccessorImpl.invoke(DelegatingMethodAccessorImpl.java:43)

2026-01-29 15:25:22.533 ERROR c.k.katalon.core.main.TestCaseExecutor   - ❌ Test Cases/ProhanceWeb/LogOut_Page/LogOut FAILED.
Reason:
com.kms.katalon.core.exception.StepErrorException: Logout Failure : Unable to wait for object 'Object Repository/Logout/userProfileIcon' to be present
	at com.kms.katalon.core.util.KeywordUtil.markError(KeywordUtil.java:67)
	at LogOut.run(LogOut:32)
	at com.kms.katalon.core.main.ScriptEngine.run(ScriptEngine.java:194)
	at com.kms.katalon.core.main.ScriptEngine.runScriptAsRawText(ScriptEngine.java:119)
	at com.kms.katalon.core.main.TestCaseExecutor.runScript(TestCaseExecutor.java:490)
	at com.kms.katalon.core.main.TestCaseExecutor.doExecute(TestCaseExecutor.java:481)
	at com.kms.katalon.core.main.TestCaseExecutor.processExecutionPhase(TestCaseExecutor.java:460)
	at com.kms.katalon.core.main.TestCaseExecutor.accessMainPhase(TestCaseExecutor.java:452)
	at com.kms.katalon.core.main.TestCaseExecutor.execute(TestCaseExecutor.java:322)
	at com.kms.katalon.core.main.TestCaseExecutor.execute(TestCaseExecutor.java:410)
	at com.kms.katalon.core.main.TestCaseExecutor.execute(TestCaseExecutor.java:410)
	at com.kms.katalon.core.common.CommonExecutor.accessTestCaseMainPhase(CommonExecutor.java:71)
	at com.kms.katalon.core.main.TestSuiteExecutor.accessTestSuiteMainPhase(TestSuiteExecutor.java:153)
	at com.kms.katalon.core.main.TestSuiteExecutor.execute(TestSuiteExecutor.java:110)
	at com.kms.katalon.core.main.TestCaseMain.startTestSuite(TestCaseMain.java:205)
	at TempTestSuite1769680312736.run(TempTestSuite1769680312736.groovy:35)
	at java.base/jdk.internal.reflect.NativeMethodAccessorImpl.invoke0(Native Method)
	at java.base/jdk.internal.reflect.NativeMethodAccessorImpl.invoke(NativeMethodAccessorImpl.java:77)
	at java.base/jdk.internal.reflect.DelegatingMethodAccessorImpl.invoke(DelegatingMethodAccessorImpl.java:43)

2026-01-29 15:25:22.535 INFO  c.k.katalon.core.main.TestCaseExecutor   - END Test Cases/ProhanceWeb/LogOut_Page/LogOut
2026-01-29 15:25:22.539 INFO  c.k.katalon.core.main.TestCaseExecutor   - --------------------
2026-01-29 15:25:22.539 INFO  c.k.katalon.core.main.TestCaseExecutor   - START Test Cases/ProhanceWeb/LogOut_Page/LogOut
2026-01-29 15:25:22.549 DEBUG testcase.LogOut                          - 1: try
2026-01-29 15:25:22.550 DEBUG testcase.LogOut                          - 1: waitForElementPresent(findTestObject("Object Repository/Logout/userProfileIcon"), Delay)
2026-01-29 15:25:27.560 WARN  c.k.k.c.w.h.s.WebUIScreenCaptor          - Cannot take screenshot
2026-01-29 15:25:27.562 ERROR c.k.k.core.keyword.internal.KeywordMain  - ❌ Unable to wait for object 'Object Repository/Logout/userProfileIcon' to be present (Root cause: com.kms.katalon.core.exception.StepFailedException: Unable to wait for object 'Object Repository/Logout/userProfileIcon' to be present
	at com.kms.katalon.core.webui.keyword.internal.WebUIKeywordMain.stepFailed(WebUIKeywordMain.groovy:177)
	at com.kms.katalon.core.webui.keyword.internal.WebUIKeywordMain.runKeyword(WebUIKeywordMain.groovy:49)
	at com.kms.katalon.core.webui.keyword.internal.WebUIKeywordMain.runKeywordUntilTimeout(WebUIKeywordMain.groovy:152)
	at com.kms.katalon.core.webui.keyword.builtin.WaitForElementPresentKeyword.waitForElementPresent(WaitForElementPresentKeyword.groovy:68)
	at com.kms.katalon.core.webui.keyword.builtin.WaitForElementPresentKeyword.execute(WaitForElementPresentKeyword.groovy:38)
	at com.kms.katalon.core.keyword.internal.KeywordExecutor.executeKeywordForPlatform(KeywordExecutor.groovy:90)
	at com.kms.katalon.core.webui.keyword.WebUiBuiltInKeywords.waitForElementPresent(WebUiBuiltInKeywords.groovy:423)
	at LogOut.run(LogOut:23)
	at com.kms.katalon.core.main.ScriptEngine.run(ScriptEngine.java:194)
	at com.kms.katalon.core.main.ScriptEngine.runScriptAsRawText(ScriptEngine.java:119)
	at com.kms.katalon.core.main.TestCaseExecutor.runScript(TestCaseExecutor.java:490)
	at com.kms.katalon.core.main.TestCaseExecutor.doExecute(TestCaseExecutor.java:481)
	at com.kms.katalon.core.main.TestCaseExecutor.processExecutionPhase(TestCaseExecutor.java:460)
	at com.kms.katalon.core.main.TestCaseExecutor.accessMainPhase(TestCaseExecutor.java:452)
	at com.kms.katalon.core.main.TestCaseExecutor.execute(TestCaseExecutor.java:322)
	at com.kms.katalon.core.main.TestCaseExecutor.execute(TestCaseExecutor.java:410)
	at com.kms.katalon.core.main.TestCaseExecutor.execute(TestCaseExecutor.java:410)
	at com.kms.katalon.core.main.TestCaseExecutor.execute(TestCaseExecutor.java:410)
	at com.kms.katalon.core.common.CommonExecutor.accessTestCaseMainPhase(CommonExecutor.java:71)
	at com.kms.katalon.core.main.TestSuiteExecutor.accessTestSuiteMainPhase(TestSuiteExecutor.java:153)
	at com.kms.katalon.core.main.TestSuiteExecutor.execute(TestSuiteExecutor.java:110)
	at com.kms.katalon.core.main.TestCaseMain.startTestSuite(TestCaseMain.java:205)
	at TempTestSuite1769680312736.run(TempTestSuite1769680312736.groovy:35)
	at java.base/jdk.internal.reflect.NativeMethodAccessorImpl.invoke0(Native Method)
	at java.base/jdk.internal.reflect.NativeMethodAccessorImpl.invoke(NativeMethodAccessorImpl.java:77)
	at java.base/jdk.internal.reflect.DelegatingMethodAccessorImpl.invoke(DelegatingMethodAccessorImpl.java:43)
Caused by: org.openqa.selenium.NoSuchWindowException: no such window: target window already closed
from unknown error: web view not found
  (Session info: chrome=144.0.7559.98)
Build info: version: '4.34.0', revision: '707dcb4246*'
System info: os.name: 'Windows 11', os.arch: 'amd64', os.version: '10.0', java.version: '17.0.14'
Driver info: com.kms.katalon.selenium.driver.CChromeDriver
Command: [b8aa4695017c535b226f395e7f306b39, findElements {value=//a[@id='userProfileDropdown'], using=xpath}]
Capabilities {acceptInsecureCerts: false, browserName: chrome, browserVersion: 144.0.7559.98, chrome: {chromedriverVersion: 144.0.7559.96 (d7b80622cfab..., userDataDir: C:\Users\gopal.s\AppData\Lo...}, fedcm:accounts: true, goog:chromeOptions: {debuggerAddress: localhost:53259}, goog:processID: 28192, networkConnectionEnabled: false, pageLoadStrategy: normal, platformName: windows, proxy: Proxy(), se:cdp: ws://localhost:53259/devtoo..., se:cdpVersion: 144.0.7559.98, setWindowRect: true, strictFileInteractability: false, timeouts: {implicit: 0, pageLoad: 300000, script: 30000}, unhandledPromptBehavior: {alert: ignore, beforeUnload: ignore, confirm: ignore, default: ignore, file: ignore, prompt: ignore}, webSocketUrl: ws://localhost:34718/sessio..., webauthn:extension:credBlob: true, webauthn:extension:largeBlob: true, webauthn:extension:minPinLength: true, webauthn:extension:prf: true, webauthn:virtualAuthenticators: true}
Session ID: b8aa4695017c535b226f395e7f306b39
	at jdk.internal.reflect.GeneratedConstructorAccessor40.newInstance(Unknown Source)
	at java.base/jdk.internal.reflect.DelegatingConstructorAccessorImpl.newInstance(DelegatingConstructorAccessorImpl.java:45)
	at org.openqa.selenium.remote.ErrorCodec.decode(ErrorCodec.java:167)
	at org.openqa.selenium.remote.codec.w3c.W3CHttpResponseCodec.decode(W3CHttpResponseCodec.java:138)
	at org.openqa.selenium.remote.codec.w3c.W3CHttpResponseCodec.decode(W3CHttpResponseCodec.java:50)
	at org.openqa.selenium.remote.HttpCommandExecutor.execute(HttpCommandExecutor.java:215)
	at org.openqa.selenium.remote.service.DriverCommandExecutor.invokeExecute(DriverCommandExecutor.java:216)
	at org.openqa.selenium.remote.service.DriverCommandExecutor.execute(DriverCommandExecutor.java:174)
	at org.openqa.selenium.remote.RemoteWebDriver.execute(RemoteWebDriver.java:544)
	at org.openqa.selenium.remote.ElementLocation$ElementFinder$2.findElements(ElementLocation.java:182)
	at org.openqa.selenium.remote.ElementLocation.findElements(ElementLocation.java:103)
	at org.openqa.selenium.remote.RemoteWebDriver.findElements(RemoteWebDriver.java:380)
	at org.openqa.selenium.remote.RemoteWebDriver.findElements(RemoteWebDriver.java:374)
	at jdk.internal.reflect.GeneratedMethodAccessor16.invoke(Unknown Source)
	at java.base/jdk.internal.reflect.DelegatingMethodAccessorImpl.invoke(DelegatingMethodAccessorImpl.java:43)
	at org.openqa.selenium.support.decorators.WebDriverDecorator.call(WebDriverDecorator.java:315)
	at org.openqa.selenium.support.decorators.DefaultDecorated.call(DefaultDecorated.java:48)
	at org.openqa.selenium.support.decorators.WebDriverDecorator.lambda$createProxyFactory$3(WebDriverDecorator.java:405)
	at org.openqa.selenium.remote.RemoteWebDriver$ByteBuddy$5ogmnMEq.findElements(Unknown Source)
	at com.kms.katalon.core.webui.model.WebUiElementFinder.findElementByNormalMethods(WebUiElementFinder.java:185)
	at com.kms.katalon.core.webui.model.WebUiElementFinder.findElementsBySelectedMethod(WebUiElementFinder.java:91)
	at com.kms.katalon.core.webui.model.WebUiElementFinder.findElementsBySelectedMethod(WebUiElementFinder.java:74)
	at com.kms.katalon.core.webui.model.WebUiElementFinder.findElementsBySelectedMethod(WebUiElementFinder.java:69)
	at com.kms.katalon.core.webui.model.WebUiElementFinder.findElement(WebUiElementFinder.java:43)
	at com.kms.katalon.core.webui.model.WebUiElementFinderWithTimeout.basicFindElement(WebUiElementFinderWithTimeout.java:50)
	at com.kms.katalon.core.webui.model.WebUiElementFinderWithTimeout.lambda$0(WebUiElementFinderWithTimeout.java:29)
	at com.kms.katalon.core.webui.model.SeleniumActionRetryController.performAction(SeleniumActionRetryController.java:96)
	at com.kms.katalon.core.webui.model.SeleniumActionRetryController.performAction(SeleniumActionRetryController.java:83)
	at com.kms.katalon.core.webui.model.WebUiElementFinderWithTimeout.findElement(WebUiElementFinderWithTimeout.java:28)
	at com.kms.katalon.core.webui.keyword.internal.WebUIAbstractKeyword$_findWebElement_closure2.doCall(WebUIAbstractKeyword.groovy:104)
	at jdk.internal.reflect.GeneratedMethodAccessor19.invoke(Unknown Source)
	at java.base/jdk.internal.reflect.DelegatingMethodAccessorImpl.invoke(DelegatingMethodAccessorImpl.java:43)
	at jdk.proxy2/jdk.proxy2.$Proxy50.execute(Unknown Source)
	at com.kms.katalon.core.webui.model.SeleniumActionRetryController.performAction(SeleniumActionRetryController.java:96)
	at com.kms.katalon.core.webui.model.SeleniumActionRetryController.performAction(SeleniumActionRetryController.java:83)
	at com.kms.katalon.core.webui.model.SeleniumActionRetryController.retry(SeleniumActionRetryController.java:49)
	at com.kms.katalon.core.webui.model.SeleniumActionRetryController.retry(SeleniumActionRetryController.java:44)
	at com.kms.katalon.core.webui.keyword.internal.WebUIAbstractKeyword.findWebElement(WebUIAbstractKeyword.groovy:101)
	at com.kms.katalon.core.webui.keyword.builtin.WaitForElementPresentKeyword$_waitForElementPresent_closure1.doCall(WaitForElementPresentKeyword.groovy:54)
	at java.base/jdk.internal.reflect.NativeMethodAccessorImpl.invoke0(Native Method)
	at java.base/jdk.internal.reflect.NativeMethodAccessorImpl.invoke(NativeMethodAccessorImpl.java:77)
	at java.base/jdk.internal.reflect.DelegatingMethodAccessorImpl.invoke(DelegatingMethodAccessorImpl.java:43)
	at jdk.proxy2/jdk.proxy2.$Proxy50.execute(Unknown Source)
	at com.kms.katalon.core.webui.model.SeleniumActionRetryController.performAction(SeleniumActionRetryController.java:96)
	at com.kms.katalon.core.webui.model.SeleniumActionRetryController.performAction(SeleniumActionRetryController.java:83)
	at com.kms.katalon.core.webui.keyword.internal.WebUIKeywordMain$_runKeywordUntilTimeout_closure2.doCall(WebUIKeywordMain.groovy:155)
	at com.kms.katalon.core.webui.keyword.internal.WebUIKeywordMain$_runKeywordUntilTimeout_closure2.call(WebUIKeywordMain.groovy)
	at com.kms.katalon.core.webui.keyword.internal.WebUIKeywordMain.runKeyword(WebUIKeywordMain.groovy:41)
	at com.kms.katalon.core.webui.keyword.internal.WebUIKeywordMain.runKeywordUntilTimeout(WebUIKeywordMain.groovy:152)
	at com.kms.katalon.core.webui.keyword.builtin.WaitForElementPresentKeyword.waitForElementPresent(WaitForElementPresentKeyword.groovy:68)
	at com.kms.katalon.core.webui.keyword.builtin.WaitForElementPresentKeyword.execute(WaitForElementPresentKeyword.groovy:38)
	at com.kms.katalon.core.keyword.internal.KeywordExecutor.executeKeywordForPlatform(KeywordExecutor.groovy:90)
	at com.kms.katalon.core.webui.keyword.WebUiBuiltInKeywords.waitForElementPresent(WebUiBuiltInKeywords.groovy:423)
	at Script1767513449298.run(Script1767513449298.groovy:23)
	... 18 more
)
2026-01-29 15:25:27.563 DEBUG testcase.LogOut                          - 2: catch (Exception e)
2026-01-29 15:25:27.564 DEBUG testcase.LogOut                          - 1: markError("Logout Failure : " + e.getMessage())
2026-01-29 15:25:27.565 ERROR c.k.katalon.core.main.TestCaseExecutor   - ❌ Test Cases/ProhanceWeb/LogOut_Page/LogOut FAILED.
Reason:
com.kms.katalon.core.exception.StepErrorException: Logout Failure : Unable to wait for object 'Object Repository/Logout/userProfileIcon' to be present
	at com.kms.katalon.core.util.KeywordUtil.markError(KeywordUtil.java:67)
	at LogOut.run(LogOut:32)
	at com.kms.katalon.core.main.ScriptEngine.run(ScriptEngine.java:194)
	at com.kms.katalon.core.main.ScriptEngine.runScriptAsRawText(ScriptEngine.java:119)
	at com.kms.katalon.core.main.TestCaseExecutor.runScript(TestCaseExecutor.java:490)
	at com.kms.katalon.core.main.TestCaseExecutor.doExecute(TestCaseExecutor.java:481)
	at com.kms.katalon.core.main.TestCaseExecutor.processExecutionPhase(TestCaseExecutor.java:460)
	at com.kms.katalon.core.main.TestCaseExecutor.accessMainPhase(TestCaseExecutor.java:452)
	at com.kms.katalon.core.main.TestCaseExecutor.execute(TestCaseExecutor.java:322)
	at com.kms.katalon.core.main.TestCaseExecutor.execute(TestCaseExecutor.java:410)
	at com.kms.katalon.core.main.TestCaseExecutor.execute(TestCaseExecutor.java:410)
	at com.kms.katalon.core.main.TestCaseExecutor.execute(TestCaseExecutor.java:410)
	at com.kms.katalon.core.common.CommonExecutor.accessTestCaseMainPhase(CommonExecutor.java:71)
	at com.kms.katalon.core.main.TestSuiteExecutor.accessTestSuiteMainPhase(TestSuiteExecutor.java:153)
	at com.kms.katalon.core.main.TestSuiteExecutor.execute(TestSuiteExecutor.java:110)
	at com.kms.katalon.core.main.TestCaseMain.startTestSuite(TestCaseMain.java:205)
	at TempTestSuite1769680312736.run(TempTestSuite1769680312736.groovy:35)
	at java.base/jdk.internal.reflect.NativeMethodAccessorImpl.invoke0(Native Method)
	at java.base/jdk.internal.reflect.NativeMethodAccessorImpl.invoke(NativeMethodAccessorImpl.java:77)
	at java.base/jdk.internal.reflect.DelegatingMethodAccessorImpl.invoke(DelegatingMethodAccessorImpl.java:43)

2026-01-29 15:25:27.566 ERROR c.k.katalon.core.main.TestCaseExecutor   - ❌ Test Cases/ProhanceWeb/LogOut_Page/LogOut FAILED.
Reason:
com.kms.katalon.core.exception.StepErrorException: Logout Failure : Unable to wait for object 'Object Repository/Logout/userProfileIcon' to be present
	at com.kms.katalon.core.util.KeywordUtil.markError(KeywordUtil.java:67)
	at LogOut.run(LogOut:32)
	at com.kms.katalon.core.main.ScriptEngine.run(ScriptEngine.java:194)
	at com.kms.katalon.core.main.ScriptEngine.runScriptAsRawText(ScriptEngine.java:119)
	at com.kms.katalon.core.main.TestCaseExecutor.runScript(TestCaseExecutor.java:490)
	at com.kms.katalon.core.main.TestCaseExecutor.doExecute(TestCaseExecutor.java:481)
	at com.kms.katalon.core.main.TestCaseExecutor.processExecutionPhase(TestCaseExecutor.java:460)
	at com.kms.katalon.core.main.TestCaseExecutor.accessMainPhase(TestCaseExecutor.java:452)
	at com.kms.katalon.core.main.TestCaseExecutor.execute(TestCaseExecutor.java:322)
	at com.kms.katalon.core.main.TestCaseExecutor.execute(TestCaseExecutor.java:410)
	at com.kms.katalon.core.main.TestCaseExecutor.execute(TestCaseExecutor.java:410)
	at com.kms.katalon.core.main.TestCaseExecutor.execute(TestCaseExecutor.java:410)
	at com.kms.katalon.core.common.CommonExecutor.accessTestCaseMainPhase(CommonExecutor.java:71)
	at com.kms.katalon.core.main.TestSuiteExecutor.accessTestSuiteMainPhase(TestSuiteExecutor.java:153)
	at com.kms.katalon.core.main.TestSuiteExecutor.execute(TestSuiteExecutor.java:110)
	at com.kms.katalon.core.main.TestCaseMain.startTestSuite(TestCaseMain.java:205)
	at TempTestSuite1769680312736.run(TempTestSuite1769680312736.groovy:35)
	at java.base/jdk.internal.reflect.NativeMethodAccessorImpl.invoke0(Native Method)
	at java.base/jdk.internal.reflect.NativeMethodAccessorImpl.invoke(NativeMethodAccessorImpl.java:77)
	at java.base/jdk.internal.reflect.DelegatingMethodAccessorImpl.invoke(DelegatingMethodAccessorImpl.java:43)

2026-01-29 15:25:27.568 INFO  c.k.katalon.core.main.TestCaseExecutor   - END Test Cases/ProhanceWeb/LogOut_Page/LogOut
2026-01-29 15:25:27.981 INFO  c.k.katalon.core.main.TestSuiteExecutor  - --------------------
2026-01-29 15:25:27.981 INFO  c.k.katalon.core.main.TestSuiteExecutor  - END Test Suites/Login_Genaral
2026-01-29 15:25:27.981 INFO  c.k.katalon.core.main.TestSuiteExecutor  - ====================
