2026-01-28 15:04:06.863 INFO  c.k.k.c.l.logback.LogbackConfigurator    - Logback default configuration initialized from: C:\Users\gopal.s\.katalon\packages\KSE-10.4.3\configuration\org.eclipse.osgi\133\0\.cp\resources\logback\logback-execution.xml
2026-01-28 15:04:06.868 INFO  c.k.k.c.l.logback.LogbackConfigurator    - Logback custom configuration initialized from: C:\Users\gopal.s\git\ProhanceWebApplication\Include\config\log.properties
2026-01-28 15:04:10.084 INFO  c.k.katalon.core.main.TestSuiteExecutor  - START Test Suites/Login_Genaral
2026-01-28 15:04:10.543 INFO  c.k.katalon.core.main.TestSuiteExecutor  - userFullName = Gopal
2026-01-28 15:04:10.545 INFO  c.k.katalon.core.main.TestSuiteExecutor  - projectName = ProhanceWebApplication
2026-01-28 15:04:10.554 INFO  c.k.katalon.core.main.TestSuiteExecutor  - hostName = gopal.s - JAMOCHA57.jamochahq.local
2026-01-28 15:04:10.559 INFO  c.k.katalon.core.main.TestSuiteExecutor  - os = Windows 11 64bit
2026-01-28 15:04:10.566 INFO  c.k.katalon.core.main.TestSuiteExecutor  - hostAddress = 10.10.10.136
2026-01-28 15:04:10.586 INFO  c.k.katalon.core.main.TestSuiteExecutor  - katalonVersion = 10.4.3.0
2026-01-28 15:04:12.067 INFO  c.k.katalon.core.main.TestCaseExecutor   - --------------------
2026-01-28 15:04:12.067 INFO  c.k.katalon.core.main.TestCaseExecutor   - START Test Cases/ProhanceWeb/Login_Page/Login
2026-01-28 15:04:12.460 INFO  c.k.katalon.core.main.TestCaseExecutor   - userName = tsL9urF6O/D/xURRxzj/8w==
2026-01-28 15:04:12.462 INFO  c.k.katalon.core.main.TestCaseExecutor   - password = HeCM15nHKBI=
2026-01-28 15:04:13.579 DEBUG testcase.Login                           - 1: openBrowser("")
2026-01-28 15:04:14.177 INFO  c.k.k.core.webui.driver.DriverFactory    - Starting 'Edge Chromium' driver
2026-01-28 15:04:14.454 INFO  c.k.k.core.webui.driver.DriverFactory    - Action delay is set to 0 milliseconds
2026-01-28 15:04:28.794 ERROR c.k.k.core.keyword.internal.KeywordMain  - ❌ Unable to open browser with url: '' (Root cause: com.kms.katalon.core.exception.StepFailedException: Unable to open browser with url: ''
	at com.kms.katalon.core.webui.keyword.internal.WebUIKeywordMain.stepFailed(WebUIKeywordMain.groovy:177)
	at com.kms.katalon.core.webui.keyword.internal.WebUIKeywordMain.runKeyword(WebUIKeywordMain.groovy:49)
	at com.kms.katalon.core.webui.keyword.builtin.OpenBrowserKeyword.openBrowser(OpenBrowserKeyword.groovy:55)
	at com.kms.katalon.core.webui.keyword.builtin.OpenBrowserKeyword.execute(OpenBrowserKeyword.groovy:37)
	at com.kms.katalon.core.keyword.internal.KeywordExecutor.executeKeywordForPlatform(KeywordExecutor.groovy:90)
	at com.kms.katalon.core.webui.keyword.WebUiBuiltInKeywords.openBrowser(WebUiBuiltInKeywords.groovy:62)
	at Login.run(Login:23)
	at com.kms.katalon.core.main.ScriptEngine.run(ScriptEngine.java:194)
	at com.kms.katalon.core.main.ScriptEngine.runScriptAsRawText(ScriptEngine.java:119)
	at com.kms.katalon.core.main.TestCaseExecutor.runScript(TestCaseExecutor.java:490)
	at com.kms.katalon.core.main.TestCaseExecutor.doExecute(TestCaseExecutor.java:481)
	at com.kms.katalon.core.main.TestCaseExecutor.processExecutionPhase(TestCaseExecutor.java:460)
	at com.kms.katalon.core.main.TestCaseExecutor.accessMainPhase(TestCaseExecutor.java:452)
	at com.kms.katalon.core.main.TestCaseExecutor.execute(TestCaseExecutor.java:322)
	at com.kms.katalon.core.common.CommonExecutor.accessTestCaseMainPhase(CommonExecutor.java:71)
	at com.kms.katalon.core.main.TestSuiteExecutor.accessTestSuiteMainPhase(TestSuiteExecutor.java:153)
	at com.kms.katalon.core.main.TestSuiteExecutor.execute(TestSuiteExecutor.java:110)
	at com.kms.katalon.core.main.TestCaseMain.startTestSuite(TestCaseMain.java:205)
	at TempTestSuite1769592834472.run(TempTestSuite1769592834472.groovy:35)
	at java.base/jdk.internal.reflect.NativeMethodAccessorImpl.invoke0(Native Method)
	at java.base/jdk.internal.reflect.NativeMethodAccessorImpl.invoke(NativeMethodAccessorImpl.java:77)
	at java.base/jdk.internal.reflect.DelegatingMethodAccessorImpl.invoke(DelegatingMethodAccessorImpl.java:43)
Caused by: org.openqa.selenium.SessionNotCreatedException: Could not start a new session. Response code 500. Message: session not created: This version of Microsoft Edge WebDriver only supports Microsoft Edge version 142
Current browser version is 144.0.3719.92 with binary path C:\Program Files (x86)\Microsoft\Edge\Application\msedge.exe 
Host info: host: 'JAMOCHA57', ip: '10.10.10.136'
Build info: version: '4.34.0', revision: '707dcb4246*'
System info: os.name: 'Windows 11', os.arch: 'amd64', os.version: '10.0', java.version: '17.0.14'
Driver info: com.kms.katalon.selenium.driver.CEdgeDriver
Command: [null, newSession {capabilities=[Capabilities {browserName: MicrosoftEdge, ms:edgeOptions: {args: [], extensions: []}, platformName: windows, unhandledPromptBehavior: {alert: ignore, beforeUnload: ignore, confirm: ignore, default: ignore, file: ignore, prompt: ignore}, webSocketUrl: true}]}]
	at org.openqa.selenium.remote.ProtocolHandshake.createSession(ProtocolHandshake.java:114)
	at org.openqa.selenium.remote.ProtocolHandshake.createSession(ProtocolHandshake.java:75)
	at org.openqa.selenium.remote.ProtocolHandshake.createSession(ProtocolHandshake.java:61)
	at org.openqa.selenium.remote.HttpCommandExecutor.execute(HttpCommandExecutor.java:187)
	at org.openqa.selenium.remote.service.DriverCommandExecutor.invokeExecute(DriverCommandExecutor.java:216)
	at org.openqa.selenium.remote.service.DriverCommandExecutor.execute(DriverCommandExecutor.java:174)
	at org.openqa.selenium.remote.RemoteWebDriver.execute(RemoteWebDriver.java:544)
	at org.openqa.selenium.remote.RemoteWebDriver.startSession(RemoteWebDriver.java:244)
	at org.openqa.selenium.remote.RemoteWebDriver.<init>(RemoteWebDriver.java:173)
	at org.openqa.selenium.chromium.ChromiumDriver.<init>(ChromiumDriver.java:110)
	at org.openqa.selenium.edge.EdgeDriver.<init>(EdgeDriver.java:60)
	at org.openqa.selenium.edge.EdgeDriver.<init>(EdgeDriver.java:56)
	at com.kms.katalon.selenium.driver.CEdgeDriver.<init>(CEdgeDriver.java:18)
	at com.kms.katalon.core.webui.driver.edge.EdgeChromiumDriverBuilder.createDriver(EdgeChromiumDriverBuilder.java:34)
	at com.kms.katalon.core.webui.driver.AbstractDriverBuilder.build(AbstractDriverBuilder.java:53)
	at com.kms.katalon.core.webui.driver.DriverFactory.startNewBrowser(DriverFactory.java:247)
	at com.kms.katalon.core.webui.driver.DriverFactory.openWebDriver(DriverFactory.java:149)
	at com.kms.katalon.core.webui.keyword.builtin.OpenBrowserKeyword$_openBrowser_closure1.doCall(OpenBrowserKeyword.groovy:44)
	at com.kms.katalon.core.webui.keyword.builtin.OpenBrowserKeyword$_openBrowser_closure1.call(OpenBrowserKeyword.groovy)
	at com.kms.katalon.core.webui.keyword.internal.WebUIKeywordMain.runKeyword(WebUIKeywordMain.groovy:41)
	at com.kms.katalon.core.webui.keyword.builtin.OpenBrowserKeyword.openBrowser(OpenBrowserKeyword.groovy:55)
	at com.kms.katalon.core.webui.keyword.builtin.OpenBrowserKeyword.execute(OpenBrowserKeyword.groovy:37)
	at com.kms.katalon.core.keyword.internal.KeywordExecutor.executeKeywordForPlatform(KeywordExecutor.groovy:90)
	at com.kms.katalon.core.webui.keyword.WebUiBuiltInKeywords.openBrowser(WebUiBuiltInKeywords.groovy:62)
	at Script1767513437169.run(Script1767513437169.groovy:23)
	... 15 more
)
2026-01-28 15:04:28.813 ERROR c.k.katalon.core.main.TestCaseExecutor   - ❌ Test Cases/ProhanceWeb/Login_Page/Login FAILED.
Reason:
com.kms.katalon.core.exception.StepFailedException: Unable to open browser with url: ''
	at com.kms.katalon.core.webui.keyword.internal.WebUIKeywordMain.stepFailed(WebUIKeywordMain.groovy:177)
	at com.kms.katalon.core.webui.keyword.internal.WebUIKeywordMain.runKeyword(WebUIKeywordMain.groovy:49)
	at com.kms.katalon.core.webui.keyword.builtin.OpenBrowserKeyword.openBrowser(OpenBrowserKeyword.groovy:55)
	at com.kms.katalon.core.webui.keyword.builtin.OpenBrowserKeyword.execute(OpenBrowserKeyword.groovy:37)
	at com.kms.katalon.core.keyword.internal.KeywordExecutor.executeKeywordForPlatform(KeywordExecutor.groovy:90)
	at com.kms.katalon.core.webui.keyword.WebUiBuiltInKeywords.openBrowser(WebUiBuiltInKeywords.groovy:62)
	at Login.run(Login:23)
	at com.kms.katalon.core.main.ScriptEngine.run(ScriptEngine.java:194)
	at com.kms.katalon.core.main.ScriptEngine.runScriptAsRawText(ScriptEngine.java:119)
	at com.kms.katalon.core.main.TestCaseExecutor.runScript(TestCaseExecutor.java:490)
	at com.kms.katalon.core.main.TestCaseExecutor.doExecute(TestCaseExecutor.java:481)
	at com.kms.katalon.core.main.TestCaseExecutor.processExecutionPhase(TestCaseExecutor.java:460)
	at com.kms.katalon.core.main.TestCaseExecutor.accessMainPhase(TestCaseExecutor.java:452)
	at com.kms.katalon.core.main.TestCaseExecutor.execute(TestCaseExecutor.java:322)
	at com.kms.katalon.core.common.CommonExecutor.accessTestCaseMainPhase(CommonExecutor.java:71)
	at com.kms.katalon.core.main.TestSuiteExecutor.accessTestSuiteMainPhase(TestSuiteExecutor.java:153)
	at com.kms.katalon.core.main.TestSuiteExecutor.execute(TestSuiteExecutor.java:110)
	at com.kms.katalon.core.main.TestCaseMain.startTestSuite(TestCaseMain.java:205)
	at TempTestSuite1769592834472.run(TempTestSuite1769592834472.groovy:35)
	at java.base/jdk.internal.reflect.NativeMethodAccessorImpl.invoke0(Native Method)
	at java.base/jdk.internal.reflect.NativeMethodAccessorImpl.invoke(NativeMethodAccessorImpl.java:77)
	at java.base/jdk.internal.reflect.DelegatingMethodAccessorImpl.invoke(DelegatingMethodAccessorImpl.java:43)
Caused by: org.openqa.selenium.SessionNotCreatedException: Could not start a new session. Response code 500. Message: session not created: This version of Microsoft Edge WebDriver only supports Microsoft Edge version 142
Current browser version is 144.0.3719.92 with binary path C:\Program Files (x86)\Microsoft\Edge\Application\msedge.exe 
Host info: host: 'JAMOCHA57', ip: '10.10.10.136'
Build info: version: '4.34.0', revision: '707dcb4246*'
System info: os.name: 'Windows 11', os.arch: 'amd64', os.version: '10.0', java.version: '17.0.14'
Driver info: com.kms.katalon.selenium.driver.CEdgeDriver
Command: [null, newSession {capabilities=[Capabilities {browserName: MicrosoftEdge, ms:edgeOptions: {args: [], extensions: []}, platformName: windows, unhandledPromptBehavior: {alert: ignore, beforeUnload: ignore, confirm: ignore, default: ignore, file: ignore, prompt: ignore}, webSocketUrl: true}]}]
	at org.openqa.selenium.remote.ProtocolHandshake.createSession(ProtocolHandshake.java:114)
	at org.openqa.selenium.remote.ProtocolHandshake.createSession(ProtocolHandshake.java:75)
	at org.openqa.selenium.remote.ProtocolHandshake.createSession(ProtocolHandshake.java:61)
	at org.openqa.selenium.remote.HttpCommandExecutor.execute(HttpCommandExecutor.java:187)
	at org.openqa.selenium.remote.service.DriverCommandExecutor.invokeExecute(DriverCommandExecutor.java:216)
	at org.openqa.selenium.remote.service.DriverCommandExecutor.execute(DriverCommandExecutor.java:174)
	at org.openqa.selenium.remote.RemoteWebDriver.execute(RemoteWebDriver.java:544)
	at org.openqa.selenium.remote.RemoteWebDriver.startSession(RemoteWebDriver.java:244)
	at org.openqa.selenium.remote.RemoteWebDriver.<init>(RemoteWebDriver.java:173)
	at org.openqa.selenium.chromium.ChromiumDriver.<init>(ChromiumDriver.java:110)
	at org.openqa.selenium.edge.EdgeDriver.<init>(EdgeDriver.java:60)
	at org.openqa.selenium.edge.EdgeDriver.<init>(EdgeDriver.java:56)
	at com.kms.katalon.selenium.driver.CEdgeDriver.<init>(CEdgeDriver.java:18)
	at com.kms.katalon.core.webui.driver.edge.EdgeChromiumDriverBuilder.createDriver(EdgeChromiumDriverBuilder.java:34)
	at com.kms.katalon.core.webui.driver.AbstractDriverBuilder.build(AbstractDriverBuilder.java:53)
	at com.kms.katalon.core.webui.driver.DriverFactory.startNewBrowser(DriverFactory.java:247)
	at com.kms.katalon.core.webui.driver.DriverFactory.openWebDriver(DriverFactory.java:149)
	at com.kms.katalon.core.webui.keyword.builtin.OpenBrowserKeyword$_openBrowser_closure1.doCall(OpenBrowserKeyword.groovy:44)
	at com.kms.katalon.core.webui.keyword.builtin.OpenBrowserKeyword$_openBrowser_closure1.call(OpenBrowserKeyword.groovy)
	at com.kms.katalon.core.webui.keyword.internal.WebUIKeywordMain.runKeyword(WebUIKeywordMain.groovy:41)
	... 20 more

2026-01-28 15:04:28.820 INFO  c.k.katalon.core.main.TestCaseExecutor   - END Test Cases/ProhanceWeb/Login_Page/Login
2026-01-28 15:04:28.833 INFO  c.k.katalon.core.main.TestCaseExecutor   - --------------------
2026-01-28 15:04:28.833 INFO  c.k.katalon.core.main.TestCaseExecutor   - START Test Cases/ProhanceWeb/Login_Page/Login
2026-01-28 15:04:28.858 INFO  c.k.katalon.core.main.TestCaseExecutor   - userName = tsL9urF6O/D/xURRxzj/8w==
2026-01-28 15:04:28.859 INFO  c.k.katalon.core.main.TestCaseExecutor   - password = HeCM15nHKBI=
2026-01-28 15:04:28.862 DEBUG testcase.Login                           - 1: openBrowser("")
2026-01-28 15:04:28.870 INFO  c.k.k.core.webui.driver.DriverFactory    - Starting 'Edge Chromium' driver
2026-01-28 15:04:28.875 INFO  c.k.k.core.webui.driver.DriverFactory    - Action delay is set to 0 milliseconds
2026-01-28 15:04:39.420 ERROR c.k.k.core.keyword.internal.KeywordMain  - ❌ Unable to open browser with url: '' (Root cause: com.kms.katalon.core.exception.StepFailedException: Unable to open browser with url: ''
	at com.kms.katalon.core.webui.keyword.internal.WebUIKeywordMain.stepFailed(WebUIKeywordMain.groovy:177)
	at com.kms.katalon.core.webui.keyword.internal.WebUIKeywordMain.runKeyword(WebUIKeywordMain.groovy:49)
	at com.kms.katalon.core.webui.keyword.builtin.OpenBrowserKeyword.openBrowser(OpenBrowserKeyword.groovy:55)
	at com.kms.katalon.core.webui.keyword.builtin.OpenBrowserKeyword.execute(OpenBrowserKeyword.groovy:37)
	at com.kms.katalon.core.keyword.internal.KeywordExecutor.executeKeywordForPlatform(KeywordExecutor.groovy:90)
	at com.kms.katalon.core.webui.keyword.WebUiBuiltInKeywords.openBrowser(WebUiBuiltInKeywords.groovy:62)
	at Login.run(Login:23)
	at com.kms.katalon.core.main.ScriptEngine.run(ScriptEngine.java:194)
	at com.kms.katalon.core.main.ScriptEngine.runScriptAsRawText(ScriptEngine.java:119)
	at com.kms.katalon.core.main.TestCaseExecutor.runScript(TestCaseExecutor.java:490)
	at com.kms.katalon.core.main.TestCaseExecutor.doExecute(TestCaseExecutor.java:481)
	at com.kms.katalon.core.main.TestCaseExecutor.processExecutionPhase(TestCaseExecutor.java:460)
	at com.kms.katalon.core.main.TestCaseExecutor.accessMainPhase(TestCaseExecutor.java:452)
	at com.kms.katalon.core.main.TestCaseExecutor.execute(TestCaseExecutor.java:322)
	at com.kms.katalon.core.main.TestCaseExecutor.execute(TestCaseExecutor.java:410)
	at com.kms.katalon.core.common.CommonExecutor.accessTestCaseMainPhase(CommonExecutor.java:71)
	at com.kms.katalon.core.main.TestSuiteExecutor.accessTestSuiteMainPhase(TestSuiteExecutor.java:153)
	at com.kms.katalon.core.main.TestSuiteExecutor.execute(TestSuiteExecutor.java:110)
	at com.kms.katalon.core.main.TestCaseMain.startTestSuite(TestCaseMain.java:205)
	at TempTestSuite1769592834472.run(TempTestSuite1769592834472.groovy:35)
	at java.base/jdk.internal.reflect.NativeMethodAccessorImpl.invoke0(Native Method)
	at java.base/jdk.internal.reflect.NativeMethodAccessorImpl.invoke(NativeMethodAccessorImpl.java:77)
	at java.base/jdk.internal.reflect.DelegatingMethodAccessorImpl.invoke(DelegatingMethodAccessorImpl.java:43)
Caused by: org.openqa.selenium.SessionNotCreatedException: Could not start a new session. Response code 500. Message: session not created: This version of Microsoft Edge WebDriver only supports Microsoft Edge version 142
Current browser version is 144.0.3719.92 with binary path C:\Program Files (x86)\Microsoft\Edge\Application\msedge.exe 
Host info: host: 'JAMOCHA57', ip: '10.10.10.136'
Build info: version: '4.34.0', revision: '707dcb4246*'
System info: os.name: 'Windows 11', os.arch: 'amd64', os.version: '10.0', java.version: '17.0.14'
Driver info: com.kms.katalon.selenium.driver.CEdgeDriver
Command: [null, newSession {capabilities=[Capabilities {browserName: MicrosoftEdge, ms:edgeOptions: {args: [], extensions: []}, platformName: windows, unhandledPromptBehavior: {alert: ignore, beforeUnload: ignore, confirm: ignore, default: ignore, file: ignore, prompt: ignore}, webSocketUrl: true}]}]
	at org.openqa.selenium.remote.ProtocolHandshake.createSession(ProtocolHandshake.java:114)
	at org.openqa.selenium.remote.ProtocolHandshake.createSession(ProtocolHandshake.java:75)
	at org.openqa.selenium.remote.ProtocolHandshake.createSession(ProtocolHandshake.java:61)
	at org.openqa.selenium.remote.HttpCommandExecutor.execute(HttpCommandExecutor.java:187)
	at org.openqa.selenium.remote.service.DriverCommandExecutor.invokeExecute(DriverCommandExecutor.java:216)
	at org.openqa.selenium.remote.service.DriverCommandExecutor.execute(DriverCommandExecutor.java:174)
	at org.openqa.selenium.remote.RemoteWebDriver.execute(RemoteWebDriver.java:544)
	at org.openqa.selenium.remote.RemoteWebDriver.startSession(RemoteWebDriver.java:244)
	at org.openqa.selenium.remote.RemoteWebDriver.<init>(RemoteWebDriver.java:173)
	at org.openqa.selenium.chromium.ChromiumDriver.<init>(ChromiumDriver.java:110)
	at org.openqa.selenium.edge.EdgeDriver.<init>(EdgeDriver.java:60)
	at org.openqa.selenium.edge.EdgeDriver.<init>(EdgeDriver.java:56)
	at com.kms.katalon.selenium.driver.CEdgeDriver.<init>(CEdgeDriver.java:18)
	at com.kms.katalon.core.webui.driver.edge.EdgeChromiumDriverBuilder.createDriver(EdgeChromiumDriverBuilder.java:34)
	at com.kms.katalon.core.webui.driver.AbstractDriverBuilder.build(AbstractDriverBuilder.java:53)
	at com.kms.katalon.core.webui.driver.DriverFactory.startNewBrowser(DriverFactory.java:247)
	at com.kms.katalon.core.webui.driver.DriverFactory.openWebDriver(DriverFactory.java:149)
	at com.kms.katalon.core.webui.keyword.builtin.OpenBrowserKeyword$_openBrowser_closure1.doCall(OpenBrowserKeyword.groovy:44)
	at com.kms.katalon.core.webui.keyword.builtin.OpenBrowserKeyword$_openBrowser_closure1.call(OpenBrowserKeyword.groovy)
	at com.kms.katalon.core.webui.keyword.internal.WebUIKeywordMain.runKeyword(WebUIKeywordMain.groovy:41)
	at com.kms.katalon.core.webui.keyword.builtin.OpenBrowserKeyword.openBrowser(OpenBrowserKeyword.groovy:55)
	at com.kms.katalon.core.webui.keyword.builtin.OpenBrowserKeyword.execute(OpenBrowserKeyword.groovy:37)
	at com.kms.katalon.core.keyword.internal.KeywordExecutor.executeKeywordForPlatform(KeywordExecutor.groovy:90)
	at com.kms.katalon.core.webui.keyword.WebUiBuiltInKeywords.openBrowser(WebUiBuiltInKeywords.groovy:62)
	at Script1767513437169.run(Script1767513437169.groovy:23)
	... 16 more
)
2026-01-28 15:04:39.427 ERROR c.k.katalon.core.main.TestCaseExecutor   - ❌ Test Cases/ProhanceWeb/Login_Page/Login FAILED.
Reason:
com.kms.katalon.core.exception.StepFailedException: Unable to open browser with url: ''
	at com.kms.katalon.core.webui.keyword.internal.WebUIKeywordMain.stepFailed(WebUIKeywordMain.groovy:177)
	at com.kms.katalon.core.webui.keyword.internal.WebUIKeywordMain.runKeyword(WebUIKeywordMain.groovy:49)
	at com.kms.katalon.core.webui.keyword.builtin.OpenBrowserKeyword.openBrowser(OpenBrowserKeyword.groovy:55)
	at com.kms.katalon.core.webui.keyword.builtin.OpenBrowserKeyword.execute(OpenBrowserKeyword.groovy:37)
	at com.kms.katalon.core.keyword.internal.KeywordExecutor.executeKeywordForPlatform(KeywordExecutor.groovy:90)
	at com.kms.katalon.core.webui.keyword.WebUiBuiltInKeywords.openBrowser(WebUiBuiltInKeywords.groovy:62)
	at Login.run(Login:23)
	at com.kms.katalon.core.main.ScriptEngine.run(ScriptEngine.java:194)
	at com.kms.katalon.core.main.ScriptEngine.runScriptAsRawText(ScriptEngine.java:119)
	at com.kms.katalon.core.main.TestCaseExecutor.runScript(TestCaseExecutor.java:490)
	at com.kms.katalon.core.main.TestCaseExecutor.doExecute(TestCaseExecutor.java:481)
	at com.kms.katalon.core.main.TestCaseExecutor.processExecutionPhase(TestCaseExecutor.java:460)
	at com.kms.katalon.core.main.TestCaseExecutor.accessMainPhase(TestCaseExecutor.java:452)
	at com.kms.katalon.core.main.TestCaseExecutor.execute(TestCaseExecutor.java:322)
	at com.kms.katalon.core.main.TestCaseExecutor.execute(TestCaseExecutor.java:410)
	at com.kms.katalon.core.common.CommonExecutor.accessTestCaseMainPhase(CommonExecutor.java:71)
	at com.kms.katalon.core.main.TestSuiteExecutor.accessTestSuiteMainPhase(TestSuiteExecutor.java:153)
	at com.kms.katalon.core.main.TestSuiteExecutor.execute(TestSuiteExecutor.java:110)
	at com.kms.katalon.core.main.TestCaseMain.startTestSuite(TestCaseMain.java:205)
	at TempTestSuite1769592834472.run(TempTestSuite1769592834472.groovy:35)
	at java.base/jdk.internal.reflect.NativeMethodAccessorImpl.invoke0(Native Method)
	at java.base/jdk.internal.reflect.NativeMethodAccessorImpl.invoke(NativeMethodAccessorImpl.java:77)
	at java.base/jdk.internal.reflect.DelegatingMethodAccessorImpl.invoke(DelegatingMethodAccessorImpl.java:43)
Caused by: org.openqa.selenium.SessionNotCreatedException: Could not start a new session. Response code 500. Message: session not created: This version of Microsoft Edge WebDriver only supports Microsoft Edge version 142
Current browser version is 144.0.3719.92 with binary path C:\Program Files (x86)\Microsoft\Edge\Application\msedge.exe 
Host info: host: 'JAMOCHA57', ip: '10.10.10.136'
Build info: version: '4.34.0', revision: '707dcb4246*'
System info: os.name: 'Windows 11', os.arch: 'amd64', os.version: '10.0', java.version: '17.0.14'
Driver info: com.kms.katalon.selenium.driver.CEdgeDriver
Command: [null, newSession {capabilities=[Capabilities {browserName: MicrosoftEdge, ms:edgeOptions: {args: [], extensions: []}, platformName: windows, unhandledPromptBehavior: {alert: ignore, beforeUnload: ignore, confirm: ignore, default: ignore, file: ignore, prompt: ignore}, webSocketUrl: true}]}]
	at org.openqa.selenium.remote.ProtocolHandshake.createSession(ProtocolHandshake.java:114)
	at org.openqa.selenium.remote.ProtocolHandshake.createSession(ProtocolHandshake.java:75)
	at org.openqa.selenium.remote.ProtocolHandshake.createSession(ProtocolHandshake.java:61)
	at org.openqa.selenium.remote.HttpCommandExecutor.execute(HttpCommandExecutor.java:187)
	at org.openqa.selenium.remote.service.DriverCommandExecutor.invokeExecute(DriverCommandExecutor.java:216)
	at org.openqa.selenium.remote.service.DriverCommandExecutor.execute(DriverCommandExecutor.java:174)
	at org.openqa.selenium.remote.RemoteWebDriver.execute(RemoteWebDriver.java:544)
	at org.openqa.selenium.remote.RemoteWebDriver.startSession(RemoteWebDriver.java:244)
	at org.openqa.selenium.remote.RemoteWebDriver.<init>(RemoteWebDriver.java:173)
	at org.openqa.selenium.chromium.ChromiumDriver.<init>(ChromiumDriver.java:110)
	at org.openqa.selenium.edge.EdgeDriver.<init>(EdgeDriver.java:60)
	at org.openqa.selenium.edge.EdgeDriver.<init>(EdgeDriver.java:56)
	at com.kms.katalon.selenium.driver.CEdgeDriver.<init>(CEdgeDriver.java:18)
	at com.kms.katalon.core.webui.driver.edge.EdgeChromiumDriverBuilder.createDriver(EdgeChromiumDriverBuilder.java:34)
	at com.kms.katalon.core.webui.driver.AbstractDriverBuilder.build(AbstractDriverBuilder.java:53)
	at com.kms.katalon.core.webui.driver.DriverFactory.startNewBrowser(DriverFactory.java:247)
	at com.kms.katalon.core.webui.driver.DriverFactory.openWebDriver(DriverFactory.java:149)
	at com.kms.katalon.core.webui.keyword.builtin.OpenBrowserKeyword$_openBrowser_closure1.doCall(OpenBrowserKeyword.groovy:44)
	at com.kms.katalon.core.webui.keyword.builtin.OpenBrowserKeyword$_openBrowser_closure1.call(OpenBrowserKeyword.groovy)
	at com.kms.katalon.core.webui.keyword.internal.WebUIKeywordMain.runKeyword(WebUIKeywordMain.groovy:41)
	... 21 more

2026-01-28 15:04:39.431 INFO  c.k.katalon.core.main.TestCaseExecutor   - END Test Cases/ProhanceWeb/Login_Page/Login
2026-01-28 15:04:39.447 INFO  c.k.katalon.core.main.TestCaseExecutor   - --------------------
2026-01-28 15:04:39.447 INFO  c.k.katalon.core.main.TestCaseExecutor   - START Test Cases/ProhanceWeb/Login_Page/Login
2026-01-28 15:04:39.465 INFO  c.k.katalon.core.main.TestCaseExecutor   - userName = tsL9urF6O/D/xURRxzj/8w==
2026-01-28 15:04:39.465 INFO  c.k.katalon.core.main.TestCaseExecutor   - password = HeCM15nHKBI=
2026-01-28 15:04:39.467 DEBUG testcase.Login                           - 1: openBrowser("")
2026-01-28 15:04:39.476 INFO  c.k.k.core.webui.driver.DriverFactory    - Starting 'Edge Chromium' driver
2026-01-28 15:04:39.482 INFO  c.k.k.core.webui.driver.DriverFactory    - Action delay is set to 0 milliseconds
2026-01-28 15:04:49.539 ERROR c.k.k.core.keyword.internal.KeywordMain  - ❌ Unable to open browser with url: '' (Root cause: com.kms.katalon.core.exception.StepFailedException: Unable to open browser with url: ''
	at com.kms.katalon.core.webui.keyword.internal.WebUIKeywordMain.stepFailed(WebUIKeywordMain.groovy:177)
	at com.kms.katalon.core.webui.keyword.internal.WebUIKeywordMain.runKeyword(WebUIKeywordMain.groovy:49)
	at com.kms.katalon.core.webui.keyword.builtin.OpenBrowserKeyword.openBrowser(OpenBrowserKeyword.groovy:55)
	at com.kms.katalon.core.webui.keyword.builtin.OpenBrowserKeyword.execute(OpenBrowserKeyword.groovy:37)
	at com.kms.katalon.core.keyword.internal.KeywordExecutor.executeKeywordForPlatform(KeywordExecutor.groovy:90)
	at com.kms.katalon.core.webui.keyword.WebUiBuiltInKeywords.openBrowser(WebUiBuiltInKeywords.groovy:62)
	at Login.run(Login:23)
	at com.kms.katalon.core.main.ScriptEngine.run(ScriptEngine.java:194)
	at com.kms.katalon.core.main.ScriptEngine.runScriptAsRawText(ScriptEngine.java:119)
	at com.kms.katalon.core.main.TestCaseExecutor.runScript(TestCaseExecutor.java:490)
	at com.kms.katalon.core.main.TestCaseExecutor.doExecute(TestCaseExecutor.java:481)
	at com.kms.katalon.core.main.TestCaseExecutor.processExecutionPhase(TestCaseExecutor.java:460)
	at com.kms.katalon.core.main.TestCaseExecutor.accessMainPhase(TestCaseExecutor.java:452)
	at com.kms.katalon.core.main.TestCaseExecutor.execute(TestCaseExecutor.java:322)
	at com.kms.katalon.core.main.TestCaseExecutor.execute(TestCaseExecutor.java:410)
	at com.kms.katalon.core.main.TestCaseExecutor.execute(TestCaseExecutor.java:410)
	at com.kms.katalon.core.common.CommonExecutor.accessTestCaseMainPhase(CommonExecutor.java:71)
	at com.kms.katalon.core.main.TestSuiteExecutor.accessTestSuiteMainPhase(TestSuiteExecutor.java:153)
	at com.kms.katalon.core.main.TestSuiteExecutor.execute(TestSuiteExecutor.java:110)
	at com.kms.katalon.core.main.TestCaseMain.startTestSuite(TestCaseMain.java:205)
	at TempTestSuite1769592834472.run(TempTestSuite1769592834472.groovy:35)
	at java.base/jdk.internal.reflect.NativeMethodAccessorImpl.invoke0(Native Method)
	at java.base/jdk.internal.reflect.NativeMethodAccessorImpl.invoke(NativeMethodAccessorImpl.java:77)
	at java.base/jdk.internal.reflect.DelegatingMethodAccessorImpl.invoke(DelegatingMethodAccessorImpl.java:43)
Caused by: org.openqa.selenium.SessionNotCreatedException: Could not start a new session. Response code 500. Message: session not created: This version of Microsoft Edge WebDriver only supports Microsoft Edge version 142
Current browser version is 144.0.3719.92 with binary path C:\Program Files (x86)\Microsoft\Edge\Application\msedge.exe 
Host info: host: 'JAMOCHA57', ip: '10.10.10.136'
Build info: version: '4.34.0', revision: '707dcb4246*'
System info: os.name: 'Windows 11', os.arch: 'amd64', os.version: '10.0', java.version: '17.0.14'
Driver info: com.kms.katalon.selenium.driver.CEdgeDriver
Command: [null, newSession {capabilities=[Capabilities {browserName: MicrosoftEdge, ms:edgeOptions: {args: [], extensions: []}, platformName: windows, unhandledPromptBehavior: {alert: ignore, beforeUnload: ignore, confirm: ignore, default: ignore, file: ignore, prompt: ignore}, webSocketUrl: true}]}]
	at org.openqa.selenium.remote.ProtocolHandshake.createSession(ProtocolHandshake.java:114)
	at org.openqa.selenium.remote.ProtocolHandshake.createSession(ProtocolHandshake.java:75)
	at org.openqa.selenium.remote.ProtocolHandshake.createSession(ProtocolHandshake.java:61)
	at org.openqa.selenium.remote.HttpCommandExecutor.execute(HttpCommandExecutor.java:187)
	at org.openqa.selenium.remote.service.DriverCommandExecutor.invokeExecute(DriverCommandExecutor.java:216)
	at org.openqa.selenium.remote.service.DriverCommandExecutor.execute(DriverCommandExecutor.java:174)
	at org.openqa.selenium.remote.RemoteWebDriver.execute(RemoteWebDriver.java:544)
	at org.openqa.selenium.remote.RemoteWebDriver.startSession(RemoteWebDriver.java:244)
	at org.openqa.selenium.remote.RemoteWebDriver.<init>(RemoteWebDriver.java:173)
	at org.openqa.selenium.chromium.ChromiumDriver.<init>(ChromiumDriver.java:110)
	at org.openqa.selenium.edge.EdgeDriver.<init>(EdgeDriver.java:60)
	at org.openqa.selenium.edge.EdgeDriver.<init>(EdgeDriver.java:56)
	at com.kms.katalon.selenium.driver.CEdgeDriver.<init>(CEdgeDriver.java:18)
	at com.kms.katalon.core.webui.driver.edge.EdgeChromiumDriverBuilder.createDriver(EdgeChromiumDriverBuilder.java:34)
	at com.kms.katalon.core.webui.driver.AbstractDriverBuilder.build(AbstractDriverBuilder.java:53)
	at com.kms.katalon.core.webui.driver.DriverFactory.startNewBrowser(DriverFactory.java:247)
	at com.kms.katalon.core.webui.driver.DriverFactory.openWebDriver(DriverFactory.java:149)
	at com.kms.katalon.core.webui.keyword.builtin.OpenBrowserKeyword$_openBrowser_closure1.doCall(OpenBrowserKeyword.groovy:44)
	at com.kms.katalon.core.webui.keyword.builtin.OpenBrowserKeyword$_openBrowser_closure1.call(OpenBrowserKeyword.groovy)
	at com.kms.katalon.core.webui.keyword.internal.WebUIKeywordMain.runKeyword(WebUIKeywordMain.groovy:41)
	at com.kms.katalon.core.webui.keyword.builtin.OpenBrowserKeyword.openBrowser(OpenBrowserKeyword.groovy:55)
	at com.kms.katalon.core.webui.keyword.builtin.OpenBrowserKeyword.execute(OpenBrowserKeyword.groovy:37)
	at com.kms.katalon.core.keyword.internal.KeywordExecutor.executeKeywordForPlatform(KeywordExecutor.groovy:90)
	at com.kms.katalon.core.webui.keyword.WebUiBuiltInKeywords.openBrowser(WebUiBuiltInKeywords.groovy:62)
	at Script1767513437169.run(Script1767513437169.groovy:23)
	... 17 more
)
2026-01-28 15:04:49.562 ERROR c.k.katalon.core.main.TestCaseExecutor   - ❌ Test Cases/ProhanceWeb/Login_Page/Login FAILED.
Reason:
com.kms.katalon.core.exception.StepFailedException: Unable to open browser with url: ''
	at com.kms.katalon.core.webui.keyword.internal.WebUIKeywordMain.stepFailed(WebUIKeywordMain.groovy:177)
	at com.kms.katalon.core.webui.keyword.internal.WebUIKeywordMain.runKeyword(WebUIKeywordMain.groovy:49)
	at com.kms.katalon.core.webui.keyword.builtin.OpenBrowserKeyword.openBrowser(OpenBrowserKeyword.groovy:55)
	at com.kms.katalon.core.webui.keyword.builtin.OpenBrowserKeyword.execute(OpenBrowserKeyword.groovy:37)
	at com.kms.katalon.core.keyword.internal.KeywordExecutor.executeKeywordForPlatform(KeywordExecutor.groovy:90)
	at com.kms.katalon.core.webui.keyword.WebUiBuiltInKeywords.openBrowser(WebUiBuiltInKeywords.groovy:62)
	at Login.run(Login:23)
	at com.kms.katalon.core.main.ScriptEngine.run(ScriptEngine.java:194)
	at com.kms.katalon.core.main.ScriptEngine.runScriptAsRawText(ScriptEngine.java:119)
	at com.kms.katalon.core.main.TestCaseExecutor.runScript(TestCaseExecutor.java:490)
	at com.kms.katalon.core.main.TestCaseExecutor.doExecute(TestCaseExecutor.java:481)
	at com.kms.katalon.core.main.TestCaseExecutor.processExecutionPhase(TestCaseExecutor.java:460)
	at com.kms.katalon.core.main.TestCaseExecutor.accessMainPhase(TestCaseExecutor.java:452)
	at com.kms.katalon.core.main.TestCaseExecutor.execute(TestCaseExecutor.java:322)
	at com.kms.katalon.core.main.TestCaseExecutor.execute(TestCaseExecutor.java:410)
	at com.kms.katalon.core.main.TestCaseExecutor.execute(TestCaseExecutor.java:410)
	at com.kms.katalon.core.common.CommonExecutor.accessTestCaseMainPhase(CommonExecutor.java:71)
	at com.kms.katalon.core.main.TestSuiteExecutor.accessTestSuiteMainPhase(TestSuiteExecutor.java:153)
	at com.kms.katalon.core.main.TestSuiteExecutor.execute(TestSuiteExecutor.java:110)
	at com.kms.katalon.core.main.TestCaseMain.startTestSuite(TestCaseMain.java:205)
	at TempTestSuite1769592834472.run(TempTestSuite1769592834472.groovy:35)
	at java.base/jdk.internal.reflect.NativeMethodAccessorImpl.invoke0(Native Method)
	at java.base/jdk.internal.reflect.NativeMethodAccessorImpl.invoke(NativeMethodAccessorImpl.java:77)
	at java.base/jdk.internal.reflect.DelegatingMethodAccessorImpl.invoke(DelegatingMethodAccessorImpl.java:43)
Caused by: org.openqa.selenium.SessionNotCreatedException: Could not start a new session. Response code 500. Message: session not created: This version of Microsoft Edge WebDriver only supports Microsoft Edge version 142
Current browser version is 144.0.3719.92 with binary path C:\Program Files (x86)\Microsoft\Edge\Application\msedge.exe 
Host info: host: 'JAMOCHA57', ip: '10.10.10.136'
Build info: version: '4.34.0', revision: '707dcb4246*'
System info: os.name: 'Windows 11', os.arch: 'amd64', os.version: '10.0', java.version: '17.0.14'
Driver info: com.kms.katalon.selenium.driver.CEdgeDriver
Command: [null, newSession {capabilities=[Capabilities {browserName: MicrosoftEdge, ms:edgeOptions: {args: [], extensions: []}, platformName: windows, unhandledPromptBehavior: {alert: ignore, beforeUnload: ignore, confirm: ignore, default: ignore, file: ignore, prompt: ignore}, webSocketUrl: true}]}]
	at org.openqa.selenium.remote.ProtocolHandshake.createSession(ProtocolHandshake.java:114)
	at org.openqa.selenium.remote.ProtocolHandshake.createSession(ProtocolHandshake.java:75)
	at org.openqa.selenium.remote.ProtocolHandshake.createSession(ProtocolHandshake.java:61)
	at org.openqa.selenium.remote.HttpCommandExecutor.execute(HttpCommandExecutor.java:187)
	at org.openqa.selenium.remote.service.DriverCommandExecutor.invokeExecute(DriverCommandExecutor.java:216)
	at org.openqa.selenium.remote.service.DriverCommandExecutor.execute(DriverCommandExecutor.java:174)
	at org.openqa.selenium.remote.RemoteWebDriver.execute(RemoteWebDriver.java:544)
	at org.openqa.selenium.remote.RemoteWebDriver.startSession(RemoteWebDriver.java:244)
	at org.openqa.selenium.remote.RemoteWebDriver.<init>(RemoteWebDriver.java:173)
	at org.openqa.selenium.chromium.ChromiumDriver.<init>(ChromiumDriver.java:110)
	at org.openqa.selenium.edge.EdgeDriver.<init>(EdgeDriver.java:60)
	at org.openqa.selenium.edge.EdgeDriver.<init>(EdgeDriver.java:56)
	at com.kms.katalon.selenium.driver.CEdgeDriver.<init>(CEdgeDriver.java:18)
	at com.kms.katalon.core.webui.driver.edge.EdgeChromiumDriverBuilder.createDriver(EdgeChromiumDriverBuilder.java:34)
	at com.kms.katalon.core.webui.driver.AbstractDriverBuilder.build(AbstractDriverBuilder.java:53)
	at com.kms.katalon.core.webui.driver.DriverFactory.startNewBrowser(DriverFactory.java:247)
	at com.kms.katalon.core.webui.driver.DriverFactory.openWebDriver(DriverFactory.java:149)
	at com.kms.katalon.core.webui.keyword.builtin.OpenBrowserKeyword$_openBrowser_closure1.doCall(OpenBrowserKeyword.groovy:44)
	at com.kms.katalon.core.webui.keyword.builtin.OpenBrowserKeyword$_openBrowser_closure1.call(OpenBrowserKeyword.groovy)
	at com.kms.katalon.core.webui.keyword.internal.WebUIKeywordMain.runKeyword(WebUIKeywordMain.groovy:41)
	... 22 more

2026-01-28 15:04:49.568 INFO  c.k.katalon.core.main.TestCaseExecutor   - END Test Cases/ProhanceWeb/Login_Page/Login
2026-01-28 15:04:49.573 INFO  c.k.katalon.core.main.TestCaseExecutor   - --------------------
2026-01-28 15:04:49.573 INFO  c.k.katalon.core.main.TestCaseExecutor   - START Test Cases/ProhanceWeb/Login_Page/Login
2026-01-28 15:04:49.611 INFO  c.k.katalon.core.main.TestCaseExecutor   - userName = tsL9urF6O/D/xURRxzj/8w==
2026-01-28 15:04:49.616 INFO  c.k.katalon.core.main.TestCaseExecutor   - password = HeCM15nHKBI=
2026-01-28 15:04:49.619 DEBUG testcase.Login                           - 1: openBrowser("")
2026-01-28 15:04:49.630 INFO  c.k.k.core.webui.driver.DriverFactory    - Starting 'Edge Chromium' driver
2026-01-28 15:04:49.634 INFO  c.k.k.core.webui.driver.DriverFactory    - Action delay is set to 0 milliseconds
2026-01-28 15:05:03.103 ERROR c.k.k.core.keyword.internal.KeywordMain  - ❌ Unable to open browser with url: '' (Root cause: com.kms.katalon.core.exception.StepFailedException: Unable to open browser with url: ''
	at com.kms.katalon.core.webui.keyword.internal.WebUIKeywordMain.stepFailed(WebUIKeywordMain.groovy:177)
	at com.kms.katalon.core.webui.keyword.internal.WebUIKeywordMain.runKeyword(WebUIKeywordMain.groovy:49)
	at com.kms.katalon.core.webui.keyword.builtin.OpenBrowserKeyword.openBrowser(OpenBrowserKeyword.groovy:55)
	at com.kms.katalon.core.webui.keyword.builtin.OpenBrowserKeyword.execute(OpenBrowserKeyword.groovy:37)
	at com.kms.katalon.core.keyword.internal.KeywordExecutor.executeKeywordForPlatform(KeywordExecutor.groovy:90)
	at com.kms.katalon.core.webui.keyword.WebUiBuiltInKeywords.openBrowser(WebUiBuiltInKeywords.groovy:62)
	at Login.run(Login:23)
	at com.kms.katalon.core.main.ScriptEngine.run(ScriptEngine.java:194)
	at com.kms.katalon.core.main.ScriptEngine.runScriptAsRawText(ScriptEngine.java:119)
	at com.kms.katalon.core.main.TestCaseExecutor.runScript(TestCaseExecutor.java:490)
	at com.kms.katalon.core.main.TestCaseExecutor.doExecute(TestCaseExecutor.java:481)
	at com.kms.katalon.core.main.TestCaseExecutor.processExecutionPhase(TestCaseExecutor.java:460)
	at com.kms.katalon.core.main.TestCaseExecutor.accessMainPhase(TestCaseExecutor.java:452)
	at com.kms.katalon.core.main.TestCaseExecutor.execute(TestCaseExecutor.java:322)
	at com.kms.katalon.core.main.TestCaseExecutor.execute(TestCaseExecutor.java:410)
	at com.kms.katalon.core.main.TestCaseExecutor.execute(TestCaseExecutor.java:410)
	at com.kms.katalon.core.main.TestCaseExecutor.execute(TestCaseExecutor.java:410)
	at com.kms.katalon.core.common.CommonExecutor.accessTestCaseMainPhase(CommonExecutor.java:71)
	at com.kms.katalon.core.main.TestSuiteExecutor.accessTestSuiteMainPhase(TestSuiteExecutor.java:153)
	at com.kms.katalon.core.main.TestSuiteExecutor.execute(TestSuiteExecutor.java:110)
	at com.kms.katalon.core.main.TestCaseMain.startTestSuite(TestCaseMain.java:205)
	at TempTestSuite1769592834472.run(TempTestSuite1769592834472.groovy:35)
	at java.base/jdk.internal.reflect.NativeMethodAccessorImpl.invoke0(Native Method)
	at java.base/jdk.internal.reflect.NativeMethodAccessorImpl.invoke(NativeMethodAccessorImpl.java:77)
	at java.base/jdk.internal.reflect.DelegatingMethodAccessorImpl.invoke(DelegatingMethodAccessorImpl.java:43)
Caused by: org.openqa.selenium.SessionNotCreatedException: Could not start a new session. Response code 500. Message: session not created: This version of Microsoft Edge WebDriver only supports Microsoft Edge version 142
Current browser version is 144.0.3719.92 with binary path C:\Program Files (x86)\Microsoft\Edge\Application\msedge.exe 
Host info: host: 'JAMOCHA57', ip: '10.10.10.136'
Build info: version: '4.34.0', revision: '707dcb4246*'
System info: os.name: 'Windows 11', os.arch: 'amd64', os.version: '10.0', java.version: '17.0.14'
Driver info: com.kms.katalon.selenium.driver.CEdgeDriver
Command: [null, newSession {capabilities=[Capabilities {browserName: MicrosoftEdge, ms:edgeOptions: {args: [], extensions: []}, platformName: windows, unhandledPromptBehavior: {alert: ignore, beforeUnload: ignore, confirm: ignore, default: ignore, file: ignore, prompt: ignore}, webSocketUrl: true}]}]
	at org.openqa.selenium.remote.ProtocolHandshake.createSession(ProtocolHandshake.java:114)
	at org.openqa.selenium.remote.ProtocolHandshake.createSession(ProtocolHandshake.java:75)
	at org.openqa.selenium.remote.ProtocolHandshake.createSession(ProtocolHandshake.java:61)
	at org.openqa.selenium.remote.HttpCommandExecutor.execute(HttpCommandExecutor.java:187)
	at org.openqa.selenium.remote.service.DriverCommandExecutor.invokeExecute(DriverCommandExecutor.java:216)
	at org.openqa.selenium.remote.service.DriverCommandExecutor.execute(DriverCommandExecutor.java:174)
	at org.openqa.selenium.remote.RemoteWebDriver.execute(RemoteWebDriver.java:544)
	at org.openqa.selenium.remote.RemoteWebDriver.startSession(RemoteWebDriver.java:244)
	at org.openqa.selenium.remote.RemoteWebDriver.<init>(RemoteWebDriver.java:173)
	at org.openqa.selenium.chromium.ChromiumDriver.<init>(ChromiumDriver.java:110)
	at org.openqa.selenium.edge.EdgeDriver.<init>(EdgeDriver.java:60)
	at org.openqa.selenium.edge.EdgeDriver.<init>(EdgeDriver.java:56)
	at com.kms.katalon.selenium.driver.CEdgeDriver.<init>(CEdgeDriver.java:18)
	at com.kms.katalon.core.webui.driver.edge.EdgeChromiumDriverBuilder.createDriver(EdgeChromiumDriverBuilder.java:34)
	at com.kms.katalon.core.webui.driver.AbstractDriverBuilder.build(AbstractDriverBuilder.java:53)
	at com.kms.katalon.core.webui.driver.DriverFactory.startNewBrowser(DriverFactory.java:247)
	at com.kms.katalon.core.webui.driver.DriverFactory.openWebDriver(DriverFactory.java:149)
	at com.kms.katalon.core.webui.keyword.builtin.OpenBrowserKeyword$_openBrowser_closure1.doCall(OpenBrowserKeyword.groovy:44)
	at com.kms.katalon.core.webui.keyword.builtin.OpenBrowserKeyword$_openBrowser_closure1.call(OpenBrowserKeyword.groovy)
	at com.kms.katalon.core.webui.keyword.internal.WebUIKeywordMain.runKeyword(WebUIKeywordMain.groovy:41)
	at com.kms.katalon.core.webui.keyword.builtin.OpenBrowserKeyword.openBrowser(OpenBrowserKeyword.groovy:55)
	at com.kms.katalon.core.webui.keyword.builtin.OpenBrowserKeyword.execute(OpenBrowserKeyword.groovy:37)
	at com.kms.katalon.core.keyword.internal.KeywordExecutor.executeKeywordForPlatform(KeywordExecutor.groovy:90)
	at com.kms.katalon.core.webui.keyword.WebUiBuiltInKeywords.openBrowser(WebUiBuiltInKeywords.groovy:62)
	at Script1767513437169.run(Script1767513437169.groovy:23)
	... 18 more
)
2026-01-28 15:05:03.110 ERROR c.k.katalon.core.main.TestCaseExecutor   - ❌ Test Cases/ProhanceWeb/Login_Page/Login FAILED.
Reason:
com.kms.katalon.core.exception.StepFailedException: Unable to open browser with url: ''
	at com.kms.katalon.core.webui.keyword.internal.WebUIKeywordMain.stepFailed(WebUIKeywordMain.groovy:177)
	at com.kms.katalon.core.webui.keyword.internal.WebUIKeywordMain.runKeyword(WebUIKeywordMain.groovy:49)
	at com.kms.katalon.core.webui.keyword.builtin.OpenBrowserKeyword.openBrowser(OpenBrowserKeyword.groovy:55)
	at com.kms.katalon.core.webui.keyword.builtin.OpenBrowserKeyword.execute(OpenBrowserKeyword.groovy:37)
	at com.kms.katalon.core.keyword.internal.KeywordExecutor.executeKeywordForPlatform(KeywordExecutor.groovy:90)
	at com.kms.katalon.core.webui.keyword.WebUiBuiltInKeywords.openBrowser(WebUiBuiltInKeywords.groovy:62)
	at Login.run(Login:23)
	at com.kms.katalon.core.main.ScriptEngine.run(ScriptEngine.java:194)
	at com.kms.katalon.core.main.ScriptEngine.runScriptAsRawText(ScriptEngine.java:119)
	at com.kms.katalon.core.main.TestCaseExecutor.runScript(TestCaseExecutor.java:490)
	at com.kms.katalon.core.main.TestCaseExecutor.doExecute(TestCaseExecutor.java:481)
	at com.kms.katalon.core.main.TestCaseExecutor.processExecutionPhase(TestCaseExecutor.java:460)
	at com.kms.katalon.core.main.TestCaseExecutor.accessMainPhase(TestCaseExecutor.java:452)
	at com.kms.katalon.core.main.TestCaseExecutor.execute(TestCaseExecutor.java:322)
	at com.kms.katalon.core.main.TestCaseExecutor.execute(TestCaseExecutor.java:410)
	at com.kms.katalon.core.main.TestCaseExecutor.execute(TestCaseExecutor.java:410)
	at com.kms.katalon.core.main.TestCaseExecutor.execute(TestCaseExecutor.java:410)
	at com.kms.katalon.core.common.CommonExecutor.accessTestCaseMainPhase(CommonExecutor.java:71)
	at com.kms.katalon.core.main.TestSuiteExecutor.accessTestSuiteMainPhase(TestSuiteExecutor.java:153)
	at com.kms.katalon.core.main.TestSuiteExecutor.execute(TestSuiteExecutor.java:110)
	at com.kms.katalon.core.main.TestCaseMain.startTestSuite(TestCaseMain.java:205)
	at TempTestSuite1769592834472.run(TempTestSuite1769592834472.groovy:35)
	at java.base/jdk.internal.reflect.NativeMethodAccessorImpl.invoke0(Native Method)
	at java.base/jdk.internal.reflect.NativeMethodAccessorImpl.invoke(NativeMethodAccessorImpl.java:77)
	at java.base/jdk.internal.reflect.DelegatingMethodAccessorImpl.invoke(DelegatingMethodAccessorImpl.java:43)
Caused by: org.openqa.selenium.SessionNotCreatedException: Could not start a new session. Response code 500. Message: session not created: This version of Microsoft Edge WebDriver only supports Microsoft Edge version 142
Current browser version is 144.0.3719.92 with binary path C:\Program Files (x86)\Microsoft\Edge\Application\msedge.exe 
Host info: host: 'JAMOCHA57', ip: '10.10.10.136'
Build info: version: '4.34.0', revision: '707dcb4246*'
System info: os.name: 'Windows 11', os.arch: 'amd64', os.version: '10.0', java.version: '17.0.14'
Driver info: com.kms.katalon.selenium.driver.CEdgeDriver
Command: [null, newSession {capabilities=[Capabilities {browserName: MicrosoftEdge, ms:edgeOptions: {args: [], extensions: []}, platformName: windows, unhandledPromptBehavior: {alert: ignore, beforeUnload: ignore, confirm: ignore, default: ignore, file: ignore, prompt: ignore}, webSocketUrl: true}]}]
	at org.openqa.selenium.remote.ProtocolHandshake.createSession(ProtocolHandshake.java:114)
	at org.openqa.selenium.remote.ProtocolHandshake.createSession(ProtocolHandshake.java:75)
	at org.openqa.selenium.remote.ProtocolHandshake.createSession(ProtocolHandshake.java:61)
	at org.openqa.selenium.remote.HttpCommandExecutor.execute(HttpCommandExecutor.java:187)
	at org.openqa.selenium.remote.service.DriverCommandExecutor.invokeExecute(DriverCommandExecutor.java:216)
	at org.openqa.selenium.remote.service.DriverCommandExecutor.execute(DriverCommandExecutor.java:174)
	at org.openqa.selenium.remote.RemoteWebDriver.execute(RemoteWebDriver.java:544)
	at org.openqa.selenium.remote.RemoteWebDriver.startSession(RemoteWebDriver.java:244)
	at org.openqa.selenium.remote.RemoteWebDriver.<init>(RemoteWebDriver.java:173)
	at org.openqa.selenium.chromium.ChromiumDriver.<init>(ChromiumDriver.java:110)
	at org.openqa.selenium.edge.EdgeDriver.<init>(EdgeDriver.java:60)
	at org.openqa.selenium.edge.EdgeDriver.<init>(EdgeDriver.java:56)
	at com.kms.katalon.selenium.driver.CEdgeDriver.<init>(CEdgeDriver.java:18)
	at com.kms.katalon.core.webui.driver.edge.EdgeChromiumDriverBuilder.createDriver(EdgeChromiumDriverBuilder.java:34)
	at com.kms.katalon.core.webui.driver.AbstractDriverBuilder.build(AbstractDriverBuilder.java:53)
	at com.kms.katalon.core.webui.driver.DriverFactory.startNewBrowser(DriverFactory.java:247)
	at com.kms.katalon.core.webui.driver.DriverFactory.openWebDriver(DriverFactory.java:149)
	at com.kms.katalon.core.webui.keyword.builtin.OpenBrowserKeyword$_openBrowser_closure1.doCall(OpenBrowserKeyword.groovy:44)
	at com.kms.katalon.core.webui.keyword.builtin.OpenBrowserKeyword$_openBrowser_closure1.call(OpenBrowserKeyword.groovy)
	at com.kms.katalon.core.webui.keyword.internal.WebUIKeywordMain.runKeyword(WebUIKeywordMain.groovy:41)
	... 23 more

2026-01-28 15:05:03.119 INFO  c.k.katalon.core.main.TestCaseExecutor   - END Test Cases/ProhanceWeb/Login_Page/Login
2026-01-28 15:05:03.160 INFO  c.k.katalon.core.main.TestCaseExecutor   - --------------------
2026-01-28 15:05:03.160 INFO  c.k.katalon.core.main.TestCaseExecutor   - START Test Cases/ProhanceWeb/Login_Page/Login
2026-01-28 15:05:03.199 INFO  c.k.katalon.core.main.TestCaseExecutor   - userName = JaYlvlkoT9Q=
2026-01-28 15:05:03.200 INFO  c.k.katalon.core.main.TestCaseExecutor   - password = HeCM15nHKBI=
2026-01-28 15:05:03.204 DEBUG testcase.Login                           - 1: openBrowser("")
2026-01-28 15:05:03.213 INFO  c.k.k.core.webui.driver.DriverFactory    - Starting 'Edge Chromium' driver
2026-01-28 15:05:03.216 INFO  c.k.k.core.webui.driver.DriverFactory    - Action delay is set to 0 milliseconds
2026-01-28 15:05:20.236 ERROR c.k.k.core.keyword.internal.KeywordMain  - ❌ Unable to open browser with url: '' (Root cause: com.kms.katalon.core.exception.StepFailedException: Unable to open browser with url: ''
	at com.kms.katalon.core.webui.keyword.internal.WebUIKeywordMain.stepFailed(WebUIKeywordMain.groovy:177)
	at com.kms.katalon.core.webui.keyword.internal.WebUIKeywordMain.runKeyword(WebUIKeywordMain.groovy:49)
	at com.kms.katalon.core.webui.keyword.builtin.OpenBrowserKeyword.openBrowser(OpenBrowserKeyword.groovy:55)
	at com.kms.katalon.core.webui.keyword.builtin.OpenBrowserKeyword.execute(OpenBrowserKeyword.groovy:37)
	at com.kms.katalon.core.keyword.internal.KeywordExecutor.executeKeywordForPlatform(KeywordExecutor.groovy:90)
	at com.kms.katalon.core.webui.keyword.WebUiBuiltInKeywords.openBrowser(WebUiBuiltInKeywords.groovy:62)
	at Login.run(Login:23)
	at com.kms.katalon.core.main.ScriptEngine.run(ScriptEngine.java:194)
	at com.kms.katalon.core.main.ScriptEngine.runScriptAsRawText(ScriptEngine.java:119)
	at com.kms.katalon.core.main.TestCaseExecutor.runScript(TestCaseExecutor.java:490)
	at com.kms.katalon.core.main.TestCaseExecutor.doExecute(TestCaseExecutor.java:481)
	at com.kms.katalon.core.main.TestCaseExecutor.processExecutionPhase(TestCaseExecutor.java:460)
	at com.kms.katalon.core.main.TestCaseExecutor.accessMainPhase(TestCaseExecutor.java:452)
	at com.kms.katalon.core.main.TestCaseExecutor.execute(TestCaseExecutor.java:322)
	at com.kms.katalon.core.common.CommonExecutor.accessTestCaseMainPhase(CommonExecutor.java:71)
	at com.kms.katalon.core.main.TestSuiteExecutor.accessTestSuiteMainPhase(TestSuiteExecutor.java:153)
	at com.kms.katalon.core.main.TestSuiteExecutor.execute(TestSuiteExecutor.java:110)
	at com.kms.katalon.core.main.TestCaseMain.startTestSuite(TestCaseMain.java:205)
	at TempTestSuite1769592834472.run(TempTestSuite1769592834472.groovy:35)
	at java.base/jdk.internal.reflect.NativeMethodAccessorImpl.invoke0(Native Method)
	at java.base/jdk.internal.reflect.NativeMethodAccessorImpl.invoke(NativeMethodAccessorImpl.java:77)
	at java.base/jdk.internal.reflect.DelegatingMethodAccessorImpl.invoke(DelegatingMethodAccessorImpl.java:43)
Caused by: org.openqa.selenium.SessionNotCreatedException: Could not start a new session. Response code 500. Message: session not created: This version of Microsoft Edge WebDriver only supports Microsoft Edge version 142
Current browser version is 144.0.3719.92 with binary path C:\Program Files (x86)\Microsoft\Edge\Application\msedge.exe 
Host info: host: 'JAMOCHA57', ip: '10.10.10.136'
Build info: version: '4.34.0', revision: '707dcb4246*'
System info: os.name: 'Windows 11', os.arch: 'amd64', os.version: '10.0', java.version: '17.0.14'
Driver info: com.kms.katalon.selenium.driver.CEdgeDriver
Command: [null, newSession {capabilities=[Capabilities {browserName: MicrosoftEdge, ms:edgeOptions: {args: [], extensions: []}, platformName: windows, unhandledPromptBehavior: {alert: ignore, beforeUnload: ignore, confirm: ignore, default: ignore, file: ignore, prompt: ignore}, webSocketUrl: true}]}]
	at org.openqa.selenium.remote.ProtocolHandshake.createSession(ProtocolHandshake.java:114)
	at org.openqa.selenium.remote.ProtocolHandshake.createSession(ProtocolHandshake.java:75)
	at org.openqa.selenium.remote.ProtocolHandshake.createSession(ProtocolHandshake.java:61)
	at org.openqa.selenium.remote.HttpCommandExecutor.execute(HttpCommandExecutor.java:187)
	at org.openqa.selenium.remote.service.DriverCommandExecutor.invokeExecute(DriverCommandExecutor.java:216)
	at org.openqa.selenium.remote.service.DriverCommandExecutor.execute(DriverCommandExecutor.java:174)
	at org.openqa.selenium.remote.RemoteWebDriver.execute(RemoteWebDriver.java:544)
	at org.openqa.selenium.remote.RemoteWebDriver.startSession(RemoteWebDriver.java:244)
	at org.openqa.selenium.remote.RemoteWebDriver.<init>(RemoteWebDriver.java:173)
	at org.openqa.selenium.chromium.ChromiumDriver.<init>(ChromiumDriver.java:110)
	at org.openqa.selenium.edge.EdgeDriver.<init>(EdgeDriver.java:60)
	at org.openqa.selenium.edge.EdgeDriver.<init>(EdgeDriver.java:56)
	at com.kms.katalon.selenium.driver.CEdgeDriver.<init>(CEdgeDriver.java:18)
	at com.kms.katalon.core.webui.driver.edge.EdgeChromiumDriverBuilder.createDriver(EdgeChromiumDriverBuilder.java:34)
	at com.kms.katalon.core.webui.driver.AbstractDriverBuilder.build(AbstractDriverBuilder.java:53)
	at com.kms.katalon.core.webui.driver.DriverFactory.startNewBrowser(DriverFactory.java:247)
	at com.kms.katalon.core.webui.driver.DriverFactory.openWebDriver(DriverFactory.java:149)
	at com.kms.katalon.core.webui.keyword.builtin.OpenBrowserKeyword$_openBrowser_closure1.doCall(OpenBrowserKeyword.groovy:44)
	at com.kms.katalon.core.webui.keyword.builtin.OpenBrowserKeyword$_openBrowser_closure1.call(OpenBrowserKeyword.groovy)
	at com.kms.katalon.core.webui.keyword.internal.WebUIKeywordMain.runKeyword(WebUIKeywordMain.groovy:41)
	at com.kms.katalon.core.webui.keyword.builtin.OpenBrowserKeyword.openBrowser(OpenBrowserKeyword.groovy:55)
	at com.kms.katalon.core.webui.keyword.builtin.OpenBrowserKeyword.execute(OpenBrowserKeyword.groovy:37)
	at com.kms.katalon.core.keyword.internal.KeywordExecutor.executeKeywordForPlatform(KeywordExecutor.groovy:90)
	at com.kms.katalon.core.webui.keyword.WebUiBuiltInKeywords.openBrowser(WebUiBuiltInKeywords.groovy:62)
	at Script1767513437169.run(Script1767513437169.groovy:23)
	... 15 more
)
2026-01-28 15:05:20.239 ERROR c.k.katalon.core.main.TestCaseExecutor   - ❌ Test Cases/ProhanceWeb/Login_Page/Login FAILED.
Reason:
com.kms.katalon.core.exception.StepFailedException: Unable to open browser with url: ''
	at com.kms.katalon.core.webui.keyword.internal.WebUIKeywordMain.stepFailed(WebUIKeywordMain.groovy:177)
	at com.kms.katalon.core.webui.keyword.internal.WebUIKeywordMain.runKeyword(WebUIKeywordMain.groovy:49)
	at com.kms.katalon.core.webui.keyword.builtin.OpenBrowserKeyword.openBrowser(OpenBrowserKeyword.groovy:55)
	at com.kms.katalon.core.webui.keyword.builtin.OpenBrowserKeyword.execute(OpenBrowserKeyword.groovy:37)
	at com.kms.katalon.core.keyword.internal.KeywordExecutor.executeKeywordForPlatform(KeywordExecutor.groovy:90)
	at com.kms.katalon.core.webui.keyword.WebUiBuiltInKeywords.openBrowser(WebUiBuiltInKeywords.groovy:62)
	at Login.run(Login:23)
	at com.kms.katalon.core.main.ScriptEngine.run(ScriptEngine.java:194)
	at com.kms.katalon.core.main.ScriptEngine.runScriptAsRawText(ScriptEngine.java:119)
	at com.kms.katalon.core.main.TestCaseExecutor.runScript(TestCaseExecutor.java:490)
	at com.kms.katalon.core.main.TestCaseExecutor.doExecute(TestCaseExecutor.java:481)
	at com.kms.katalon.core.main.TestCaseExecutor.processExecutionPhase(TestCaseExecutor.java:460)
	at com.kms.katalon.core.main.TestCaseExecutor.accessMainPhase(TestCaseExecutor.java:452)
	at com.kms.katalon.core.main.TestCaseExecutor.execute(TestCaseExecutor.java:322)
	at com.kms.katalon.core.common.CommonExecutor.accessTestCaseMainPhase(CommonExecutor.java:71)
	at com.kms.katalon.core.main.TestSuiteExecutor.accessTestSuiteMainPhase(TestSuiteExecutor.java:153)
	at com.kms.katalon.core.main.TestSuiteExecutor.execute(TestSuiteExecutor.java:110)
	at com.kms.katalon.core.main.TestCaseMain.startTestSuite(TestCaseMain.java:205)
	at TempTestSuite1769592834472.run(TempTestSuite1769592834472.groovy:35)
	at java.base/jdk.internal.reflect.NativeMethodAccessorImpl.invoke0(Native Method)
	at java.base/jdk.internal.reflect.NativeMethodAccessorImpl.invoke(NativeMethodAccessorImpl.java:77)
	at java.base/jdk.internal.reflect.DelegatingMethodAccessorImpl.invoke(DelegatingMethodAccessorImpl.java:43)
Caused by: org.openqa.selenium.SessionNotCreatedException: Could not start a new session. Response code 500. Message: session not created: This version of Microsoft Edge WebDriver only supports Microsoft Edge version 142
Current browser version is 144.0.3719.92 with binary path C:\Program Files (x86)\Microsoft\Edge\Application\msedge.exe 
Host info: host: 'JAMOCHA57', ip: '10.10.10.136'
Build info: version: '4.34.0', revision: '707dcb4246*'
System info: os.name: 'Windows 11', os.arch: 'amd64', os.version: '10.0', java.version: '17.0.14'
Driver info: com.kms.katalon.selenium.driver.CEdgeDriver
Command: [null, newSession {capabilities=[Capabilities {browserName: MicrosoftEdge, ms:edgeOptions: {args: [], extensions: []}, platformName: windows, unhandledPromptBehavior: {alert: ignore, beforeUnload: ignore, confirm: ignore, default: ignore, file: ignore, prompt: ignore}, webSocketUrl: true}]}]
	at org.openqa.selenium.remote.ProtocolHandshake.createSession(ProtocolHandshake.java:114)
	at org.openqa.selenium.remote.ProtocolHandshake.createSession(ProtocolHandshake.java:75)
	at org.openqa.selenium.remote.ProtocolHandshake.createSession(ProtocolHandshake.java:61)
	at org.openqa.selenium.remote.HttpCommandExecutor.execute(HttpCommandExecutor.java:187)
	at org.openqa.selenium.remote.service.DriverCommandExecutor.invokeExecute(DriverCommandExecutor.java:216)
	at org.openqa.selenium.remote.service.DriverCommandExecutor.execute(DriverCommandExecutor.java:174)
	at org.openqa.selenium.remote.RemoteWebDriver.execute(RemoteWebDriver.java:544)
	at org.openqa.selenium.remote.RemoteWebDriver.startSession(RemoteWebDriver.java:244)
	at org.openqa.selenium.remote.RemoteWebDriver.<init>(RemoteWebDriver.java:173)
	at org.openqa.selenium.chromium.ChromiumDriver.<init>(ChromiumDriver.java:110)
	at org.openqa.selenium.edge.EdgeDriver.<init>(EdgeDriver.java:60)
	at org.openqa.selenium.edge.EdgeDriver.<init>(EdgeDriver.java:56)
	at com.kms.katalon.selenium.driver.CEdgeDriver.<init>(CEdgeDriver.java:18)
	at com.kms.katalon.core.webui.driver.edge.EdgeChromiumDriverBuilder.createDriver(EdgeChromiumDriverBuilder.java:34)
	at com.kms.katalon.core.webui.driver.AbstractDriverBuilder.build(AbstractDriverBuilder.java:53)
	at com.kms.katalon.core.webui.driver.DriverFactory.startNewBrowser(DriverFactory.java:247)
	at com.kms.katalon.core.webui.driver.DriverFactory.openWebDriver(DriverFactory.java:149)
	at com.kms.katalon.core.webui.keyword.builtin.OpenBrowserKeyword$_openBrowser_closure1.doCall(OpenBrowserKeyword.groovy:44)
	at com.kms.katalon.core.webui.keyword.builtin.OpenBrowserKeyword$_openBrowser_closure1.call(OpenBrowserKeyword.groovy)
	at com.kms.katalon.core.webui.keyword.internal.WebUIKeywordMain.runKeyword(WebUIKeywordMain.groovy:41)
	... 20 more

2026-01-28 15:05:20.323 INFO  c.k.katalon.core.main.TestCaseExecutor   - END Test Cases/ProhanceWeb/Login_Page/Login
2026-01-28 15:05:20.330 INFO  c.k.katalon.core.main.TestCaseExecutor   - --------------------
2026-01-28 15:05:20.330 INFO  c.k.katalon.core.main.TestCaseExecutor   - START Test Cases/ProhanceWeb/Login_Page/Login
2026-01-28 15:05:20.365 INFO  c.k.katalon.core.main.TestCaseExecutor   - userName = JaYlvlkoT9Q=
2026-01-28 15:05:20.370 INFO  c.k.katalon.core.main.TestCaseExecutor   - password = HeCM15nHKBI=
2026-01-28 15:05:20.373 DEBUG testcase.Login                           - 1: openBrowser("")
2026-01-28 15:05:20.378 INFO  c.k.k.core.webui.driver.DriverFactory    - Starting 'Edge Chromium' driver
2026-01-28 15:05:20.381 INFO  c.k.k.core.webui.driver.DriverFactory    - Action delay is set to 0 milliseconds
2026-01-28 15:05:29.742 ERROR c.k.k.core.keyword.internal.KeywordMain  - ❌ Unable to open browser with url: '' (Root cause: com.kms.katalon.core.exception.StepFailedException: Unable to open browser with url: ''
	at com.kms.katalon.core.webui.keyword.internal.WebUIKeywordMain.stepFailed(WebUIKeywordMain.groovy:177)
	at com.kms.katalon.core.webui.keyword.internal.WebUIKeywordMain.runKeyword(WebUIKeywordMain.groovy:49)
	at com.kms.katalon.core.webui.keyword.builtin.OpenBrowserKeyword.openBrowser(OpenBrowserKeyword.groovy:55)
	at com.kms.katalon.core.webui.keyword.builtin.OpenBrowserKeyword.execute(OpenBrowserKeyword.groovy:37)
	at com.kms.katalon.core.keyword.internal.KeywordExecutor.executeKeywordForPlatform(KeywordExecutor.groovy:90)
	at com.kms.katalon.core.webui.keyword.WebUiBuiltInKeywords.openBrowser(WebUiBuiltInKeywords.groovy:62)
	at Login.run(Login:23)
	at com.kms.katalon.core.main.ScriptEngine.run(ScriptEngine.java:194)
	at com.kms.katalon.core.main.ScriptEngine.runScriptAsRawText(ScriptEngine.java:119)
	at com.kms.katalon.core.main.TestCaseExecutor.runScript(TestCaseExecutor.java:490)
	at com.kms.katalon.core.main.TestCaseExecutor.doExecute(TestCaseExecutor.java:481)
	at com.kms.katalon.core.main.TestCaseExecutor.processExecutionPhase(TestCaseExecutor.java:460)
	at com.kms.katalon.core.main.TestCaseExecutor.accessMainPhase(TestCaseExecutor.java:452)
	at com.kms.katalon.core.main.TestCaseExecutor.execute(TestCaseExecutor.java:322)
	at com.kms.katalon.core.main.TestCaseExecutor.execute(TestCaseExecutor.java:410)
	at com.kms.katalon.core.common.CommonExecutor.accessTestCaseMainPhase(CommonExecutor.java:71)
	at com.kms.katalon.core.main.TestSuiteExecutor.accessTestSuiteMainPhase(TestSuiteExecutor.java:153)
	at com.kms.katalon.core.main.TestSuiteExecutor.execute(TestSuiteExecutor.java:110)
	at com.kms.katalon.core.main.TestCaseMain.startTestSuite(TestCaseMain.java:205)
	at TempTestSuite1769592834472.run(TempTestSuite1769592834472.groovy:35)
	at java.base/jdk.internal.reflect.NativeMethodAccessorImpl.invoke0(Native Method)
	at java.base/jdk.internal.reflect.NativeMethodAccessorImpl.invoke(NativeMethodAccessorImpl.java:77)
	at java.base/jdk.internal.reflect.DelegatingMethodAccessorImpl.invoke(DelegatingMethodAccessorImpl.java:43)
Caused by: org.openqa.selenium.SessionNotCreatedException: Could not start a new session. Response code 500. Message: session not created: This version of Microsoft Edge WebDriver only supports Microsoft Edge version 142
Current browser version is 144.0.3719.92 with binary path C:\Program Files (x86)\Microsoft\Edge\Application\msedge.exe 
Host info: host: 'JAMOCHA57', ip: '10.10.10.136'
Build info: version: '4.34.0', revision: '707dcb4246*'
System info: os.name: 'Windows 11', os.arch: 'amd64', os.version: '10.0', java.version: '17.0.14'
Driver info: com.kms.katalon.selenium.driver.CEdgeDriver
Command: [null, newSession {capabilities=[Capabilities {browserName: MicrosoftEdge, ms:edgeOptions: {args: [], extensions: []}, platformName: windows, unhandledPromptBehavior: {alert: ignore, beforeUnload: ignore, confirm: ignore, default: ignore, file: ignore, prompt: ignore}, webSocketUrl: true}]}]
	at org.openqa.selenium.remote.ProtocolHandshake.createSession(ProtocolHandshake.java:114)
	at org.openqa.selenium.remote.ProtocolHandshake.createSession(ProtocolHandshake.java:75)
	at org.openqa.selenium.remote.ProtocolHandshake.createSession(ProtocolHandshake.java:61)
	at org.openqa.selenium.remote.HttpCommandExecutor.execute(HttpCommandExecutor.java:187)
	at org.openqa.selenium.remote.service.DriverCommandExecutor.invokeExecute(DriverCommandExecutor.java:216)
	at org.openqa.selenium.remote.service.DriverCommandExecutor.execute(DriverCommandExecutor.java:174)
	at org.openqa.selenium.remote.RemoteWebDriver.execute(RemoteWebDriver.java:544)
	at org.openqa.selenium.remote.RemoteWebDriver.startSession(RemoteWebDriver.java:244)
	at org.openqa.selenium.remote.RemoteWebDriver.<init>(RemoteWebDriver.java:173)
	at org.openqa.selenium.chromium.ChromiumDriver.<init>(ChromiumDriver.java:110)
	at org.openqa.selenium.edge.EdgeDriver.<init>(EdgeDriver.java:60)
	at org.openqa.selenium.edge.EdgeDriver.<init>(EdgeDriver.java:56)
	at com.kms.katalon.selenium.driver.CEdgeDriver.<init>(CEdgeDriver.java:18)
	at com.kms.katalon.core.webui.driver.edge.EdgeChromiumDriverBuilder.createDriver(EdgeChromiumDriverBuilder.java:34)
	at com.kms.katalon.core.webui.driver.AbstractDriverBuilder.build(AbstractDriverBuilder.java:53)
	at com.kms.katalon.core.webui.driver.DriverFactory.startNewBrowser(DriverFactory.java:247)
	at com.kms.katalon.core.webui.driver.DriverFactory.openWebDriver(DriverFactory.java:149)
	at com.kms.katalon.core.webui.keyword.builtin.OpenBrowserKeyword$_openBrowser_closure1.doCall(OpenBrowserKeyword.groovy:44)
	at com.kms.katalon.core.webui.keyword.builtin.OpenBrowserKeyword$_openBrowser_closure1.call(OpenBrowserKeyword.groovy)
	at com.kms.katalon.core.webui.keyword.internal.WebUIKeywordMain.runKeyword(WebUIKeywordMain.groovy:41)
	at com.kms.katalon.core.webui.keyword.builtin.OpenBrowserKeyword.openBrowser(OpenBrowserKeyword.groovy:55)
	at com.kms.katalon.core.webui.keyword.builtin.OpenBrowserKeyword.execute(OpenBrowserKeyword.groovy:37)
	at com.kms.katalon.core.keyword.internal.KeywordExecutor.executeKeywordForPlatform(KeywordExecutor.groovy:90)
	at com.kms.katalon.core.webui.keyword.WebUiBuiltInKeywords.openBrowser(WebUiBuiltInKeywords.groovy:62)
	at Script1767513437169.run(Script1767513437169.groovy:23)
	... 16 more
)
2026-01-28 15:05:29.745 ERROR c.k.katalon.core.main.TestCaseExecutor   - ❌ Test Cases/ProhanceWeb/Login_Page/Login FAILED.
Reason:
com.kms.katalon.core.exception.StepFailedException: Unable to open browser with url: ''
	at com.kms.katalon.core.webui.keyword.internal.WebUIKeywordMain.stepFailed(WebUIKeywordMain.groovy:177)
	at com.kms.katalon.core.webui.keyword.internal.WebUIKeywordMain.runKeyword(WebUIKeywordMain.groovy:49)
	at com.kms.katalon.core.webui.keyword.builtin.OpenBrowserKeyword.openBrowser(OpenBrowserKeyword.groovy:55)
	at com.kms.katalon.core.webui.keyword.builtin.OpenBrowserKeyword.execute(OpenBrowserKeyword.groovy:37)
	at com.kms.katalon.core.keyword.internal.KeywordExecutor.executeKeywordForPlatform(KeywordExecutor.groovy:90)
	at com.kms.katalon.core.webui.keyword.WebUiBuiltInKeywords.openBrowser(WebUiBuiltInKeywords.groovy:62)
	at Login.run(Login:23)
	at com.kms.katalon.core.main.ScriptEngine.run(ScriptEngine.java:194)
	at com.kms.katalon.core.main.ScriptEngine.runScriptAsRawText(ScriptEngine.java:119)
	at com.kms.katalon.core.main.TestCaseExecutor.runScript(TestCaseExecutor.java:490)
	at com.kms.katalon.core.main.TestCaseExecutor.doExecute(TestCaseExecutor.java:481)
	at com.kms.katalon.core.main.TestCaseExecutor.processExecutionPhase(TestCaseExecutor.java:460)
	at com.kms.katalon.core.main.TestCaseExecutor.accessMainPhase(TestCaseExecutor.java:452)
	at com.kms.katalon.core.main.TestCaseExecutor.execute(TestCaseExecutor.java:322)
	at com.kms.katalon.core.main.TestCaseExecutor.execute(TestCaseExecutor.java:410)
	at com.kms.katalon.core.common.CommonExecutor.accessTestCaseMainPhase(CommonExecutor.java:71)
	at com.kms.katalon.core.main.TestSuiteExecutor.accessTestSuiteMainPhase(TestSuiteExecutor.java:153)
	at com.kms.katalon.core.main.TestSuiteExecutor.execute(TestSuiteExecutor.java:110)
	at com.kms.katalon.core.main.TestCaseMain.startTestSuite(TestCaseMain.java:205)
	at TempTestSuite1769592834472.run(TempTestSuite1769592834472.groovy:35)
	at java.base/jdk.internal.reflect.NativeMethodAccessorImpl.invoke0(Native Method)
	at java.base/jdk.internal.reflect.NativeMethodAccessorImpl.invoke(NativeMethodAccessorImpl.java:77)
	at java.base/jdk.internal.reflect.DelegatingMethodAccessorImpl.invoke(DelegatingMethodAccessorImpl.java:43)
Caused by: org.openqa.selenium.SessionNotCreatedException: Could not start a new session. Response code 500. Message: session not created: This version of Microsoft Edge WebDriver only supports Microsoft Edge version 142
Current browser version is 144.0.3719.92 with binary path C:\Program Files (x86)\Microsoft\Edge\Application\msedge.exe 
Host info: host: 'JAMOCHA57', ip: '10.10.10.136'
Build info: version: '4.34.0', revision: '707dcb4246*'
System info: os.name: 'Windows 11', os.arch: 'amd64', os.version: '10.0', java.version: '17.0.14'
Driver info: com.kms.katalon.selenium.driver.CEdgeDriver
Command: [null, newSession {capabilities=[Capabilities {browserName: MicrosoftEdge, ms:edgeOptions: {args: [], extensions: []}, platformName: windows, unhandledPromptBehavior: {alert: ignore, beforeUnload: ignore, confirm: ignore, default: ignore, file: ignore, prompt: ignore}, webSocketUrl: true}]}]
	at org.openqa.selenium.remote.ProtocolHandshake.createSession(ProtocolHandshake.java:114)
	at org.openqa.selenium.remote.ProtocolHandshake.createSession(ProtocolHandshake.java:75)
	at org.openqa.selenium.remote.ProtocolHandshake.createSession(ProtocolHandshake.java:61)
	at org.openqa.selenium.remote.HttpCommandExecutor.execute(HttpCommandExecutor.java:187)
	at org.openqa.selenium.remote.service.DriverCommandExecutor.invokeExecute(DriverCommandExecutor.java:216)
	at org.openqa.selenium.remote.service.DriverCommandExecutor.execute(DriverCommandExecutor.java:174)
	at org.openqa.selenium.remote.RemoteWebDriver.execute(RemoteWebDriver.java:544)
	at org.openqa.selenium.remote.RemoteWebDriver.startSession(RemoteWebDriver.java:244)
	at org.openqa.selenium.remote.RemoteWebDriver.<init>(RemoteWebDriver.java:173)
	at org.openqa.selenium.chromium.ChromiumDriver.<init>(ChromiumDriver.java:110)
	at org.openqa.selenium.edge.EdgeDriver.<init>(EdgeDriver.java:60)
	at org.openqa.selenium.edge.EdgeDriver.<init>(EdgeDriver.java:56)
	at com.kms.katalon.selenium.driver.CEdgeDriver.<init>(CEdgeDriver.java:18)
	at com.kms.katalon.core.webui.driver.edge.EdgeChromiumDriverBuilder.createDriver(EdgeChromiumDriverBuilder.java:34)
	at com.kms.katalon.core.webui.driver.AbstractDriverBuilder.build(AbstractDriverBuilder.java:53)
	at com.kms.katalon.core.webui.driver.DriverFactory.startNewBrowser(DriverFactory.java:247)
	at com.kms.katalon.core.webui.driver.DriverFactory.openWebDriver(DriverFactory.java:149)
	at com.kms.katalon.core.webui.keyword.builtin.OpenBrowserKeyword$_openBrowser_closure1.doCall(OpenBrowserKeyword.groovy:44)
	at com.kms.katalon.core.webui.keyword.builtin.OpenBrowserKeyword$_openBrowser_closure1.call(OpenBrowserKeyword.groovy)
	at com.kms.katalon.core.webui.keyword.internal.WebUIKeywordMain.runKeyword(WebUIKeywordMain.groovy:41)
	... 21 more

2026-01-28 15:05:29.747 INFO  c.k.katalon.core.main.TestCaseExecutor   - END Test Cases/ProhanceWeb/Login_Page/Login
2026-01-28 15:05:29.754 INFO  c.k.katalon.core.main.TestCaseExecutor   - --------------------
2026-01-28 15:05:29.755 INFO  c.k.katalon.core.main.TestCaseExecutor   - START Test Cases/ProhanceWeb/Login_Page/Login
2026-01-28 15:05:29.775 INFO  c.k.katalon.core.main.TestCaseExecutor   - userName = JaYlvlkoT9Q=
2026-01-28 15:05:29.776 INFO  c.k.katalon.core.main.TestCaseExecutor   - password = HeCM15nHKBI=
2026-01-28 15:05:29.777 DEBUG testcase.Login                           - 1: openBrowser("")
2026-01-28 15:05:29.785 INFO  c.k.k.core.webui.driver.DriverFactory    - Starting 'Edge Chromium' driver
2026-01-28 15:05:29.790 INFO  c.k.k.core.webui.driver.DriverFactory    - Action delay is set to 0 milliseconds
2026-01-28 15:05:39.604 ERROR c.k.k.core.keyword.internal.KeywordMain  - ❌ Unable to open browser with url: '' (Root cause: com.kms.katalon.core.exception.StepFailedException: Unable to open browser with url: ''
	at com.kms.katalon.core.webui.keyword.internal.WebUIKeywordMain.stepFailed(WebUIKeywordMain.groovy:177)
	at com.kms.katalon.core.webui.keyword.internal.WebUIKeywordMain.runKeyword(WebUIKeywordMain.groovy:49)
	at com.kms.katalon.core.webui.keyword.builtin.OpenBrowserKeyword.openBrowser(OpenBrowserKeyword.groovy:55)
	at com.kms.katalon.core.webui.keyword.builtin.OpenBrowserKeyword.execute(OpenBrowserKeyword.groovy:37)
	at com.kms.katalon.core.keyword.internal.KeywordExecutor.executeKeywordForPlatform(KeywordExecutor.groovy:90)
	at com.kms.katalon.core.webui.keyword.WebUiBuiltInKeywords.openBrowser(WebUiBuiltInKeywords.groovy:62)
	at Login.run(Login:23)
	at com.kms.katalon.core.main.ScriptEngine.run(ScriptEngine.java:194)
	at com.kms.katalon.core.main.ScriptEngine.runScriptAsRawText(ScriptEngine.java:119)
	at com.kms.katalon.core.main.TestCaseExecutor.runScript(TestCaseExecutor.java:490)
	at com.kms.katalon.core.main.TestCaseExecutor.doExecute(TestCaseExecutor.java:481)
	at com.kms.katalon.core.main.TestCaseExecutor.processExecutionPhase(TestCaseExecutor.java:460)
	at com.kms.katalon.core.main.TestCaseExecutor.accessMainPhase(TestCaseExecutor.java:452)
	at com.kms.katalon.core.main.TestCaseExecutor.execute(TestCaseExecutor.java:322)
	at com.kms.katalon.core.main.TestCaseExecutor.execute(TestCaseExecutor.java:410)
	at com.kms.katalon.core.main.TestCaseExecutor.execute(TestCaseExecutor.java:410)
	at com.kms.katalon.core.common.CommonExecutor.accessTestCaseMainPhase(CommonExecutor.java:71)
	at com.kms.katalon.core.main.TestSuiteExecutor.accessTestSuiteMainPhase(TestSuiteExecutor.java:153)
	at com.kms.katalon.core.main.TestSuiteExecutor.execute(TestSuiteExecutor.java:110)
	at com.kms.katalon.core.main.TestCaseMain.startTestSuite(TestCaseMain.java:205)
	at TempTestSuite1769592834472.run(TempTestSuite1769592834472.groovy:35)
	at java.base/jdk.internal.reflect.NativeMethodAccessorImpl.invoke0(Native Method)
	at java.base/jdk.internal.reflect.NativeMethodAccessorImpl.invoke(NativeMethodAccessorImpl.java:77)
	at java.base/jdk.internal.reflect.DelegatingMethodAccessorImpl.invoke(DelegatingMethodAccessorImpl.java:43)
Caused by: org.openqa.selenium.SessionNotCreatedException: Could not start a new session. Response code 500. Message: session not created: This version of Microsoft Edge WebDriver only supports Microsoft Edge version 142
Current browser version is 144.0.3719.92 with binary path C:\Program Files (x86)\Microsoft\Edge\Application\msedge.exe 
Host info: host: 'JAMOCHA57', ip: '10.10.10.136'
Build info: version: '4.34.0', revision: '707dcb4246*'
System info: os.name: 'Windows 11', os.arch: 'amd64', os.version: '10.0', java.version: '17.0.14'
Driver info: com.kms.katalon.selenium.driver.CEdgeDriver
Command: [null, newSession {capabilities=[Capabilities {browserName: MicrosoftEdge, ms:edgeOptions: {args: [], extensions: []}, platformName: windows, unhandledPromptBehavior: {alert: ignore, beforeUnload: ignore, confirm: ignore, default: ignore, file: ignore, prompt: ignore}, webSocketUrl: true}]}]
	at org.openqa.selenium.remote.ProtocolHandshake.createSession(ProtocolHandshake.java:114)
	at org.openqa.selenium.remote.ProtocolHandshake.createSession(ProtocolHandshake.java:75)
	at org.openqa.selenium.remote.ProtocolHandshake.createSession(ProtocolHandshake.java:61)
	at org.openqa.selenium.remote.HttpCommandExecutor.execute(HttpCommandExecutor.java:187)
	at org.openqa.selenium.remote.service.DriverCommandExecutor.invokeExecute(DriverCommandExecutor.java:216)
	at org.openqa.selenium.remote.service.DriverCommandExecutor.execute(DriverCommandExecutor.java:174)
	at org.openqa.selenium.remote.RemoteWebDriver.execute(RemoteWebDriver.java:544)
	at org.openqa.selenium.remote.RemoteWebDriver.startSession(RemoteWebDriver.java:244)
	at org.openqa.selenium.remote.RemoteWebDriver.<init>(RemoteWebDriver.java:173)
	at org.openqa.selenium.chromium.ChromiumDriver.<init>(ChromiumDriver.java:110)
	at org.openqa.selenium.edge.EdgeDriver.<init>(EdgeDriver.java:60)
	at org.openqa.selenium.edge.EdgeDriver.<init>(EdgeDriver.java:56)
	at com.kms.katalon.selenium.driver.CEdgeDriver.<init>(CEdgeDriver.java:18)
	at com.kms.katalon.core.webui.driver.edge.EdgeChromiumDriverBuilder.createDriver(EdgeChromiumDriverBuilder.java:34)
	at com.kms.katalon.core.webui.driver.AbstractDriverBuilder.build(AbstractDriverBuilder.java:53)
	at com.kms.katalon.core.webui.driver.DriverFactory.startNewBrowser(DriverFactory.java:247)
	at com.kms.katalon.core.webui.driver.DriverFactory.openWebDriver(DriverFactory.java:149)
	at com.kms.katalon.core.webui.keyword.builtin.OpenBrowserKeyword$_openBrowser_closure1.doCall(OpenBrowserKeyword.groovy:44)
	at com.kms.katalon.core.webui.keyword.builtin.OpenBrowserKeyword$_openBrowser_closure1.call(OpenBrowserKeyword.groovy)
	at com.kms.katalon.core.webui.keyword.internal.WebUIKeywordMain.runKeyword(WebUIKeywordMain.groovy:41)
	at com.kms.katalon.core.webui.keyword.builtin.OpenBrowserKeyword.openBrowser(OpenBrowserKeyword.groovy:55)
	at com.kms.katalon.core.webui.keyword.builtin.OpenBrowserKeyword.execute(OpenBrowserKeyword.groovy:37)
	at com.kms.katalon.core.keyword.internal.KeywordExecutor.executeKeywordForPlatform(KeywordExecutor.groovy:90)
	at com.kms.katalon.core.webui.keyword.WebUiBuiltInKeywords.openBrowser(WebUiBuiltInKeywords.groovy:62)
	at Script1767513437169.run(Script1767513437169.groovy:23)
	... 17 more
)
2026-01-28 15:05:39.607 ERROR c.k.katalon.core.main.TestCaseExecutor   - ❌ Test Cases/ProhanceWeb/Login_Page/Login FAILED.
Reason:
com.kms.katalon.core.exception.StepFailedException: Unable to open browser with url: ''
	at com.kms.katalon.core.webui.keyword.internal.WebUIKeywordMain.stepFailed(WebUIKeywordMain.groovy:177)
	at com.kms.katalon.core.webui.keyword.internal.WebUIKeywordMain.runKeyword(WebUIKeywordMain.groovy:49)
	at com.kms.katalon.core.webui.keyword.builtin.OpenBrowserKeyword.openBrowser(OpenBrowserKeyword.groovy:55)
	at com.kms.katalon.core.webui.keyword.builtin.OpenBrowserKeyword.execute(OpenBrowserKeyword.groovy:37)
	at com.kms.katalon.core.keyword.internal.KeywordExecutor.executeKeywordForPlatform(KeywordExecutor.groovy:90)
	at com.kms.katalon.core.webui.keyword.WebUiBuiltInKeywords.openBrowser(WebUiBuiltInKeywords.groovy:62)
	at Login.run(Login:23)
	at com.kms.katalon.core.main.ScriptEngine.run(ScriptEngine.java:194)
	at com.kms.katalon.core.main.ScriptEngine.runScriptAsRawText(ScriptEngine.java:119)
	at com.kms.katalon.core.main.TestCaseExecutor.runScript(TestCaseExecutor.java:490)
	at com.kms.katalon.core.main.TestCaseExecutor.doExecute(TestCaseExecutor.java:481)
	at com.kms.katalon.core.main.TestCaseExecutor.processExecutionPhase(TestCaseExecutor.java:460)
	at com.kms.katalon.core.main.TestCaseExecutor.accessMainPhase(TestCaseExecutor.java:452)
	at com.kms.katalon.core.main.TestCaseExecutor.execute(TestCaseExecutor.java:322)
	at com.kms.katalon.core.main.TestCaseExecutor.execute(TestCaseExecutor.java:410)
	at com.kms.katalon.core.main.TestCaseExecutor.execute(TestCaseExecutor.java:410)
	at com.kms.katalon.core.common.CommonExecutor.accessTestCaseMainPhase(CommonExecutor.java:71)
	at com.kms.katalon.core.main.TestSuiteExecutor.accessTestSuiteMainPhase(TestSuiteExecutor.java:153)
	at com.kms.katalon.core.main.TestSuiteExecutor.execute(TestSuiteExecutor.java:110)
	at com.kms.katalon.core.main.TestCaseMain.startTestSuite(TestCaseMain.java:205)
	at TempTestSuite1769592834472.run(TempTestSuite1769592834472.groovy:35)
	at java.base/jdk.internal.reflect.NativeMethodAccessorImpl.invoke0(Native Method)
	at java.base/jdk.internal.reflect.NativeMethodAccessorImpl.invoke(NativeMethodAccessorImpl.java:77)
	at java.base/jdk.internal.reflect.DelegatingMethodAccessorImpl.invoke(DelegatingMethodAccessorImpl.java:43)
Caused by: org.openqa.selenium.SessionNotCreatedException: Could not start a new session. Response code 500. Message: session not created: This version of Microsoft Edge WebDriver only supports Microsoft Edge version 142
Current browser version is 144.0.3719.92 with binary path C:\Program Files (x86)\Microsoft\Edge\Application\msedge.exe 
Host info: host: 'JAMOCHA57', ip: '10.10.10.136'
Build info: version: '4.34.0', revision: '707dcb4246*'
System info: os.name: 'Windows 11', os.arch: 'amd64', os.version: '10.0', java.version: '17.0.14'
Driver info: com.kms.katalon.selenium.driver.CEdgeDriver
Command: [null, newSession {capabilities=[Capabilities {browserName: MicrosoftEdge, ms:edgeOptions: {args: [], extensions: []}, platformName: windows, unhandledPromptBehavior: {alert: ignore, beforeUnload: ignore, confirm: ignore, default: ignore, file: ignore, prompt: ignore}, webSocketUrl: true}]}]
	at org.openqa.selenium.remote.ProtocolHandshake.createSession(ProtocolHandshake.java:114)
	at org.openqa.selenium.remote.ProtocolHandshake.createSession(ProtocolHandshake.java:75)
	at org.openqa.selenium.remote.ProtocolHandshake.createSession(ProtocolHandshake.java:61)
	at org.openqa.selenium.remote.HttpCommandExecutor.execute(HttpCommandExecutor.java:187)
	at org.openqa.selenium.remote.service.DriverCommandExecutor.invokeExecute(DriverCommandExecutor.java:216)
	at org.openqa.selenium.remote.service.DriverCommandExecutor.execute(DriverCommandExecutor.java:174)
	at org.openqa.selenium.remote.RemoteWebDriver.execute(RemoteWebDriver.java:544)
	at org.openqa.selenium.remote.RemoteWebDriver.startSession(RemoteWebDriver.java:244)
	at org.openqa.selenium.remote.RemoteWebDriver.<init>(RemoteWebDriver.java:173)
	at org.openqa.selenium.chromium.ChromiumDriver.<init>(ChromiumDriver.java:110)
	at org.openqa.selenium.edge.EdgeDriver.<init>(EdgeDriver.java:60)
	at org.openqa.selenium.edge.EdgeDriver.<init>(EdgeDriver.java:56)
	at com.kms.katalon.selenium.driver.CEdgeDriver.<init>(CEdgeDriver.java:18)
	at com.kms.katalon.core.webui.driver.edge.EdgeChromiumDriverBuilder.createDriver(EdgeChromiumDriverBuilder.java:34)
	at com.kms.katalon.core.webui.driver.AbstractDriverBuilder.build(AbstractDriverBuilder.java:53)
	at com.kms.katalon.core.webui.driver.DriverFactory.startNewBrowser(DriverFactory.java:247)
	at com.kms.katalon.core.webui.driver.DriverFactory.openWebDriver(DriverFactory.java:149)
	at com.kms.katalon.core.webui.keyword.builtin.OpenBrowserKeyword$_openBrowser_closure1.doCall(OpenBrowserKeyword.groovy:44)
	at com.kms.katalon.core.webui.keyword.builtin.OpenBrowserKeyword$_openBrowser_closure1.call(OpenBrowserKeyword.groovy)
	at com.kms.katalon.core.webui.keyword.internal.WebUIKeywordMain.runKeyword(WebUIKeywordMain.groovy:41)
	... 22 more

2026-01-28 15:05:39.614 INFO  c.k.katalon.core.main.TestCaseExecutor   - END Test Cases/ProhanceWeb/Login_Page/Login
2026-01-28 15:05:39.620 INFO  c.k.katalon.core.main.TestCaseExecutor   - --------------------
2026-01-28 15:05:39.620 INFO  c.k.katalon.core.main.TestCaseExecutor   - START Test Cases/ProhanceWeb/Login_Page/Login
2026-01-28 15:05:39.642 INFO  c.k.katalon.core.main.TestCaseExecutor   - userName = JaYlvlkoT9Q=
2026-01-28 15:05:39.643 INFO  c.k.katalon.core.main.TestCaseExecutor   - password = HeCM15nHKBI=
2026-01-28 15:05:39.645 DEBUG testcase.Login                           - 1: openBrowser("")
2026-01-28 15:05:39.654 INFO  c.k.k.core.webui.driver.DriverFactory    - Starting 'Edge Chromium' driver
2026-01-28 15:05:39.657 INFO  c.k.k.core.webui.driver.DriverFactory    - Action delay is set to 0 milliseconds
2026-01-28 15:05:49.054 ERROR c.k.k.core.keyword.internal.KeywordMain  - ❌ Unable to open browser with url: '' (Root cause: com.kms.katalon.core.exception.StepFailedException: Unable to open browser with url: ''
	at com.kms.katalon.core.webui.keyword.internal.WebUIKeywordMain.stepFailed(WebUIKeywordMain.groovy:177)
	at com.kms.katalon.core.webui.keyword.internal.WebUIKeywordMain.runKeyword(WebUIKeywordMain.groovy:49)
	at com.kms.katalon.core.webui.keyword.builtin.OpenBrowserKeyword.openBrowser(OpenBrowserKeyword.groovy:55)
	at com.kms.katalon.core.webui.keyword.builtin.OpenBrowserKeyword.execute(OpenBrowserKeyword.groovy:37)
	at com.kms.katalon.core.keyword.internal.KeywordExecutor.executeKeywordForPlatform(KeywordExecutor.groovy:90)
	at com.kms.katalon.core.webui.keyword.WebUiBuiltInKeywords.openBrowser(WebUiBuiltInKeywords.groovy:62)
	at Login.run(Login:23)
	at com.kms.katalon.core.main.ScriptEngine.run(ScriptEngine.java:194)
	at com.kms.katalon.core.main.ScriptEngine.runScriptAsRawText(ScriptEngine.java:119)
	at com.kms.katalon.core.main.TestCaseExecutor.runScript(TestCaseExecutor.java:490)
	at com.kms.katalon.core.main.TestCaseExecutor.doExecute(TestCaseExecutor.java:481)
	at com.kms.katalon.core.main.TestCaseExecutor.processExecutionPhase(TestCaseExecutor.java:460)
	at com.kms.katalon.core.main.TestCaseExecutor.accessMainPhase(TestCaseExecutor.java:452)
	at com.kms.katalon.core.main.TestCaseExecutor.execute(TestCaseExecutor.java:322)
	at com.kms.katalon.core.main.TestCaseExecutor.execute(TestCaseExecutor.java:410)
	at com.kms.katalon.core.main.TestCaseExecutor.execute(TestCaseExecutor.java:410)
	at com.kms.katalon.core.main.TestCaseExecutor.execute(TestCaseExecutor.java:410)
	at com.kms.katalon.core.common.CommonExecutor.accessTestCaseMainPhase(CommonExecutor.java:71)
	at com.kms.katalon.core.main.TestSuiteExecutor.accessTestSuiteMainPhase(TestSuiteExecutor.java:153)
	at com.kms.katalon.core.main.TestSuiteExecutor.execute(TestSuiteExecutor.java:110)
	at com.kms.katalon.core.main.TestCaseMain.startTestSuite(TestCaseMain.java:205)
	at TempTestSuite1769592834472.run(TempTestSuite1769592834472.groovy:35)
	at java.base/jdk.internal.reflect.NativeMethodAccessorImpl.invoke0(Native Method)
	at java.base/jdk.internal.reflect.NativeMethodAccessorImpl.invoke(NativeMethodAccessorImpl.java:77)
	at java.base/jdk.internal.reflect.DelegatingMethodAccessorImpl.invoke(DelegatingMethodAccessorImpl.java:43)
Caused by: org.openqa.selenium.SessionNotCreatedException: Could not start a new session. Response code 500. Message: session not created: This version of Microsoft Edge WebDriver only supports Microsoft Edge version 142
Current browser version is 144.0.3719.92 with binary path C:\Program Files (x86)\Microsoft\Edge\Application\msedge.exe 
Host info: host: 'JAMOCHA57', ip: '10.10.10.136'
Build info: version: '4.34.0', revision: '707dcb4246*'
System info: os.name: 'Windows 11', os.arch: 'amd64', os.version: '10.0', java.version: '17.0.14'
Driver info: com.kms.katalon.selenium.driver.CEdgeDriver
Command: [null, newSession {capabilities=[Capabilities {browserName: MicrosoftEdge, ms:edgeOptions: {args: [], extensions: []}, platformName: windows, unhandledPromptBehavior: {alert: ignore, beforeUnload: ignore, confirm: ignore, default: ignore, file: ignore, prompt: ignore}, webSocketUrl: true}]}]
	at org.openqa.selenium.remote.ProtocolHandshake.createSession(ProtocolHandshake.java:114)
	at org.openqa.selenium.remote.ProtocolHandshake.createSession(ProtocolHandshake.java:75)
	at org.openqa.selenium.remote.ProtocolHandshake.createSession(ProtocolHandshake.java:61)
	at org.openqa.selenium.remote.HttpCommandExecutor.execute(HttpCommandExecutor.java:187)
	at org.openqa.selenium.remote.service.DriverCommandExecutor.invokeExecute(DriverCommandExecutor.java:216)
	at org.openqa.selenium.remote.service.DriverCommandExecutor.execute(DriverCommandExecutor.java:174)
	at org.openqa.selenium.remote.RemoteWebDriver.execute(RemoteWebDriver.java:544)
	at org.openqa.selenium.remote.RemoteWebDriver.startSession(RemoteWebDriver.java:244)
	at org.openqa.selenium.remote.RemoteWebDriver.<init>(RemoteWebDriver.java:173)
	at org.openqa.selenium.chromium.ChromiumDriver.<init>(ChromiumDriver.java:110)
	at org.openqa.selenium.edge.EdgeDriver.<init>(EdgeDriver.java:60)
	at org.openqa.selenium.edge.EdgeDriver.<init>(EdgeDriver.java:56)
	at com.kms.katalon.selenium.driver.CEdgeDriver.<init>(CEdgeDriver.java:18)
	at com.kms.katalon.core.webui.driver.edge.EdgeChromiumDriverBuilder.createDriver(EdgeChromiumDriverBuilder.java:34)
	at com.kms.katalon.core.webui.driver.AbstractDriverBuilder.build(AbstractDriverBuilder.java:53)
	at com.kms.katalon.core.webui.driver.DriverFactory.startNewBrowser(DriverFactory.java:247)
	at com.kms.katalon.core.webui.driver.DriverFactory.openWebDriver(DriverFactory.java:149)
	at com.kms.katalon.core.webui.keyword.builtin.OpenBrowserKeyword$_openBrowser_closure1.doCall(OpenBrowserKeyword.groovy:44)
	at com.kms.katalon.core.webui.keyword.builtin.OpenBrowserKeyword$_openBrowser_closure1.call(OpenBrowserKeyword.groovy)
	at com.kms.katalon.core.webui.keyword.internal.WebUIKeywordMain.runKeyword(WebUIKeywordMain.groovy:41)
	at com.kms.katalon.core.webui.keyword.builtin.OpenBrowserKeyword.openBrowser(OpenBrowserKeyword.groovy:55)
	at com.kms.katalon.core.webui.keyword.builtin.OpenBrowserKeyword.execute(OpenBrowserKeyword.groovy:37)
	at com.kms.katalon.core.keyword.internal.KeywordExecutor.executeKeywordForPlatform(KeywordExecutor.groovy:90)
	at com.kms.katalon.core.webui.keyword.WebUiBuiltInKeywords.openBrowser(WebUiBuiltInKeywords.groovy:62)
	at Script1767513437169.run(Script1767513437169.groovy:23)
	... 18 more
)
2026-01-28 15:05:49.057 ERROR c.k.katalon.core.main.TestCaseExecutor   - ❌ Test Cases/ProhanceWeb/Login_Page/Login FAILED.
Reason:
com.kms.katalon.core.exception.StepFailedException: Unable to open browser with url: ''
	at com.kms.katalon.core.webui.keyword.internal.WebUIKeywordMain.stepFailed(WebUIKeywordMain.groovy:177)
	at com.kms.katalon.core.webui.keyword.internal.WebUIKeywordMain.runKeyword(WebUIKeywordMain.groovy:49)
	at com.kms.katalon.core.webui.keyword.builtin.OpenBrowserKeyword.openBrowser(OpenBrowserKeyword.groovy:55)
	at com.kms.katalon.core.webui.keyword.builtin.OpenBrowserKeyword.execute(OpenBrowserKeyword.groovy:37)
	at com.kms.katalon.core.keyword.internal.KeywordExecutor.executeKeywordForPlatform(KeywordExecutor.groovy:90)
	at com.kms.katalon.core.webui.keyword.WebUiBuiltInKeywords.openBrowser(WebUiBuiltInKeywords.groovy:62)
	at Login.run(Login:23)
	at com.kms.katalon.core.main.ScriptEngine.run(ScriptEngine.java:194)
	at com.kms.katalon.core.main.ScriptEngine.runScriptAsRawText(ScriptEngine.java:119)
	at com.kms.katalon.core.main.TestCaseExecutor.runScript(TestCaseExecutor.java:490)
	at com.kms.katalon.core.main.TestCaseExecutor.doExecute(TestCaseExecutor.java:481)
	at com.kms.katalon.core.main.TestCaseExecutor.processExecutionPhase(TestCaseExecutor.java:460)
	at com.kms.katalon.core.main.TestCaseExecutor.accessMainPhase(TestCaseExecutor.java:452)
	at com.kms.katalon.core.main.TestCaseExecutor.execute(TestCaseExecutor.java:322)
	at com.kms.katalon.core.main.TestCaseExecutor.execute(TestCaseExecutor.java:410)
	at com.kms.katalon.core.main.TestCaseExecutor.execute(TestCaseExecutor.java:410)
	at com.kms.katalon.core.main.TestCaseExecutor.execute(TestCaseExecutor.java:410)
	at com.kms.katalon.core.common.CommonExecutor.accessTestCaseMainPhase(CommonExecutor.java:71)
	at com.kms.katalon.core.main.TestSuiteExecutor.accessTestSuiteMainPhase(TestSuiteExecutor.java:153)
	at com.kms.katalon.core.main.TestSuiteExecutor.execute(TestSuiteExecutor.java:110)
	at com.kms.katalon.core.main.TestCaseMain.startTestSuite(TestCaseMain.java:205)
	at TempTestSuite1769592834472.run(TempTestSuite1769592834472.groovy:35)
	at java.base/jdk.internal.reflect.NativeMethodAccessorImpl.invoke0(Native Method)
	at java.base/jdk.internal.reflect.NativeMethodAccessorImpl.invoke(NativeMethodAccessorImpl.java:77)
	at java.base/jdk.internal.reflect.DelegatingMethodAccessorImpl.invoke(DelegatingMetho2026-01-28 15:05:49.059 INFO  c.k.katalon.core.main.TestCaseExecutor   - END Test Cases/ProhanceWeb/Login_Page/Login
dAccessorImpl.java:43)
Caused by: org.openqa.selenium.SessionNotCreatedException: Could not start a new session. Response code 500. Message: session not created: This version of Microsoft Edge WebDriver only supports Microsoft Edge version 142
Current browser version is 144.0.3719.92 with binary path C:\Program Files (x86)\Microsoft\Edge\Application\msedge.exe 
Host info: host: 'JAMOCHA57', ip: '10.10.10.136'
Build info: version: '4.34.0', revision: '707dcb4246*'
System info: os.name: 'Windows 11', os.arch: 'amd64', os.version: '10.0', java.version: '17.0.14'
Driver info: com.kms.katalon.selenium.driver.CEdgeDriver
Command: [null, newSession {capabilities=[Capabilities {browserName: MicrosoftEdge, ms:edgeOptions: {args: [], extensions: []}, platformName: windows, unhandledPromptBehavior: {alert: ignore, beforeUnload: ignore, confirm: ignore, default: ignore, file: ignore, prompt: ignore}, webSocketUrl: true}]}]
	at org.openqa.selenium.remote.ProtocolHandshake.createSession(ProtocolHandshake.java:114)
	at org.openqa.selenium.remote.ProtocolHandshake.createSession(ProtocolHandshake.java:75)
	at org.openqa.selenium.remote.ProtocolHandshake.createSession(ProtocolHandshake.java:61)
	at org.openqa.selenium.remote.HttpCommandExecutor.execute(HttpCommandExecutor.java:187)
	at org.openqa.selenium.remote.service.DriverCommandExecutor.invokeExecute(DriverCommandExecutor.java:216)
	at org.openqa.selenium.remote.service.DriverCommandExecutor.execute(DriverCommandExecutor.java:174)
	at org.openqa.selenium.remote.RemoteWebDriver.execute(RemoteWebDriver.java:544)
	at org.openqa.selenium.remote.RemoteWebDriver.startSession(RemoteWebDriver.java:244)
	at org.openqa.selenium.remote.RemoteWebDriver.<init>(RemoteWebDriver.java:173)
	at org.openqa.selenium.chromium.ChromiumDriver.<init>(ChromiumDriver.java:110)
	at org.openqa.selenium.edge.EdgeDriver.<init>(EdgeDriver.java:60)
	at org.openqa.selenium.edge.EdgeDriver.<init>(EdgeDriver.java:56)
	at com.kms.katalon.selenium.driver.CEdgeDriver.<init>(CEdgeDriver.java:18)
	at com.kms.katalon.core.webui.driver.edge.EdgeChromiumDriverBuilder.createDriver(EdgeChromiumDriverBuilder.java:34)
	at com.kms.katalon.core.webui.driver.AbstractDriverBuilder.build(AbstractDriverBuilder.java:53)
	at com.kms.katalon.core.webui.driver.DriverFactory.startNewBrowser(DriverFactory.java:247)
	at com.kms.katalon.core.webui.driver.DriverFactory.openWebDriver(DriverFactory.java:149)
	at com.kms.katalon.core.webui.keyword.builtin.OpenBrowserKeyword$_openBrowser_closure1.doCall(OpenBrowserKeyword.groovy:44)
	at com.kms.katalon.core.webui.keyword.builtin.OpenBrowserKeyword$_openBrowser_closure1.call(OpenBrowserKeyword.groovy)
	at com.kms.katalon.core.webui.keyword.internal.WebUIKeywordMain.runKeyword(WebUIKeywordMain.groovy:41)
	... 23 more

2026-01-28 15:05:49.079 INFO  c.k.katalon.core.main.TestCaseExecutor   - --------------------
2026-01-28 15:05:49.079 INFO  c.k.katalon.core.main.TestCaseExecutor   - START Test Cases/ProhanceWeb/Organization Settings/Activity DashBoard/ActivityDashBoard
2026-01-28 15:05:49.225 INFO  c.k.katalon.core.main.TestCaseExecutor   - exportType = excel
2026-01-28 15:05:49.958 DEBUG testcase.ActivityDashBoard               - 1: explort = null
2026-01-28 15:05:49.961 DEBUG testcase.ActivityDashBoard               - 2: rows = null
2026-01-28 15:05:49.963 DEBUG testcase.ActivityDashBoard               - 3: if (verifyElementPresent(findTestObject("Object Repository/Organization Settings/New Folder/Page_ProHance/a_WORK TIME"), Delay))
2026-01-28 15:05:50.861 ERROR c.k.katalon.core.main.TestCaseExecutor   - ❌ Test Cases/ProhanceWeb/Organization Settings/Activity DashBoard/ActivityDashBoard FAILED.
Reason:
com.kms.katalon.core.webui.exception.BrowserNotOpenedException: Browser is not opened
Build info: version: '4.34.0', revision: '707dcb4246*'
System info: os.name: 'Windows 11', os.arch: 'amd64', os.version: '10.0', java.version: '17.0.14'
Driver info: driver.version: unknown
	at com.kms.katalon.core.webui.driver.DriverFactory.verifyWebDriverIsOpen(DriverFactory.java:587)
	at com.kms.katalon.core.webui.driver.DriverFactory.verifyWebDriver(DriverFactory.java:572)
	at com.kms.katalon.core.webui.driver.DriverFactory.getWebDriver(DriverFactory.java:546)
	at com.kms.katalon.core.webui.keyword.builtin.VerifyElementPresentKeyword.verifyElementPresent(VerifyElementPresentKeyword.groovy:73)
	at com.kms.katalon.core.webui.keyword.builtin.VerifyElementPresentKeyword.execute(VerifyElementPresentKeyword.groovy:68)
	at com.kms.katalon.core.keyword.internal.KeywordExecutor.executeKeywordForPlatform(KeywordExecutor.groovy:90)
	at com.kms.katalon.core.webui.keyword.WebUiBuiltInKeywords.verifyElementPresent(WebUiBuiltInKeywords.groovy:1565)
	at ActivityDashBoard.run(ActivityDashBoard:16)
	at com.kms.katalon.core.main.ScriptEngine.run(ScriptEngine.java:194)
	at com.kms.katalon.core.main.ScriptEngine.runScriptAsRawText(ScriptEngine.java:119)
	at com.kms.katalon.core.main.TestCaseExecutor.runScript(TestCaseExecutor.java:490)
	at com.kms.katalon.core.main.TestCaseExecutor.doExecute(TestCaseExecutor.java:481)
	at com.kms.katalon.core.main.TestCaseExecutor.processExecutionPhase(TestCaseExecutor.java:460)
	at com.kms.katalon.core.main.TestCaseExecutor.accessMainPhase(TestCaseExecutor.java:452)
	at com.kms.katalon.core.main.TestCaseExecutor.execute(TestCaseExecutor.java:322)
	at com.kms.katalon.core.common.CommonExecutor.accessTestCaseMainPhase(CommonExecutor.java:71)
	at com.kms.katalon.core.main.TestSuiteExecutor.accessTestSuiteMainPhase(TestSuiteExecutor.java:153)
	at com.kms.katalon.core.main.TestSuiteExecutor.execute(TestSuiteExecutor.java:110)
	at com.kms.katalon.core.main.TestCaseMain.startTestSuite(TestCaseMain.java:205)
	at TempTestSuite1769592834472.run(TempTestSuite1769592834472.groovy:35)
	at java.base/jdk.internal.reflect.NativeMethodAccessorImpl.invoke0(Native Method)
	at java.base/jdk.internal.reflect.NativeMethodAccessorImpl.invoke(NativeMethodAccessorImpl.java:77)
	at java.base/jdk.internal.reflect.DelegatingMethodAccessorImpl.invoke(DelegatingMethodAccessorImpl.java:43)

2026-01-28 15:05:50.869 INFO  c.k.katalon.core.main.TestCaseExecutor   - END Test Cases/ProhanceWeb/Organization Settings/Activity DashBoard/ActivityDashBoard
2026-01-28 15:05:50.876 INFO  c.k.katalon.core.main.TestCaseExecutor   - --------------------
2026-01-28 15:05:50.876 INFO  c.k.katalon.core.main.TestCaseExecutor   - START Test Cases/ProhanceWeb/Organization Settings/Activity DashBoard/ActivityDashBoard
2026-01-28 15:05:50.865 ERROR c.k.katalon.core.main.TestCaseExecutor   - ❌ Test Cases/ProhanceWeb/Organization Settings/Activity DashBoard/ActivityDashBoard FAILED.
Reason:
com.kms.katalon.core.webui.exception.BrowserNotOpenedException: Browser is not opened
Build info: version: '4.34.0', revision: '707dcb4246*'
System info: os.name: 'Windows 11', os.arch: 'amd64', os.version: '10.0', java.version: '17.0.14'
Driver info: driver.version: unknown
	at com.kms.katalon.core.webui.driver.DriverFactory.verifyWebDriverIsOpen(DriverFactory.java:587)
	at com.kms.katalon.core.webui.driver.DriverFactory.verifyWebDriver(DriverFactory.java:572)
	at com.kms.katalon.core.webui.driver.DriverFactory.getWebDriver(DriverFactory.java:546)
	at com.kms.katalon.core.webui.keyword.builtin.VerifyElementPresentKeyword.verifyElementPresent(VerifyElementPresentKeyword.groovy:73)
	at com.kms.katalon.core.webui.keyword.builtin.VerifyElementPresentKeyword.execute(VerifyElementPresentKeyword.groovy:68)
	at com.kms.katalon.core.keyword.internal.KeywordExecutor.executeKeywordForPlatform(KeywordExecutor.groovy:90)
	at com.kms.katalon.core.webui.keyword.WebUiBuiltInKeywords.verifyElementPresent(WebUiBuiltInKeywords.groovy:1565)
	at ActivityDashBoard.run(ActivityDashBoard:16)
	at com.kms.katalon.core.main.ScriptEngine.run(ScriptEngine.java:194)
	at com.kms.katalon.core.main.ScriptEngine.runScriptAsRawText(ScriptEngine.java:119)
	at com.kms.katalon.core.main.TestCaseExecutor.runScript(TestCaseExecutor.java:490)
	at com.kms.katalon.core.main.TestCaseExecutor.doExecute(TestCaseExecutor.java:481)
	at com.kms.katalon.core.main.TestCaseExecutor.processExecutionPhase(TestCaseExecutor.java:460)
	at com.kms.katalon.core.main.TestCaseExecutor.accessMainPhase(TestCaseExecutor.java:452)
	at com.kms.katalon.core.main.TestCaseExecutor.execute(TestCaseExecutor.java:322)
	at com.kms.katalon.core.common.CommonExecutor.accessTestCaseMainPhase(CommonExecutor.java:71)
	at com.kms.katalon.core.main.TestSuiteExecutor.accessTestSuiteMainPhase(TestSuiteExecutor.java:153)
	at com.kms.katalon.core.main.TestSuiteExecutor.execute(TestSuiteExecutor.java:110)
	at com.kms.katalon.core.main.TestCaseMain.startTestSuite(TestCaseMain.java:205)
	at TempTestSuite1769592834472.run(TempTestSuite1769592834472.groovy:35)
	at java.base/jdk.internal.reflect.NativeMethodAccessorImpl.invoke0(Native Method)
	at java.base/jdk.internal.reflect.NativeMethodAccessorImpl.invoke(NativeMethodAccessorImpl.java:77)
	at java.base/jdk.internal.reflect.DelegatingMethodAccessorImpl.invoke(DelegatingMethodAccessorImpl.java:43)

2026-01-28 15:05:50.921 INFO  c.k.katalon.core.main.TestCaseExecutor   - exportType = excel
2026-01-28 15:05:50.929 DEBUG testcase.ActivityDashBoard               - 1: explort = null
2026-01-28 15:05:50.933 DEBUG testcase.ActivityDashBoard               - 2: rows = null
2026-01-28 15:05:50.936 DEBUG testcase.ActivityDashBoard               - 3: if (verifyElementPresent(findTestObject("Object Repository/Organization Settings/New Folder/Page_ProHance/a_WORK TIME"), Delay))
2026-01-28 15:05:50.968 ERROR c.k.katalon.core.main.TestCaseExecutor   - ❌ Test Cases/ProhanceWeb/Organization Settings/Activity DashBoard/ActivityDashBoard FAILED.
Reason:
com.kms.katalon.core.webui.exception.BrowserNotOpenedException: Browser is not opened
Build info: version: '4.34.0', revision: '707dcb4246*'
System info: os.name: 'Windows 11', os.arch: 'amd64', os.version: '10.0', java.version: '17.0.14'
Driver info: driver.version: unknown
	at com.kms.katalon.core.webui.driver.DriverFactory.verifyWebDriverIsOpen(DriverFactory.java:587)
	at com.kms.katalon.core.webui.driver.DriverFactory.verifyWebDriver(DriverFactory.java:572)
	at com.kms.katalon.core.webui.driver.DriverFactory.getWebDriver(DriverFactory.java:546)
	at com.kms.katalon.core.webui.keyword.builtin.VerifyElementPresentKeyword.verifyElementPresent(VerifyElementPresentKeyword.groovy:73)
	at com.kms.katalon.core.webui.keyword.builtin.VerifyElementPresentKeyword.execute(VerifyElementPresentKeyword.groovy:68)
	at com.kms.katalon.core.keyword.internal.KeywordExecutor.executeKeywordForPlatform(KeywordExecutor.groovy:90)
	at com.kms.katalon.core.webui.keyword.WebUiBuiltInKeywords.verifyElementPresent(WebUiBuiltInKeywords.groovy:1565)
	at ActivityDashBoard.run(ActivityDashBoard:16)
	at com.kms.katalon.core.main.ScriptEngine.run(ScriptEngine.java:194)
	at com.kms.katalon.core.main.ScriptEngine.runScriptAsRawText(ScriptEngine.java:119)
	at com.kms.katalon.core.main.TestCaseExecutor.runScript(TestCaseExecutor.java:490)
	at com.kms.katalon.core.main.TestCaseExecutor.doExecute(TestCaseExecutor.java:481)
	at com.kms.katalon.core.main.TestCaseExecutor.processExecutionPhase(TestCaseExecutor.java:460)
	at com.kms.katalon.core.main.TestCaseExecutor.accessMainPhase(TestCaseExecutor.java:452)
	at com.kms.katalon.core.main.TestCaseExecutor.execute(TestCaseExecutor.java:322)
	at com.kms.katalon.core.main.TestCaseExecutor.execute(TestCaseExecutor.java:410)
	at com.kms.katalon.core.common.CommonExecutor.accessTestCaseMainPhase(CommonExecutor.java:71)
	at com.kms.katalon.core.main.TestSuiteExecutor.accessTestSuiteMainPhase(TestSuiteExecutor.java:153)
	at com.kms.katalon.core.main.TestSuiteExecutor.execute(TestSuiteExecutor.java:110)
	at com.kms.katalon.core.main.TestCaseMain.startTestSuite(TestCaseMain.java:205)
	at TempTestSuite1769592834472.run(TempTestSuite1769592834472.groovy:35)
	at java.base/jdk.internal.reflect.NativeMethodAccessorImpl.invoke0(Native Method)
	at java.base/jdk.internal.reflect.NativeMethodAccessorImpl.invoke(NativeMethodAccessorImpl.java:77)
	at java.base/jdk.internal.reflect.DelegatingMethodAccessorImpl.invoke(DelegatingMethodAccessorImpl.java:43)

2026-01-28 15:05:50.971 ERROR c.k.katalon.core.main.TestCaseExecutor   - ❌ Test Cases/ProhanceWeb/Organization Settings/Activity DashBoard/ActivityDashBoard FAILED.
Reason:
com.kms.katalon.core.webui.exception.BrowserNotOpenedException: Browser is not opened
Build info: version: '4.34.0', revision: '707dcb4246*'
System info: os.name: 'Windows 11', os.arch: 'amd64', os.version: '10.0', java.version: '17.0.14'
Driver info: driver.version: unknown
	at com.kms.katalon.core.webui.driver.DriverFactory.verifyWebDriverIsOpen(DriverFactory.java:587)
	at com.kms.katalon.core.webui.driver.DriverFactory.verifyWebDriver(DriverFactory.java:572)
	at com.kms.katalon.core.webui.driver.DriverFactory.getWebDriver(DriverFactory.java:546)
	at com.kms.katalon.core.webui.keyword.builtin.VerifyElementPresentKeyword.verifyElementPresent(VerifyElementPresentKeyword.groovy:73)
	at com.kms.katalon.core.webui.keyword.builtin.VerifyElementPresentKeyword.execute(VerifyElementPresentKeyword.groovy:68)
	at com.kms.katalon.core.keyword.internal.KeywordExecutor.executeKeywordForPlatform(KeywordExecutor.groovy:90)
	at com.kms.katalon.core.webui.keyword.WebUiBuiltInKeywords.verifyElementPresent(WebUiBuiltInKeywords.groovy:1565)
	at ActivityDashBoard.run(ActivityDashBoard:16)
	at com.kms.katalon.core.main.ScriptEngine.run(ScriptEngine.java:194)
	at com.kms.katalon.core.main.ScriptEngine.runScriptAsRawText(ScriptEngine.java:119)
	at com.kms.katalon.core.main.TestCaseExecutor.runScript(TestCaseExecutor.java:490)
	at com.kms.katalon.core.main.TestCaseExecutor.doExecute(TestCaseExecutor.java:481)
	at com.kms.katalon.core.main.TestCaseExecutor.processExecutionPhase(TestCaseExecutor.java:460)
	at com.kms.katalon.core.main.TestCaseExecutor.accessMainPhase(TestCaseExecutor.java:452)
	at com.kms.katalon.core.main.TestCaseExecutor.execute(TestCaseExecutor.java:322)
	at com.kms.katalon.core.main.TestCaseExecutor.execute(TestCaseExecutor.java:410)
	at com.kms.katalon.core.common.CommonExecutor.accessTestCaseMainPhase(CommonExecutor.java:71)
	at com.kms.katalon.core.main.TestSuiteExecutor.accessTestSuiteMainPhase(TestSuiteExecutor.java:153)
	at com.kms.katalon.core.main.TestSuiteExecutor.execute(TestSuiteExecutor.java:110)
	at com.kms.katalon.core.main.TestCaseMain.startTestSuite(TestCaseMain.java:205)
	at TempTestSuite1769592834472.run(TempTestSuite1769592834472.groovy:35)
	at java.base/jdk.internal.reflect.NativeMethodAccessorImpl.invoke0(Native Method)
	at java.base/jdk.internal.reflect.NativeMethodAccessorImpl.invoke(NativeMethodAccessorImpl.java:77)
	at java.base/jdk.internal.reflect.DelegatingMethodAccessorImpl.invoke(DelegatingMethodAccessorImpl.java:43)

2026-01-28 15:05:50.977 INFO  c.k.katalon.core.main.TestCaseExecutor   - END Test Cases/ProhanceWeb/Organization Settings/Activity DashBoard/ActivityDashBoard
2026-01-28 15:05:50.983 INFO  c.k.katalon.core.main.TestCaseExecutor   - --------------------
2026-01-28 15:05:50.983 INFO  c.k.katalon.core.main.TestCaseExecutor   - START Test Cases/ProhanceWeb/Organization Settings/Activity DashBoard/ActivityDashBoard
2026-01-28 15:05:51.033 INFO  c.k.katalon.core.main.TestCaseExecutor   - exportType = excel
2026-01-28 15:05:51.035 DEBUG testcase.ActivityDashBoard               - 1: explort = null
2026-01-28 15:05:51.036 DEBUG testcase.ActivityDashBoard               - 2: rows = null
2026-01-28 15:05:51.039 DEBUG testcase.ActivityDashBoard               - 3: if (verifyElementPresent(findTestObject("Object Repository/Organization Settings/New Folder/Page_ProHance/a_WORK TIME"), Delay))
2026-01-28 15:05:51.051 ERROR c.k.katalon.core.main.TestCaseExecutor   - ❌ Test Cases/ProhanceWeb/Organization Settings/Activity DashBoard/ActivityDashBoard FAILED.
Reason:
com.kms.katalon.core.webui.exception.BrowserNotOpenedException: Browser is not opened
Build info: version: '4.34.0', revision: '707dcb4246*'
System info: os.name: 'Windows 11', os.arch: 'amd64', os.version: '10.0', java.version: '17.0.14'
Driver info: driver.version: unknown
	at com.kms.katalon.core.webui.driver.DriverFactory.verifyWebDriverIsOpen(DriverFactory.java:587)
	at com.kms.katalon.core.webui.driver.DriverFactory.verifyWebDriver(DriverFactory.java:572)
	at com.kms.katalon.core.webui.driver.DriverFactory.getWebDriver(DriverFactory.java:546)
	at com.kms.katalon.core.webui.keyword.builtin.VerifyElementPresentKeyword.verifyElementPresent(VerifyElementPresentKeyword.groovy:73)
	at com.kms.katalon.core.webui.keyword.builtin.VerifyElementPresentKeyword.execute(VerifyElementPresentKeyword.groovy:68)
	at com.kms.katalon.core.keyword.internal.KeywordExecutor.executeKeywordForPlatform(KeywordExecutor.groovy:90)
	at com.kms.katalon.core.webui.keyword.WebUiBuiltInKeywords.verifyElementPresent(WebUiBuiltInKeywords.groovy:1565)
	at ActivityDashBoard.run(ActivityDashBoard:16)
	at com.kms.katalon.core.main.ScriptEngine.run(ScriptEngine.java:194)
	at com.kms.katalon.core.main.ScriptEngine.runScriptAsRawText(ScriptEngine.java:119)
	at com.kms.katalon.core.main.TestCaseExecutor.runScript(TestCaseExecutor.java:490)
	at com.kms.katalon.core.main.TestCaseExecutor.doExecute(TestCaseExecutor.java:481)
	at com.kms.katalon.core.main.TestCaseExecutor.processExecutionPhase(TestCaseExecutor.java:460)
	at com.kms.katalon.core.main.TestCaseExecutor.accessMainPhase(TestCaseExecutor.java:452)
	at com.kms.katalon.core.main.TestCaseExecutor.execute(TestCaseExecutor.java:322)
	at com.kms.katalon.core.main.TestCaseExecutor.execute(TestCaseExecutor.java:410)
	at com.kms.katalon.core.main.TestCaseExecutor.execute(TestCaseExecutor.java:410)
	at com.kms.katalon.core.common.CommonExecutor.accessTestCaseMainPhase(CommonExecutor.java:71)
	at com.kms.katalon.core.main.TestSuiteExecutor.accessTestSuiteMainPhase(TestSuiteExecutor.java:153)
	at com.kms.katalon.core.main.TestSuiteExecutor.execute(TestSuiteExecutor.java:110)
	at com.kms.katalon.core.main.TestCaseMain.startTestSuite(TestCaseMain.java:205)
	at TempTestSuite1769592834472.run(TempTestSuite1769592834472.groovy:35)
	at java.base/jdk.internal.reflect.NativeMethodAccessorImpl.invoke0(Native Method)
	at java.base/jdk.internal.reflect.NativeMethodAccessorImpl.invoke(NativeMethodAccessorImpl.java:77)
	at java.base/jdk.internal.reflect.DelegatingMethodAccessorImpl.invoke(DelegatingMethodAccessorImpl.java:43)

2026-01-28 15:05:51.060 INFO  c.k.katalon.core.main.TestCaseExecutor   - END Test Cases/ProhanceWeb/Organization Settings/Activity DashBoard/ActivityDashBoard
2026-01-28 15:05:51.063 INFO  c.k.katalon.core.main.TestCaseExecutor   - --------------------
2026-01-28 15:05:51.064 INFO  c.k.katalon.core.main.TestCaseExecutor   - START Test Cases/ProhanceWeb/Organization Settings/Activity DashBoard/ActivityDashBoard
2026-01-28 15:05:51.053 ERROR c.k.katalon.core.main.TestCaseExecutor   - ❌ Test Cases/ProhanceWeb/Organization Settings/Activity DashBoard/ActivityDashBoard FAILED.
Reason:
com.kms.katalon.core.webui.exception.BrowserNotOpenedException: Browser is not opened
Build info: version: '4.34.0', revision: '707dcb4246*'
System info: os.name: 'Windows 11', os.arch: 'amd64', os.version: '10.0', java.version: '17.0.14'
Driver info: driver.version: unknown
	at com.kms.katalon.core.webui.driver.DriverFactory.verifyWebDriverIsOpen(DriverFactory.java:587)
	at com.kms.katalon.core.webui.driver.DriverFactory.verifyWebDriver(DriverFactory.java:572)
	at com.kms.katalon.core.webui.driver.DriverFactory.getWebDriver(DriverFactory.java:546)
	at com.kms.katalon.core.webui.keyword.builtin.VerifyElementPresentKeyword.verifyElementPresent(VerifyElementPresentKeyword.groovy:73)
	at com.kms.katalon.core.webui.keyword.builtin.VerifyElementPresentKeyword.execute(VerifyElementPresentKeyword.groovy:68)
	at com.kms.katalon.core.keyword.internal.KeywordExecutor.executeKeywordForPlatform(KeywordExecutor.groovy:90)
	at com.kms.katalon.core.webui.keyword.WebUiBuiltInKeywords.verifyElementPresent(WebUiBuiltInKeywords.groovy:1565)
	at ActivityDashBoard.run(ActivityDashBoard:16)
	at com.kms.katalon.core.main.ScriptEngine.run(ScriptEngine.java:194)
	at com.kms.katalon.core.main.ScriptEngine.runScriptAsRawText(ScriptEngine.java:119)
	at com.kms.katalon.core.main.TestCaseExecutor.runScript(TestCaseExecutor.java:490)
	at com.kms.katalon.core.main.TestCaseExecutor.doExecute(TestCaseExecutor.java:481)
	at com.kms.katalon.core.main.TestCaseExecutor.processExecutionPhase(TestCaseExecutor.java:460)
	at com.kms.katalon.core.main.TestCaseExecutor.accessMainPhase(TestCaseExecutor.java:452)
	at com.kms.katalon.core.main.TestCaseExecutor.execute(TestCaseExecutor.java:322)
	at com.kms.katalon.core.main.TestCaseExecutor.execute(TestCaseExecutor.java:410)
	at com.kms.katalon.core.main.TestCaseExecutor.execute(TestCaseExecutor.java:410)
	at com.kms.katalon.core.common.CommonExecutor.accessTestCaseMainPhase(CommonExecutor.java:71)
	at com.kms.katalon.core.main.TestSuiteExecutor.accessTestSuiteMainPhase(TestSuiteExecutor.java:153)
	at com.kms.katalon.core.main.TestSuiteExecutor.execute(TestSuiteExecutor.java:110)
	at com.kms.katalon.core.main.TestCaseMain.startTestSuite(TestCaseMain.java:205)
	at TempTestSuite1769592834472.run(TempTestSuite1769592834472.groovy:35)
	at java.base/jdk.internal.reflect.NativeMethodAccessorImpl.invoke0(Native Method)
	at java.base/jdk.internal.reflect.NativeMethodAccessorImpl.invoke(NativeMethodAccessorImpl.java:77)
	at java.base/jdk.internal.reflect.DelegatingMethodAccessorImpl.invoke(DelegatingMethodAccessorImpl.java:43)

2026-01-28 15:05:51.089 INFO  c.k.katalon.core.main.TestCaseExecutor   - exportType = excel
2026-01-28 15:05:51.094 DEBUG testcase.ActivityDashBoard               - 1: explort = null
2026-01-28 15:05:51.097 DEBUG testcase.ActivityDashBoard               - 2: rows = null
2026-01-28 15:05:51.099 DEBUG testcase.ActivityDashBoard               - 3: if (verifyElementPresent(findTestObject("Object Repository/Organization Settings/New Folder/Page_ProHance/a_WORK TIME"), Delay))
2026-01-28 15:05:51.106 ERROR c.k.katalon.core.main.TestCaseExecutor   - ❌ Test Cases/ProhanceWeb/Organization Settings/Activity DashBoard/ActivityDashBoard FAILED.
Reason:
com.kms.katalon.core.webui.exception.BrowserNotOpenedException: Browser is not opened
Build info: version: '4.34.0', revision: '707dcb4246*'
System info: os.name: 'Windows 11', os.arch: 'amd64', os.version: '10.0', java.version: '17.0.14'
Driver info: driver.version: unknown
	at com.kms.katalon.core.webui.driver.DriverFactory.verifyWebDriverIsOpen(DriverFactory.java:587)
	at com.kms.katalon.core.webui.driver.DriverFactory.verifyWebDriver(DriverFactory.java:572)
	at com.kms.katalon.core.webui.driver.DriverFactory.getWebDriver(DriverFactory.java:546)
	at com.kms.katalon.core.webui.keyword.builtin.VerifyElementPresentKeyword.verifyElementPresent(VerifyElementPresentKeyword.groovy:73)
	at com.kms.katalon.core.webui.keyword.builtin.VerifyElementPresentKeyword.execute(VerifyElementPresentKeyword.groovy:68)
	at com.kms.katalon.core.keyword.internal.KeywordExecutor.executeKeywordForPlatform(KeywordExecutor.groovy:90)
	at com.kms.katalon.core.webui.keyword.WebUiBuiltInKeywords.verifyElementPresent(WebUiBuiltInKeywords.groovy:1565)
	at ActivityDashBoard.run(ActivityDashBoard:16)
	at com.kms.katalon.core.main.ScriptEngine.run(ScriptEngine.java:194)
	at com.kms.katalon.core.main.ScriptEngine.runScriptAsRawText(ScriptEngine.java:119)
	at com.kms.katalon.core.main.TestCaseExecutor.runScript(TestCaseExecutor.java:490)
	at com.kms.katalon.core.main.TestCaseExecutor.doExecute(TestCaseExecutor.java:481)
	at com.kms.katalon.core.main.TestCaseExecutor.processExecutionPhase(TestCaseExecutor.java:460)
	at com.kms.katalon.core.main.TestCaseExecutor.accessMainPhase(TestCaseExecutor.java:452)
	at com.kms.katalon.core.main.TestCaseExecutor.execute(TestCaseExecutor.java:322)
	at com.kms.katalon.core.main.TestCaseExecutor.execute(TestCaseExecutor.java:410)
	at com.kms.katalon.core.main.TestCaseExecutor.execute(TestCaseExecutor.java:410)
	at com.kms.katalon.core.main.TestCaseExecutor.execute(TestCaseExecutor.java:410)
	at com.kms.katalon.core.common.CommonExecutor.accessTestCaseMainPhase(CommonExecutor.java:71)
	at com.kms.katalon.core.main.TestSuiteExecutor.accessTestSuiteMainPhase(TestSuiteExecutor.java:153)
	at com.kms.katalon.core.main.TestSuiteExecutor.execute(TestSuiteExecutor.java:110)
	at com.kms.katalon.core.main.TestCaseMain.startTestSuite(TestCaseMain.java:205)
	at TempTestSuite1769592834472.run(TempTestSuite1769592834472.groovy:35)
	at java.base/jdk.internal.reflect.NativeMethodAccessorImpl.invoke0(Native Method)
	at java.base/jdk.internal.reflect.NativeMethodAccessorImpl.invoke(NativeMethodAccessorImpl.java:77)
	at java.base/jdk.internal.reflect.DelegatingMethodAccessorImpl.invoke(DelegatingMethodAccessorImpl.java:43)

2026-01-28 15:05:51.112 ERROR c.k.katalon.core.main.TestCaseExecutor   - ❌ Test Cases/ProhanceWeb/Organization Settings/Activity DashBoard/ActivityDashBoard FAILED.
Reason:
com.kms.katalon.core.webui.exception.BrowserNotOpenedException: Browser is not opened
Build info: version: '4.34.0', revision: '707dcb4246*'
System info: os.name: 'Windows 11', os.arch: 'amd64', os.version: '10.0', java.version: '17.0.14'
Driver info: driver.version: unknown
	at com.kms.katalon.core.webui.driver.DriverFactory.verifyWebDriverIsOpen(DriverFactory.java:587)
	at com.kms.katalon.core.webui.driver.DriverFactory.verifyWebDriver(DriverFactory.java:572)
	at com.kms.katalon.core.webui.driver.DriverFactory.getWebDriver(DriverFactory.java:546)
	at com.kms.katalon.core.webui.keyword.builtin.VerifyElementPresentKeyword.verifyElementPresent(VerifyElementPresentKeyword.groovy:73)
	at com.kms.katalon.core.webui.keyword.builtin.VerifyElementPresentKeyword.execute(VerifyElementPresentKeyword.groovy:68)
	at com.kms.katalon.core.keyword.internal.KeywordExecutor.executeKeywordForPlatform(KeywordExecutor.groovy:90)
	at com.kms.katalon.core.webui.keyword.WebUiBuiltInKeywords.verifyElementPresent(WebUiBuiltInKeywords.groovy:1565)
	at ActivityDashBoard.run(ActivityDashBoard:16)
	at com.kms.katalon.core.main.ScriptEngine.run(ScriptEngine.java:194)
	at com.kms.katalon.core.main.ScriptEngine.runScriptAsRawText(ScriptEngine.java:119)
	at com.kms.katalon.core.main.TestCaseExecutor.runScript(TestCaseExecutor.java:490)
	at com.kms.katalon.core.main.TestCaseExecutor.doExecute(TestCaseExecutor.java:481)
	at com.kms.katalon.core.main.TestCaseExecutor.processExecutionPhase(TestCaseExecutor.java:460)
	at com.kms.katalon.core.main.TestCaseExecutor.accessMainPhase(TestCaseExecutor.java:452)
	at com.kms.katalon.core.main.TestCaseExecutor.execute(TestCaseExecutor.java:322)
	at com.kms.katalon.core.main.TestCaseExecutor.execute(TestCaseExecutor.java:410)
	at com.kms.katalon.core.main.TestCaseExecutor.execute(TestCaseExecutor.java:410)
	at com.kms.katalon.core.main.TestCaseExecutor.execute(TestCaseExecutor.java:410)
	at com.kms.katalon.core.common.CommonExecutor.accessTestCaseMainPhase(CommonExecutor.java:71)
	at com.kms.katalon.core.main.TestSuiteExecutor.accessTestSuiteMainPhase(TestSuiteExecutor.java:153)
	at com.kms.katalon.core.main.TestSuiteExecutor.execute(TestSuiteExecutor.java:110)
	at com.kms.katalon.core.main.TestCaseMain.startTestSuite(TestCaseMain.java:205)
	at TempTestSuite1769592834472.run(TempTestSuite1769592834472.groovy:35)
	at java.base/jdk.internal.reflect.NativeMethodAccessorImpl.invoke0(Native Method)
	at java.base/jdk.internal.reflect.NativeMethodAccessorImpl.invoke(NativeMethodAccessorImpl.java:77)
	at java.base/jdk.internal.reflect.DelegatingMethodAccessorImpl.invoke(DelegatingMethodAccessorImpl.java:43)

2026-01-28 15:05:51.122 INFO  c.k.katalon.core.main.TestCaseExecutor   - END Test Cases/ProhanceWeb/Organization Settings/Activity DashBoard/ActivityDashBoard
2026-01-28 15:05:51.148 INFO  c.k.katalon.core.main.TestCaseExecutor   - --------------------
2026-01-28 15:05:51.148 INFO  c.k.katalon.core.main.TestCaseExecutor   - START Test Cases/ProhanceWeb/Organization Settings/Activity DashBoard/ActivityDashBoard
2026-01-28 15:05:51.167 INFO  c.k.katalon.core.main.TestCaseExecutor   - exportType = pdf
2026-01-28 15:05:51.169 DEBUG testcase.ActivityDashBoard               - 1: explort = null
2026-01-28 15:05:51.170 DEBUG testcase.ActivityDashBoard               - 2: rows = null
2026-01-28 15:05:51.171 DEBUG testcase.ActivityDashBoard               - 3: if (verifyElementPresent(findTestObject("Object Repository/Organization Settings/New Folder/Page_ProHance/a_WORK TIME"), Delay))
2026-01-28 15:05:51.181 ERROR c.k.katalon.core.main.TestCaseExecutor   - ❌ Test Cases/ProhanceWeb/Organization Settings/Activity DashBoard/ActivityDashBoard FAILED.
Reason:
com.kms.katalon.core.webui.exception.BrowserNotOpenedException: Browser is not opened
Build info: version: '4.34.0', revision: '707dcb4246*'
System info: os.name: 'Windows 11', os.arch: 'amd64', os.version: '10.0', java.version: '17.0.14'
Driver info: driver.version: unknown
	at com.kms.katalon.core.webui.driver.DriverFactory.verifyWebDriverIsOpen(DriverFactory.java:587)
	at com.kms.katalon.core.webui.driver.DriverFactory.verifyWebDriver(DriverFactory.java:572)
	at com.kms.katalon.core.webui.driver.DriverFactory.getWebDriver(DriverFactory.java:546)
	at com.kms.katalon.core.webui.keyword.builtin.VerifyElementPresentKeyword.verifyElementPresent(VerifyElementPresentKeyword.groovy:73)
	at com.kms.katalon.core.webui.keyword.builtin.VerifyElementPresentKeyword.execute(VerifyElementPresentKeyword.groovy:68)
	at com.kms.katalon.core.keyword.internal.KeywordExecutor.executeKeywordForPlatform(KeywordExecutor.groovy:90)
	at com.kms.katalon.core.webui.keyword.WebUiBuiltInKeywords.verifyElementPresent(WebUiBuiltInKeywords.groovy:1565)
	at ActivityDashBoard.run(ActivityDashBoard:16)
	at com.kms.katalon.core.main.ScriptEngine.run(ScriptEngine.java:194)
	at com.kms.katalon.core.main.ScriptEngine.runScriptAsRawText(ScriptEngine.java:119)
	at com.kms.katalon.core.main.TestCaseExecutor.runScript(TestCaseExecutor.java:490)
	at com.kms.katalon.core.main.TestCaseExecutor.doExecute(TestCaseExecutor.java:481)
	at com.kms.katalon.core.main.TestCaseExecutor.processExecutionPhase(TestCaseExecutor.java:460)
	at com.kms.katalon.core.main.TestCaseExecutor.accessMainPhase(TestCaseExecutor.java:452)
	at com.kms.katalon.core.main.TestCaseExecutor.execute(TestCaseExecutor.java:322)
	at com.kms.katalon.core.common.CommonExecutor.accessTestCaseMainPhase(CommonExecutor.java:71)
	at com.kms.katalon.core.main.TestSuiteExecutor.accessTestSuiteMainPhase(TestSuiteExecutor.java:153)
	at com.kms.katalon.core.main.TestSuiteExecutor.execute(TestSuiteExecutor.java:110)
	at com.kms.katalon.core.main.TestCaseMain.startTestSuite(TestCaseMain.java:205)
	at TempTestSuite1769592834472.run(TempTestSuite1769592834472.groovy:35)
	at java.base/jdk.internal.reflect.NativeMethodAccessorImpl.invoke0(Native Method)
	at java.base/jdk.internal.reflect.NativeMethodAccessorImpl.invoke(NativeMethodAccessorImpl.java:77)
	at java.base/jdk.internal.reflect.DelegatingMethodAccessorImpl.invoke(DelegatingMethodAccessorImpl.java:43)

2026-01-28 15:05:51.187 ERROR c.k.katalon.core.main.TestCaseExecutor   - ❌ Test Cases/ProhanceWeb/Organization Settings/Activity DashBoard/ActivityDashBoard FAILED.
Reason:
com.kms.katalon.core.webui.exception.BrowserNotOpenedException: Browser is not opened
Build info: version: '4.34.0', revision: '707dcb4246*'
System info: os.name: 'Windows 11', os.arch: 'amd64', os.version: '10.0', java.version: '17.0.14'
Driver info: driver.version: unknown
	at com.kms.katalon.core.webui.driver.DriverFactory.verifyWebDriverIsOpen(DriverFactory.java:587)
	at com.kms.katalon.core.webui.driver.DriverFactory.verifyWebDriver(DriverFactory.java:572)
	at com.kms.katalon.core.webui.driver.DriverFactory.getWebDriver(DriverFactory.java:546)
	at com.kms.katalon.core.webui.keyword.builtin.VerifyElementPresentKeyword.verifyElementPresent(VerifyElementPresentKeyword.groovy:73)
	at com.kms.katalon.core.webui.keyword.builtin.VerifyElementPresentKeyword.execute(VerifyElementPresentKeyword.groovy:68)
	at com.kms.katalon.core.keyword.internal.KeywordExecutor.executeKeywordForPlatform(KeywordExecutor.groovy:90)
	at com.kms.katalon.core.webui.keyword.WebUiBuiltInKeywords.verifyElementPresent(WebUiBuiltInKeywords.groovy:1565)
	at ActivityDashBoard.run(ActivityDashBoard:16)
	at com.kms.katalon.core.main.ScriptEngine.run(ScriptEngine.java:194)
	at com.kms.katalon.core.main.ScriptEngine.runScriptAsRawText(ScriptEngine.java:119)
	at com.kms.katalon.core.main.TestCaseExecutor.runScript(TestCaseExecutor.java:490)
	at com.kms.katalon.core.main.TestCaseExecutor.doExecute(TestCaseExecutor.java:481)
	at com.kms.katalon.core.main.TestCaseExecutor.processExecutionPhase(TestCaseExecutor.java:460)
	at com.kms.katalon.core.main.TestCaseExecutor.accessMainPhase(TestCaseExecutor.java:452)
	at com.kms.katalon.core.main.TestCaseExecutor.execute(TestCaseExecutor.java:322)
	at com.kms.katalon.core.common.CommonExecutor.accessTestCaseMainPhase(CommonExecutor.java:71)
	at com.kms.katalon.core.main.TestSuiteExecutor.accessTestSuiteMainPhase(TestSuiteExecutor.java:153)
	at com.kms.katalon.core.main.TestSuiteExecutor.execute(TestSuiteExecutor.java:110)
	at com.kms.katalon.core.main.TestCaseMain.startTestSuite(TestCaseMain.java:205)
	at TempTestSuite1769592834472.run(TempTestSuite1769592834472.groovy:35)
	at java.base/jdk.internal.reflect.NativeMethodAccessorImpl.invoke0(Native Method)
	at java.base/jdk.internal.reflect.NativeMethodAccessorImpl.invoke(NativeMethodAccessorImpl.java:77)
	at java.base/jdk.internal.reflect.DelegatingMethodAccessorImpl.invoke(DelegatingMethodAccessorImpl.java:43)

2026-01-28 15:05:51.194 INFO  c.k.katalon.core.main.TestCaseExecutor   - END Test Cases/ProhanceWeb/Organization Settings/Activity DashBoard/ActivityDashBoard
2026-01-28 15:05:51.199 INFO  c.k.katalon.core.main.TestCaseExecutor   - --------------------
2026-01-28 15:05:51.200 INFO  c.k.katalon.core.main.TestCaseExecutor   - START Test Cases/ProhanceWeb/Organization Settings/Activity DashBoard/ActivityDashBoard
2026-01-28 15:05:51.216 INFO  c.k.katalon.core.main.TestCaseExecutor   - exportType = pdf
2026-01-28 15:05:51.219 DEBUG testcase.ActivityDashBoard               - 1: explort = null
2026-01-28 15:05:51.220 DEBUG testcase.ActivityDashBoard               - 2: rows = null
2026-01-28 15:05:51.221 DEBUG testcase.ActivityDashBoard               - 3: if (verifyElementPresent(findTestObject("Object Repository/Organization Settings/New Folder/Page_ProHance/a_WORK TIME"), Delay))
2026-01-28 15:05:51.232 ERROR c.k.katalon.core.main.TestCaseExecutor   - ❌ Test Cases/ProhanceWeb/Organization Settings/Activity DashBoard/ActivityDashBoard FAILED.
Reason:
com.kms.katalon.core.webui.exception.BrowserNotOpenedException: Browser is not opened
Build info: version: '4.34.0', revision: '707dcb4246*'
System info: os.name: 'Windows 11', os.arch: 'amd64', os.version: '10.0', java.version: '17.0.14'
Driver info: driver.version: unknown
	at com.kms.katalon.core.webui.driver.DriverFactory.verifyWebDriverIsOpen(DriverFactory.java:587)
	at com.kms.katalon.core.webui.driver.DriverFactory.verifyWebDriver(DriverFactory.java:572)
	at com.kms.katalon.core.webui.driver.DriverFactory.getWebDriver(DriverFactory.java:546)
	at com.kms.katalon.core.webui.keyword.builtin.VerifyElementPresentKeyword.verifyElementPresent(VerifyElementPresentKeyword.groovy:73)
	at com.kms.katalon.core.webui.keyword.builtin.VerifyElementPresentKeyword.execute(VerifyElementPresentKeyword.groovy:68)
	at com.kms.katalon.core.keyword.internal.KeywordExecutor.executeKeywordForPlatform(KeywordExecutor.groovy:90)
	at com.kms.katalon.core.webui.keyword.WebUiBuiltInKeywords.verifyElementPresent(WebUiBuiltInKeywords.groovy:1565)
	at ActivityDashBoard.run(ActivityDashBoard:16)
	at com.kms.katalon.core.main.ScriptEngine.run(ScriptEngine.java:194)
	at com.kms.katalon.core.main.ScriptEngine.runScriptAsRawText(ScriptEngine.java:119)
	at com.kms.katalon.core.main.TestCaseExecutor.runScript(TestCaseExecutor.java:490)
	at com.kms.katalon.core.main.TestCaseExecutor.doExecute(TestCaseExecutor.java:481)
	at com.kms.katalon.core.main.TestCaseExecutor.processExecutionPhase(TestCaseExecutor.java:460)
	at com.kms.katalon.core.main.TestCaseExecutor.accessMainPhase(TestCaseExecutor.java:452)
	at com.kms.katalon.core.main.TestCaseExecutor.execute(TestCaseExecutor.java:322)
	at com.kms.katalon.core.main.TestCaseExecutor.execute(TestCaseExecutor.java:410)
	at com.kms.katalon.core.common.CommonExecutor.accessTestCaseMainPhase(CommonExecutor.java:71)
	at com.kms.katalon.core.main.TestSuiteExecutor.accessTestSuiteMainPhase(TestSuiteExecutor.java:153)
	at com.kms.katalon.core.main.TestSuiteExecutor.execute(TestSuiteExecutor.java:110)
	at com.kms.katalon.core.main.TestCaseMain.startTestSuite(TestCaseMain.java:205)
	at TempTestSuite1769592834472.run(TempTestSuite1769592834472.groovy:35)
	at java.base/jdk.internal.reflect.NativeMethodAccessorImpl.invoke0(Native Method)
	at java.base/jdk.internal.reflect.NativeMethodAccessorImpl.invoke(NativeMethodAccessorImpl.java:77)
	at java.base/jdk.internal.reflect.DelegatingMethodAccessorImpl.invoke(DelegatingMethodAccessorImpl.java:43)

2026-01-28 15:05:51.233 ERROR c.k.katalon.core.main.TestCaseExecutor   - ❌ Test Cases/ProhanceWeb/Organization Settings/Activity DashBoard/ActivityDashBoard FAILED.
Reason:
com.kms.katalon.core.webui.exception.BrowserNotOpenedException: Browser is not opened
Build info: version: '4.34.0', revision: '707dcb4246*'
System info: os.name: 'Windows 11', os.arch: 'amd64', os.version: '10.0', java.version: '17.0.14'
Driver info: driver.version: unknown
	at com.kms.katalon.core.webui.driver.DriverFactory.verifyWebDriverIsOpen(DriverFactory.java:587)
	at com.kms.katalon.core.webui.driver.DriverFactory.verifyWebDriver(DriverFactory.java:572)
	at com.kms.katalon.core.webui.driver.DriverFactory.getWebDriver(DriverFactory.java:546)
	at com.kms.katalon.core.webui.keyword.builtin.VerifyElementPresentKeyword.verifyElementPresent(VerifyElementPresentKeyword.groovy:73)
	at com.kms.katalon.core.webui.keyword.builtin.VerifyElementPresentKeyword.execute(VerifyElementPresentKeyword.groovy:68)
	at com.kms.katalon.core.keyword.internal.KeywordExecutor.executeKeywordForPlatform(KeywordExecutor.groovy:90)
	at com.kms.katalon.core.webui.keyword.WebUiBuiltInKeywords.verifyElementPresent(WebUiBuiltInKeywords.groovy:1565)
	at ActivityDashBoard.run(ActivityDashBoard:16)
	at com.kms.katalon.core.main.ScriptEngine.run(ScriptEngine.java:194)
	at com.kms.katalon.core.main.ScriptEngine.runScriptAsRawText(ScriptEngine.java:119)
	at com.kms.katalon.core.main.TestCaseExecutor.runScript(TestCaseExecutor.java:490)
	at com.kms.katalon.core.main.TestCaseExecutor.doExecute(TestCaseExecutor.java:481)
	at com.kms.katalon.core.main.TestCaseExecutor.processExecutionPhase(TestCaseExecutor.java:460)
	at com.kms.katalon.core.main.TestCaseExecutor.accessMainPhase(TestCaseExecutor.java:452)
	at com.kms.katalon.core.main.TestCaseExecutor.execute(TestCaseExecutor.java:322)
	at com.kms.katalon.core.main.TestCaseExecutor.execute(TestCaseExecutor.java:410)
	at com.kms.katalon.core.common.CommonExecutor.accessTestCaseMainPhase(CommonExecutor.java:71)
	at com.kms.katalon.core.main.TestSuiteExecutor.accessTestSuiteMainPhase(TestSuiteExecutor.java:153)
	at com.kms.katalon.core.main.TestSuiteExecutor.execute(TestSuiteExecutor.java:110)
	at com.kms.katalon.core.main.TestCaseMain.startTestSuite(TestCaseMain.java:205)
	at TempTestSuite1769592834472.run(TempTestSuite1769592834472.groovy:35)
	at java.base/jdk.internal.reflect.NativeMethodAccessorImpl.invoke0(Native Method)
	at java.base/jdk.internal.reflect.NativeMethodAccessorImpl.invoke(NativeMethodAccessorImpl.java:77)
	at java.base/jdk.internal.reflect.DelegatingMethodAccessorImpl.invoke(DelegatingMethodAccessorImpl.java:43)

2026-01-28 15:05:51.235 INFO  c.k.katalon.core.main.TestCaseExecutor   - END Test Cases/ProhanceWeb/Organization Settings/Activity DashBoard/ActivityDashBoard
2026-01-28 15:05:51.238 INFO  c.k.katalon.core.main.TestCaseExecutor   - --------------------
2026-01-28 15:05:51.238 INFO  c.k.katalon.core.main.TestCaseExecutor   - START Test Cases/ProhanceWeb/Organization Settings/Activity DashBoard/ActivityDashBoard
2026-01-28 15:05:51.252 INFO  c.k.katalon.core.main.TestCaseExecutor   - exportType = pdf
2026-01-28 15:05:51.256 DEBUG testcase.ActivityDashBoard               - 1: explort = null
2026-01-28 15:05:51.261 DEBUG testcase.ActivityDashBoard               - 2: rows = null
2026-01-28 15:05:51.262 DEBUG testcase.ActivityDashBoard               - 3: if (verifyElementPresent(findTestObject("Object Repository/Organization Settings/New Folder/Page_ProHance/a_WORK TIME"), Delay))
2026-01-28 15:05:51.273 ERROR c.k.katalon.core.main.TestCaseExecutor   - ❌ Test Cases/ProhanceWeb/Organization Settings/Activity DashBoard/ActivityDashBoard FAILED.
Reason:
com.kms.katalon.core.webui.exception.BrowserNotOpenedException: Browser is not opened
Build info: version: '4.34.0', revision: '707dcb4246*'
System info: os.name: 'Windows 11', os.arch: 'amd64', os.version: '10.0', java.version: '17.0.14'
Driver info: driver.version: unknown
	at com.kms.katalon.core.webui.driver.DriverFactory.verifyWebDriverIsOpen(DriverFactory.java:587)
	at com.kms.katalon.core.webui.driver.DriverFactory.verifyWebDriver(DriverFactory.java:572)
	at com.kms.katalon.core.webui.driver.DriverFactory.getWebDriver(DriverFactory.java:546)
	at com.kms.katalon.core.webui.keyword.builtin.VerifyElementPresentKeyword.verifyElementPresent(VerifyElementPresentKeyword.groovy:73)
	at com.kms.katalon.core.webui.keyword.builtin.VerifyElementPresentKeyword.execute(VerifyElementPresentKeyword.groovy:68)
	at com.kms.katalon.core.keyword.internal.KeywordExecutor.executeKeywordForPlatform(KeywordExecutor.groovy:90)
	at com.kms.katalon.core.webui.keyword.WebUiBuiltInKeywords.verifyElementPresent(WebUiBuiltInKeywords.groovy:1565)
	at ActivityDashBoard.run(ActivityDashBoard:16)
	at com.kms.katalon.core.main.ScriptEngine.run(ScriptEngine.java:194)
	at com.kms.katalon.core.main.ScriptEngine.runScriptAsRawText(ScriptEngine.java:119)
	at com.kms.katalon.core.main.TestCaseExecutor.runScript(TestCaseExecutor.java:490)
	at com.kms.katalon.core.main.TestCaseExecutor.doExecute(TestCaseExecutor.java:481)
	at com.kms.katalon.core.main.TestCaseExecutor.processExecutionPhase(TestCaseExecutor.java:460)
	at com.kms.katalon.core.main.TestCaseExecutor.accessMainPhase(TestCaseExecutor.java:452)
	at com.kms.katalon.core.main.TestCaseExecutor.execute(TestCaseExecutor.java:322)
	at com.kms.katalon.core.main.TestCaseExecutor.execute(TestCaseExecutor.java:410)
	at com.kms.katalon.core.main.TestCaseExecutor.execute(TestCaseExecutor.java:410)
	at com.kms.katalon.core.common.CommonExecutor.accessTestCaseMainPhase(CommonExecutor.java:71)
	at com.kms.katalon.core.main.TestSuiteExecutor.accessTestSuiteMainPhase(TestSuiteExecutor.java:153)
	at com.kms.katalon.core.main.TestSuiteExecutor.execute(TestSuiteExecutor.java:110)
	at com.kms.katalon.core.main.TestCaseMain.startTestSuite(TestCaseMain.java:205)
	at TempTestSuite1769592834472.run(TempTestSuite1769592834472.groovy:35)
	at java.base/jdk.internal.reflect.NativeMethodAccessorImpl.invoke0(Native Method)
	at java.base/jdk.internal.reflect.NativeMethodAccessorImpl.invoke(NativeMethodAccessorImpl.java:77)
	at java.base/jdk.internal.reflect.DelegatingMethodAccessorImpl.invoke(DelegatingMethodAccessorImpl.java:43)

2026-01-28 15:05:51.278 ERROR c.k.katalon.core.main.TestCaseExecutor   - ❌ Test Cases/ProhanceWeb/Organization Settings/Activity DashBoard/ActivityDashBoard FAILED.
Reason:
com.kms.katalon.core.webui.exception.BrowserNotOpenedException: Browser is not opened
Build info: version: '4.34.0', revision: '707dcb4246*'
System info: os.name: 'Windows 11', os.arch: 'amd64', os.version: '10.0', java.version: '17.0.14'
Driver info: driver.version: unknown
	at com.kms.katalon.core.webui.driver.DriverFactory.verifyWebDriverIsOpen(DriverFactory.java:587)
	at com.kms.katalon.core.webui.driver.DriverFactory.verifyWebDriver(DriverFactory.java:572)
	at com.kms.katalon.core.webui.driver.DriverFactory.getWebDriver(DriverFactory.java:546)
	at com.kms.katalon.core.webui.keyword.builtin.VerifyElementPresentKeyword.verifyElementPresent(VerifyElementPresentKeyword.groovy:73)
	at com.kms.katalon.core.webui.keyword.builtin.VerifyElementPresentKeyword.execute(VerifyElementPresentKeyword.groovy:68)
	at com.kms.katalon.core.keyword.internal.KeywordExecutor.executeKeywordForPlatform(KeywordExecutor.groovy:90)
	at com.kms.katalon.core.webui.keyword.WebUiBuiltInKeywords.verifyElementPresent(WebUiBuiltInKeywords.groovy:1565)
	at ActivityDashBoard.run(ActivityDashBoard:16)
	at com.kms.katalon.core.main.ScriptEngine.run(ScriptEngine.java:194)
	at com.kms.katalon.core.main.ScriptEngine.runScriptAsRawText(ScriptEngine.java:119)
	at com.kms.katalon.core.main.TestCaseExecutor.runScript(TestCaseExecutor.java:490)
	at com.kms.katalon.core.main.TestCaseExecutor.doExecute(TestCaseExecutor.java:481)
	at com.kms.katalon.core.main.TestCaseExecutor.processExecutionPhase(TestCaseExecutor.java:460)
	at com.kms.katalon.core.main.TestCaseExecutor.accessMainPhase(TestCaseExecutor.java:452)
	at com.kms.katalon.core.main.TestCaseExecutor.execute(TestCaseExecutor.java:322)
	at com.kms.katalon.core.main.TestCaseExecutor.execute(TestCaseExecutor.java:410)
	at com.kms.katalon.core.main.TestCaseExecutor.execute(TestCaseExecutor.java:410)
	at com.kms.katalon.core.common.CommonExecutor.accessTestCaseMainPhase(CommonExecutor.java:71)
	at com.kms.katalon.core.main.TestSuiteExecutor.accessTestSuiteMainPhase(TestSuiteExecutor.java:153)
	at com.kms.katalon.core.main.TestSuiteExecutor.execute(TestSuiteExecutor.java:110)
	at com.kms.katalon.core.main.TestCaseMain.startTestSuite(TestCaseMain.java:205)
	at TempTestSuite1769592834472.run(TempTestSuite1769592834472.groovy:35)
	at java.base/jdk.internal.reflect.NativeMethodAccessorImpl.invoke0(Native Method)
	at java.base/jdk.internal.reflect.NativeMethodAccessorImpl.invoke(NativeMethodAccessorImpl.java:77)
	at java.base/jdk.internal.reflect.DelegatingMethodAccessorImpl.invoke(DelegatingMethodAccessorImpl.java:43)

2026-01-28 15:05:51.281 INFO  c.k.katalon.core.main.TestCaseExecutor   - END Test Cases/ProhanceWeb/Organization Settings/Activity DashBoard/ActivityDashBoard
2026-01-28 15:05:51.286 INFO  c.k.katalon.core.main.TestCaseExecutor   - --------------------
2026-01-28 15:05:51.286 INFO  c.k.katalon.core.main.TestCaseExecutor   - START Test Cases/ProhanceWeb/Organization Settings/Activity DashBoard/ActivityDashBoard
2026-01-28 15:05:51.301 INFO  c.k.katalon.core.main.TestCaseExecutor   - exportType = pdf
2026-01-28 15:05:51.304 DEBUG testcase.ActivityDashBoard               - 1: explort = null
2026-01-28 15:05:51.305 DEBUG testcase.ActivityDashBoard               - 2: rows = null
2026-01-28 15:05:51.306 DEBUG testcase.ActivityDashBoard               - 3: if (verifyElementPresent(findTestObject("Object Repository/Organization Settings/New Folder/Page_ProHance/a_WORK TIME"), Delay))
2026-01-28 15:05:51.318 ERROR c.k.katalon.core.main.TestCaseExecutor   - ❌ Test Cases/ProhanceWeb/Organization Settings/Activity DashBoard/ActivityDashBoard FAILED.
Reason:
com.kms.katalon.core.webui.exception.BrowserNotOpenedException: Browser is not opened
Build info: version: '4.34.0', revision: '707dcb4246*'
System info: os.name: 'Windows 11', os.arch: 'amd64', os.version: '10.0', java.version: '17.0.14'
Driver info: driver.version: unknown
	at com.kms.katalon.core.webui.driver.DriverFactory.verifyWebDriverIsOpen(DriverFactory.java:587)
	at com.kms.katalon.core.webui.driver.DriverFactory.verifyWebDriver(DriverFactory.java:572)
	at com.kms.katalon.core.webui.driver.DriverFactory.getWebDriver(DriverFactory.java:546)
	at com.kms.katalon.core.webui.keyword.builtin.VerifyElementPresentKeyword.verifyElementPresent(VerifyElementPresentKeyword.groovy:73)
	at com.kms.katalon.core.webui.keyword.builtin.VerifyElementPresentKeyword.execute(VerifyElementPresentKeyword.groovy:68)
	at com.kms.katalon.core.keyword.internal.KeywordExecutor.executeKeywordForPlatform(KeywordExecutor.groovy:90)
	at com.kms.katalon.core.webui.keyword.WebUiBuiltInKeywords.verifyElementPresent(WebUiBuiltInKeywords.groovy:1565)
	at ActivityDashBoard.run(ActivityDashBoard:16)
	at com.kms.katalon.core.main.ScriptEngine.run(ScriptEngine.java:194)
	at com.kms.katalon.core.main.ScriptEngine.runScriptAsRawText(ScriptEngine.java:119)
	at com.kms.katalon.core.main.TestCaseExecutor.runScript(TestCaseExecutor.java:490)
	at com.kms.katalon.core.main.TestCaseExecutor.doExecute(TestCaseExecutor.java:481)
	at com.kms.katalon.core.main.TestCaseExecutor.processExecutionPhase(TestCaseExecutor.java:460)
	at com.kms.katalon.core.main.TestCaseExecutor.accessMainPhase(TestCaseExecutor.java:452)
	at com.kms.katalon.core.main.TestCaseExecutor.execute(TestCaseExecutor.java:322)
	at com.kms.katalon.core.main.TestCaseExecutor.execute(TestCaseExecutor.java:410)
	at com.kms.katalon.core.main.TestCaseExecutor.execute(TestCaseExecutor.java:410)
	at com.kms.katalon.core.main.TestCaseExecutor.execute(TestCaseExecutor.java:410)
	at com.kms.katalon.core.common.CommonExecutor.accessTestCaseMainPhase(CommonExecutor.java:71)
	at com.kms.katalon.core.main.TestSuiteExecutor.accessTestSuiteMainPhase(TestSuiteExecutor.java:153)
	at com.kms.katalon.core.main.TestSuiteExecutor.execute(TestSuiteExecutor.java:110)
	at com.kms.katalon.core.main.TestCaseMain.startTestSuite(TestCaseMain.java:205)
	at TempTestSuite1769592834472.run(TempTestSuite1769592834472.groovy:35)
	at java.base/jdk.internal.reflect.NativeMethodAccessorImpl.invoke0(Native Method)
	at java.base/jdk.internal.reflect.NativeMethodAccessorImpl.invoke(NativeMethodAccessorImpl.java:77)
	at java.base/jdk.internal.reflect.DelegatingMethodAccessorImpl.invoke(DelegatingMethodAccessorImpl.java:43)

2026-01-28 15:05:51.323 ERROR c.k.katalon.core.main.TestCaseExecutor   - ❌ Test Cases/ProhanceWeb/Organization Settings/Activity DashBoard/ActivityDashBoard FAILED.
Reason:
com.kms.katalon.core.webui.exception.BrowserNotOpenedException: Browser is not opened
Build info: version: '4.34.0', revision: '707dcb4246*'
System info: os.name: 'Windows 11', os.arch: 'amd64', os.version: '10.0', java.version: '17.0.14'
Driver info: driver.version: unknown
	at com.kms.katalon.core.webui.driver.DriverFactory.verifyWebDriverIsOpen(DriverFactory.java:587)
	at com.kms.katalon.core.webui.driver.DriverFactory.verifyWebDriver(DriverFactory.java:572)
	at com.kms.katalon.core.webui.driver.DriverFactory.getWebDriver(DriverFactory.java:546)
	at com.kms.katalon.core.webui.keyword.builtin.VerifyElementPresentKeyword.verifyElementPresent(VerifyElementPresentKeyword.groovy:73)
	at com.kms.katalon.core.webui.keyword.builtin.VerifyElementPresentKeyword.execute(VerifyElementPresentKeyword.groovy:68)
	at com.kms.katalon.core.keyword.internal.KeywordExecutor.executeKeywordForPlatform(KeywordExecutor.groovy:90)
	at com.kms.katalon.core.webui.keyword.WebUiBuiltInKeywords.verifyElementPresent(WebUiBuiltInKeywords.groovy:1565)
	at ActivityDashBoard.run(ActivityDashBoard:16)
	at com.kms.katalon.core.main.ScriptEngine.run(ScriptEngine.java:194)
	at com.kms.katalon.core.main.ScriptEngine.runScriptAsRawText(ScriptEngine.java:119)
	at com.kms.katalon.core.main.TestCaseExecutor.runScript(TestCaseExecutor.java:490)
	at com.kms.katalon.core.main.TestCaseExecutor.doExecute(TestCaseExecutor.java:481)
	at com.kms.katalon.core.main.TestCaseExecutor.processExecutionPhase(TestCaseExecutor.java:460)
	at com.kms.katalon.core.main.TestCaseExecutor.accessMainPhase(TestCaseExecutor.java:452)
	at com.kms.katalon.core.main.TestCaseExecutor.execute(TestCaseExecutor.java:322)
	at com.kms.katalon.core.main.TestCaseExecutor.execute(TestCaseExecutor.java:410)
	at com.kms.katalon.core.main.TestCaseExecutor.execute(TestCaseExecutor.java:410)
	at com.kms.katalon.core.main.TestCaseExecutor.execute(TestCaseExecutor.java:410)
	at com.kms.katalon.core.common.CommonExecutor.accessTestCaseMainPhase(CommonExecutor.java:71)
	at com.kms.katalon.core.main.TestSuiteExecutor.accessTestSuiteMainPhase(TestSuiteExecutor.java:153)
	at com.kms.katalon.core.main.TestSuiteExecutor.execute(TestSuiteExecutor.java:110)
	at com.kms.katalon.core.main.TestCaseMain.startTestSuite(TestCaseMain.java:205)
	at TempTestSuite1769592834472.run(TempTestSuite1769592834472.groovy:35)
	at java.base/jdk.internal.reflect.NativeMethodAccessorImpl.invoke0(Native Method)
	at java.base/jdk.internal.reflect.NativeMethodAccessorImpl.invoke(NativeMethodAccessorImpl.java:77)
	at java.base/jdk.internal.reflect.DelegatingMethodAccessorImpl.invoke(DelegatingMethodAccessorImpl.java:43)

2026-01-28 15:05:51.329 INFO  c.k.katalon.core.main.TestCaseExecutor   - END Test Cases/ProhanceWeb/Organization Settings/Activity DashBoard/ActivityDashBoard
2026-01-28 15:05:51.335 INFO  c.k.katalon.core.main.TestCaseExecutor   - --------------------
2026-01-28 15:05:51.335 INFO  c.k.katalon.core.main.TestCaseExecutor   - START Test Cases/ProhanceWeb/LogOut_Page/LogOut
2026-01-28 15:05:51.457 DEBUG testcase.LogOut                          - 1: try
2026-01-28 15:05:51.461 DEBUG testcase.LogOut                          - 1: waitForElementPresent(findTestObject("Object Repository/Logout/userProfileIcon"), Delay)
2026-01-28 15:05:51.504 DEBUG testcase.LogOut                          - 2: catch (Exception e)
2026-01-28 15:05:51.519 DEBUG testcase.LogOut                          - 1: markError("Logout Failure : " + e.getMessage())
2026-01-28 15:05:51.551 ERROR c.k.katalon.core.main.TestCaseExecutor   - ❌ Test Cases/ProhanceWeb/LogOut_Page/LogOut FAILED.
Reason:
com.kms.katalon.core.exception.StepErrorException: Logout Failure : Browser is not opened
Build info: version: '4.34.0', revision: '707dcb4246*'
System info: os.name: 'Windows 11', os.arch: 'amd64', os.version: '10.0', java.version: '17.0.14'
Driver info: driver.version: unknown
	at com.kms.katalon.core.util.KeywordUtil.markError(KeywordUtil.java:67)
	at LogOut.run(LogOut:32)
	at com.kms.katalon.core.main.ScriptEngine.run(ScriptEngine.java:194)
	at com.kms.katalon.core.main.ScriptEngine.runScriptAsRawText(ScriptEngine.java:119)
	at com.kms.katalon.core.main.TestCaseExecutor.runScript(TestCaseExecutor.java:490)
	at com.kms.katalon.core.main.TestCaseExecutor.doExecute(TestCaseExecutor.java:481)
	at com.kms.katalon.core.main.TestCaseExecutor.processExecutionPhase(TestCaseExecutor.java:460)
	at com.kms.katalon.core.main.TestCaseExecutor.accessMainPhase(TestCaseExecutor.java:452)
	at com.kms.katalon.core.main.TestCaseExecutor.execute(TestCaseExecutor.java:322)
	at com.kms.katalon.core.common.CommonExecutor.accessTestCaseMainPhase(CommonExecutor.java:71)
	at com.kms.katalon.core.main.TestSuiteExecutor.accessTestSuiteMainPhase(TestSuiteExecutor.java:153)
	at com.kms.katalon.core.main.TestSuiteExecutor.execute(TestSuiteExecutor.java:110)
	at com.kms.katalon.core.main.TestCaseMain.startTestSuite(TestCaseMain.java:205)
	at TempTestSuite1769592834472.run(TempTestSuite1769592834472.groovy:35)
	at java.base/jdk.internal.reflect.NativeMethodAccessorImpl.invoke0(Native Method)
	at java.base/jdk.internal.reflect.NativeMethodAccessorImpl.invoke(NativeMethodAccessorImpl.java:77)
	at java.base/jdk.internal.reflect.DelegatingMethodAccessorImpl.invoke(DelegatingMethodAccessorImpl.java:43)

2026-01-28 15:05:51.563 INFO  c.k.katalon.core.main.TestCaseExecutor   - END Test Cases/ProhanceWeb/LogOut_Page/LogOut
2026-01-28 15:05:51.556 ERROR c.k.katalon.core.main.TestCaseExecutor   - ❌ Test Cases/ProhanceWeb/LogOut_Page/LogOut FAILED.
Reason:
com.kms.katalon.core.exception.StepErrorException: Logout Failure : Browser is not opened
Build info: version: '4.34.0', revision: '707dcb4246*'
System info: os.name: 'Windows 11', os.arch: 'amd64', os.version: '10.0', java.version: '17.0.14'
Driver info: driver.version: unknown
	at com.kms.katalon.core.util.KeywordUtil.markError(KeywordUtil.java:67)
	at LogOut.run(LogOut:32)
	at com.kms.katalon.core.main.ScriptEngine.run(ScriptEngine.java:194)
	at com.kms.katalon.core.main.ScriptEngine.runScriptAsRawText(ScriptEngine.java:119)
	at com.kms.katalon.core.main.TestCaseExecutor.runScript(TestCaseExecutor.java:490)
	at com.kms.katalon.core.main.TestCaseExecutor.doExecute(TestCaseExecutor.java:481)
	at com.kms.katalon.core.main.TestCaseExecutor.processExecutionPhase(TestCaseExecutor.java:460)
	at com.kms.katalon.core.main.TestCaseExecutor.accessMainPhase(TestCaseExecutor.java:452)
	at com.kms.katalon.core.main.TestCaseExecutor.execute(TestCaseExecutor.java:322)
	at com.kms.katalon.core.common.CommonExecutor.accessTestCaseMainPhase(CommonExecutor.java:71)
	at com.kms.katalon.core.main.TestSuiteExecutor.accessTestSuiteMainPhase(TestSuiteExecutor.java:153)
	at com.kms.katalon.core.main.TestSuiteExecutor.execute(TestSuiteExecutor.java:110)
	at com.kms.katalon.core.main.TestCaseMain.startTestSuite(TestCaseMain.java:205)
	at TempTestSuite1769592834472.run(TempTestSuite1769592834472.groovy:35)
	at java.base/jdk.internal.reflect.NativeMethodAccessorImpl.invoke0(Native Method)
	at java.base/jdk.internal.reflect.NativeMethodAccessorImpl.invoke(NativeMethodAccessorImpl.java:77)
	at java.base/jdk.internal.reflect.DelegatingMethodAccessorImpl.invoke(DelegatingMethodAccessorImpl.java:43)

2026-01-28 15:05:51.569 INFO  c.k.katalon.core.main.TestCaseExecutor   - --------------------
2026-01-28 15:05:51.569 INFO  c.k.katalon.core.main.TestCaseExecutor   - START Test Cases/ProhanceWeb/LogOut_Page/LogOut
2026-01-28 15:05:51.583 DEBUG testcase.LogOut                          - 1: try
2026-01-28 15:05:51.584 DEBUG testcase.LogOut                          - 1: waitForElementPresent(findTestObject("Object Repository/Logout/userProfileIcon"), Delay)
2026-01-28 15:05:51.593 DEBUG testcase.LogOut                          - 2: catch (Exception e)
2026-01-28 15:05:51.595 DEBUG testcase.LogOut                          - 1: markError("Logout Failure : " + e.getMessage())
2026-01-28 15:05:51.597 ERROR c.k.katalon.core.main.TestCaseExecutor   - ❌ Test Cases/ProhanceWeb/LogOut_Page/LogOut FAILED.
Reason:
com.kms.katalon.core.exception.StepErrorException: Logout Failure : Browser is not opened
Build info: version: '4.34.0', revision: '707dcb4246*'
System info: os.name: 'Windows 11', os.arch: 'amd64', os.version: '10.0', java.version: '17.0.14'
Driver info: driver.version: unknown
	at com.kms.katalon.core.util.KeywordUtil.markError(KeywordUtil.java:67)
	at LogOut.run(LogOut:32)
	at com.kms.katalon.core.main.ScriptEngine.run(ScriptEngine.java:194)
	at com.kms.katalon.core.main.ScriptEngine.runScriptAsRawText(ScriptEngine.java:119)
	at com.kms.katalon.core.main.TestCaseExecutor.runScript(TestCaseExecutor.java:490)
	at com.kms.katalon.core.main.TestCaseExecutor.doExecute(TestCaseExecutor.java:481)
	at com.kms.katalon.core.main.TestCaseExecutor.processExecutionPhase(TestCaseExecutor.java:460)
	at com.kms.katalon.core.main.TestCaseExecutor.accessMainPhase(TestCaseExecutor.java:452)
	at com.kms.katalon.core.main.TestCaseExecutor.execute(TestCaseExecutor.java:322)
	at com.kms.katalon.core.main.TestCaseExecutor.execute(TestCaseExecutor.java:410)
	at com.kms.katalon.core.common.CommonExecutor.accessTestCaseMainPhase(CommonExecutor.java:71)
	at com.kms.katalon.core.main.TestSuiteExecutor.accessTestSuiteMainPhase(TestSuiteExecutor.java:153)
	at com.kms.katalon.core.main.TestSuiteExecutor.execute(TestSuiteExecutor.java:110)
	at com.kms.katalon.core.main.TestCaseMain.startTestSuite(TestCaseMain.java:205)
	at TempTestSuite1769592834472.run(TempTestSuite1769592834472.groovy:35)
	at java.base/jdk.internal.reflect.NativeMethodAccessorImpl.invoke0(Native Method)
	at java.base/jdk.internal.reflect.NativeMethodAccessorImpl.invoke(NativeMethodAccessorImpl.java:77)
	at java.base/jdk.internal.reflect.DelegatingMethodAccessorImpl.invoke(DelegatingMethodAccessorImpl.java:43)

2026-01-28 15:05:51.600 ERROR c.k.katalon.core.main.TestCaseExecutor   - ❌ Test Cases/ProhanceWeb/LogOut_Page/LogOut FAILED.
Reason:
com.kms.katalon.core.exception.StepErrorException: Logout Failure : Browser is not opened
Build info: version: '4.34.0', revision: '707dcb4246*'
System info: os.name: 'Windows 11', os.arch: 'amd64', os.version: '10.0', java.version: '17.0.14'
Driver info: driver.version: unknown
	at com.kms.katalon.core.util.KeywordUtil.markError(KeywordUtil.java:67)
	at LogOut.run(LogOut:32)
	at com.kms.katalon.core.main.ScriptEngine.run(ScriptEngine.java:194)
	at com.kms.katalon.core.main.ScriptEngine.runScriptAsRawText(ScriptEngine.java:119)
	at com.kms.katalon.core.main.TestCaseExecutor.runScript(TestCaseExecutor.java:490)
	at com.kms.katalon.core.main.TestCaseExecutor.doExecute(TestCaseExecutor.java:481)
	at com.kms.katalon.core.main.TestCaseExecutor.processExecutionPhase(TestCaseExecutor.java:460)
	at com.kms.katalon.core.main.TestCaseExecutor.accessMainPhase(TestCaseExecutor.java:452)
	at com.kms.katalon.core.main.TestCaseExecutor.execute(TestCaseExecutor.java:322)
	at com.kms.katalon.core.main.TestCaseExecutor.execute(TestCaseExecutor.java:410)
	at com.kms.katalon.core.common.CommonExecutor.accessTestCaseMainPhase(CommonExecutor.java:71)
	at com.kms.katalon.core.main.TestSuiteExecutor.accessTestSuiteMainPhase(TestSuiteExecutor.java:153)
	at com.kms.katalon.core.main.TestSuiteExecutor.execute(TestSuiteExecutor.java:110)
	at com.kms.katalon.core.main.TestCaseMain.startTestSuite(TestCaseMain.java:205)
	at TempTestSuite1769592834472.run(TempTestSuite1769592834472.groovy:35)
	at java.base/jdk.internal.reflect.NativeMethodAccessorImpl.invoke0(Native Method)
	at java.base/jdk.internal.reflect.NativeMethodAccessorImpl.invoke(NativeMethodAccessorImpl.java:77)
	at java.base/jdk.internal.reflect.DelegatingMethodAccessorImpl.invoke(DelegatingMethodAccessorImpl.java:43)

2026-01-28 15:05:51.602 INFO  c.k.katalon.core.main.TestCaseExecutor   - END Test Cases/ProhanceWeb/LogOut_Page/LogOut
2026-01-28 15:05:51.613 INFO  c.k.katalon.core.main.TestCaseExecutor   - --------------------
2026-01-28 15:05:51.613 INFO  c.k.katalon.core.main.TestCaseExecutor   - START Test Cases/ProhanceWeb/LogOut_Page/LogOut
2026-01-28 15:05:51.629 DEBUG testcase.LogOut                          - 1: try
2026-01-28 15:05:51.630 DEBUG testcase.LogOut                          - 1: waitForElementPresent(findTestObject("Object Repository/Logout/userProfileIcon"), Delay)
2026-01-28 15:05:51.640 DEBUG testcase.LogOut                          - 2: catch (Exception e)
2026-01-28 15:05:51.642 DEBUG testcase.LogOut                          - 1: markError("Logout Failure : " + e.getMessage())
2026-01-28 15:05:51.649 INFO  c.k.katalon.core.main.TestCaseExecutor   - END Test Cases/ProhanceWeb/LogOut_Page/LogOut
2026-01-28 15:05:51.645 ERROR c.k.katalon.core.main.TestCaseExecutor   - ❌ Test Cases/ProhanceWeb/LogOut_Page/LogOut FAILED.
Reason:
com.kms.katalon.core.exception.StepErrorException: Logout Failure : Browser is not opened
Build info: version: '4.34.0', revision: '707dcb4246*'
System info: os.name: 'Windows 11', os.arch: 'amd64', os.version: '10.0', java.version: '17.0.14'
Driver info: driver.version: unknown
	at com.kms.katalon.core.util.KeywordUtil.markError(KeywordUtil.java:67)
	at LogOut.run(LogOut:32)
	at com.kms.katalon.core.main.ScriptEngine.run(ScriptEngine.java:194)
	at com.kms.katalon.core.main.ScriptEngine.runScriptAsRawText(ScriptEngine.java:119)
	at com.kms.katalon.core.main.TestCaseExecutor.runScript(TestCaseExecutor.java:490)
	at com.kms.katalon.core.main.TestCaseExecutor.doExecute(TestCaseExecutor.java:481)
	at com.kms.katalon.core.main.TestCaseExecutor.processExecutionPhase(TestCaseExecutor.java:460)
	at com.kms.katalon.core.main.TestCaseExecutor.accessMainPhase(TestCaseExecutor.java:452)
	at com.kms.katalon.core.main.TestCaseExecutor.execute(TestCaseExecutor.java:322)
	at com.kms.katalon.core.main.TestCaseExecutor.execute(TestCaseExecutor.java:410)
	at com.kms.katalon.core.main.TestCaseExecutor.execute(TestCaseExecutor.java:410)
	at com.kms.katalon.core.common.CommonExecutor.accessTestCaseMainPhase(CommonExecutor.java:71)
	at com.kms.katalon.core.main.TestSuiteExecutor.accessTestSuiteMainPhase(TestSuiteExecutor.java:153)
	at com.kms.katalon.core.main.TestSuiteExecutor.execute(TestSuiteExecutor.java:110)
	at com.kms.katalon.core.main.TestCaseMain.startTestSuite(TestCaseMain.java:205)
	at TempTestSuite1769592834472.run(TempTestSuite1769592834472.groovy:35)
	at java.base/jdk.internal.reflect.NativeMethodAccessorImpl.invoke0(Native Method)
	at java.base/jdk.internal.reflect.NativeMethodAccessorImpl.invoke(NativeMethodAccessorImpl.java:77)
	at java.base/jdk.internal.reflect.DelegatingMethodAccessorImpl.invoke(DelegatingMethodAccessorImpl.java:43)

2026-01-28 15:05:51.647 ERROR c.k.katalon.core.main.TestCaseExecutor   - ❌ Test Cases/ProhanceWeb/LogOut_Page/LogOut FAILED.
Reason:
com.kms.katalon.core.exception.StepErrorException: Logout Failure : Browser is not opened
Build info: version: '4.34.0', revision: '707dcb4246*'
System info: os.name: 'Windows 11', os.arch: 'amd64', os.version: '10.0', java.version: '17.0.14'
Driver info: driver.version: unknown
	at com.kms.katalon.core.util.KeywordUtil.markError(KeywordUtil.java:67)
	at LogOut.run(LogOut:32)
	at com.kms.katalon.core.main.ScriptEngine.run(ScriptEngine.java:194)
	at com.kms.katalon.core.main.ScriptEngine.runScriptAsRawText(ScriptEngine.java:119)
	at com.kms.katalon.core.main.TestCaseExecutor.runScript(TestCaseExecutor.java:490)
	at com.kms.katalon.core.main.TestCaseExecutor.doExecute(TestCaseExecutor.java:481)
	at com.kms.katalon.core.main.TestCaseExecutor.processExecutionPhase(TestCaseExecutor.java:460)
	at com.kms.katalon.core.main.TestCaseExecutor.accessMainPhase(TestCaseExecutor.java:452)
	at com.kms.katalon.core.main.TestCaseExecutor.execute(TestCaseExecutor.java:322)
	at com.kms.katalon.core.main.TestCaseExecutor.execute(TestCaseExecutor.java:410)
	at com.kms.katalon.core.main.TestCaseExecutor.execute(TestCaseExecutor.java:410)
	at com.kms.katalon.core.common.CommonExecutor.accessTestCaseMainPhase(CommonExecutor.java:71)
	at com.kms.katalon.core.main.TestSuiteExecutor.accessTestSuiteMainPhase(TestSuiteExecutor.java:153)
	at com.kms.katalon.core.main.TestSuiteExecutor.execute(TestSuiteExecutor.java:110)
	at com.kms.katalon.core.main.TestCaseMain.startTestSuite(TestCaseMain.java:205)
	at TempTestSuite1769592834472.run(TempTestSuite1769592834472.groovy:35)
	at java.base/jdk.internal.reflect.NativeMethodAccessorImpl.invoke0(Native Method)
	at java.base/jdk.internal.reflect.NativeMethodAccessorImpl.invoke(NativeMethodAccessorImpl.java:77)
	at java.base/jdk.internal.reflect.DelegatingMethodAccessorImpl.invoke(DelegatingMethodAccessorImpl.java:43)

2026-01-28 15:05:51.651 INFO  c.k.katalon.core.main.TestCaseExecutor   - --------------------
2026-01-28 15:05:51.652 INFO  c.k.katalon.core.main.TestCaseExecutor   - START Test Cases/ProhanceWeb/LogOut_Page/LogOut
2026-01-28 15:05:51.669 DEBUG testcase.LogOut                          - 1: try
2026-01-28 15:05:51.670 DEBUG testcase.LogOut                          - 1: waitForElementPresent(findTestObject("Object Repository/Logout/userProfileIcon"), Delay)
2026-01-28 15:05:51.679 DEBUG testcase.LogOut                          - 2: catch (Exception e)
2026-01-28 15:05:51.682 ERROR c.k.katalon.core.main.TestCaseExecutor   - ❌ Test Cases/ProhanceWeb/LogOut_Page/LogOut FAILED.
Reason:
com.kms.katalon.core.exception.StepErrorException: Logout Failure : Browser is not opened
Build info: version: '4.34.0', revision: '707dcb4246*'
System info: os.name: 'Windows 11', os.arch: 'amd64', os.version: '10.0', java.version: '17.0.14'
Driver info: driver.version: unknown
	at com.kms.katalon.core.util.KeywordUtil.markError(KeywordUtil.java:67)
	at LogOut.run(LogOut:32)
	at com.kms.katalon.core.main.ScriptEngine.run(ScriptEngine.java:194)
	at com.kms.katalon.core.main.ScriptEngine.runScriptAsRawText(ScriptEngine.java:119)
	at com.kms.katalon.core.main.TestCaseExecutor.runScript(TestCaseExecutor.java:490)
	at com.kms.katalon.core.main.TestCaseExecutor.doExecute(TestCaseExecutor.java:481)
	at com.kms.katalon.core.main.TestCaseExecutor.processExecutionPhase(TestCaseExecutor.java:460)
	at com.kms.katalon.core.main.TestCaseExecutor.accessMainPhase(TestCaseExecutor.java:452)
	at com.kms.katalon.core.main.TestCaseExecutor.execute(TestCaseExecutor.java:322)
	at com.kms.katalon.core.main.TestCaseExecutor.execute(TestCaseExecutor.java:410)
	at com.kms.katalon.core.main.TestCaseExecutor.execute(TestCaseExecutor.java:410)
	at com.kms.katalon.core.main.TestCaseExecutor.execute(TestCaseExecutor.java:410)
	at com.kms.katalon.core.common.CommonExecutor.accessTestCaseMainPhase(CommonExecutor.java:71)
	at com.kms.katalon.core.main.TestSuiteExecutor.accessTestSuiteMainPhase(TestSuiteExecutor.java:153)
	at com.kms.katalon.core.main.TestSuiteExecutor.execute(TestSuiteExecutor.java:110)
	at com.kms.katalon.core.main.TestCaseMain.startTestSuite(TestCaseMain.java:205)
	at TempTestSuite1769592834472.run(TempTestSuite1769592834472.groovy:35)
	at java.base/jdk.internal.reflect.NativeMethodAccessorImpl.invoke0(Native Method)
	at java.base/jdk.internal.reflect.NativeMethodAccessorImpl.invoke(NativeMethodAccessorImpl.java:77)
	at java.base/jdk.internal.reflect.DelegatingMethodAccessorImpl.invoke(DelegatingMethodAccessorImpl.java:43)

2026-01-28 15:05:51.681 DEBUG testcase.LogOut                          - 1: markError("Logout Failure : " + e.getMessage())
2026-01-28 15:05:51.686 INFO  c.k.katalon.core.main.TestCaseExecutor   - END Test Cases/ProhanceWeb/LogOut_Page/LogOut
2026-01-28 15:05:51.684 ERROR c.k.katalon.core.main.TestCaseExecutor   - ❌ Test Cases/ProhanceWeb/LogOut_Page/LogOut FAILED.
Reason:
com.kms.katalon.core.exception.StepErrorException: Logout Failure : Browser is not opened
Build info: version: '4.34.0', revision: '707dcb4246*'
System info: os.name: 'Windows 11', os.arch: 'amd64', os.version: '10.0', java.version: '17.0.14'
Driver info: driver.version: unknown
	at com.kms.katalon.core.util.KeywordUtil.markError(KeywordUtil.java:67)
	at LogOut.run(LogOut:32)
	at com.kms.katalon.core.main.ScriptEngine.run(ScriptEngine.java:194)
	at com.kms.katalon.core.main.ScriptEngine.runScriptAsRawText(ScriptEngine.java:119)
	at com.kms.katalon.core.main.TestCaseExecutor.runScript(TestCaseExecutor.java:490)
	at com.kms.katalon.core.main.TestCaseExecutor.doExecute(TestCaseExecutor.java:481)
	at com.kms.katalon.core.main.TestCaseExecutor.processExecutionPhase(TestCaseExecutor.java:460)
	at com.kms.katalon.core.main.TestCaseExecutor.accessMainPhase(TestCaseExecutor.java:452)
	at com.kms.katalon.core.main.TestCaseExecutor.execute(TestCaseExecutor.java:322)
	at com.kms.katalon.core.main.TestCaseExecutor.execute(TestCaseExecutor.java:410)
	at com.kms.katalon.core.main.TestCaseExecutor.execute(TestCaseExecutor.java:410)
	at com.kms.katalon.core.main.TestCaseExecutor.execute(TestCaseExecutor.java:410)
	at com.kms.katalon.core.common.CommonExecutor.accessTestCaseMainPhase(CommonExecutor.java:71)
	at com.kms.katalon.core.main.TestSuiteExecutor.accessTestSuiteMainPhase(TestSuiteExecutor.java:153)
	at com.kms.katalon.core.main.TestSuiteExecutor.execute(TestSuiteExecutor.java:110)
	at com.kms.katalon.core.main.TestCaseMain.startTestSuite(TestCaseMain.java:205)
	at TempTestSuite1769592834472.run(TempTestSuite1769592834472.groovy:35)
	at java.base/jdk.internal.reflect.NativeMethodAccessorImpl.invoke0(Native Method)
	at java.base/jdk.internal.reflect.NativeMethodAccessorImpl.invoke(NativeMethodAccessorImpl.java:77)
	at java.base/jdk.internal.reflect.DelegatingMethodAccessorImpl.invoke(DelegatingMethodAccessorImpl.java:43)

2026-01-28 15:05:51.764 INFO  c.k.katalon.core.main.TestSuiteExecutor  - --------------------
2026-01-28 15:05:51.765 INFO  c.k.katalon.core.main.TestSuiteExecutor  - END Test Suites/Login_Genaral
2026-01-28 15:05:51.765 INFO  c.k.katalon.core.main.TestSuiteExecutor  - ====================
