2026-02-04 16:52:30.412 INFO  c.k.k.c.l.logback.LogbackConfigurator    - Logback default configuration initialized from: C:\Users\gopal.s\.katalon\packages\KS-11.0.0\configuration\org.eclipse.osgi\148\0\.cp\resources\logback\logback-execution.xml
2026-02-04 16:52:30.417 INFO  c.k.k.c.l.logback.LogbackConfigurator    - Logback custom configuration initialized from: F:\ProhanceWebApplications-1 1\ProhanceWebApplications-1\ProhanceWebApplications\ProhanceWebApplicationsssd\ProhanceWebApplicationsssd\Include\config\log.properties
2026-02-04 16:52:30.629 INFO  c.k.katalon.core.main.TestSuiteExecutor  - START Test Suites/WorkTime/Custom Reports/Custom Reports
2026-02-04 16:52:30.832 INFO  c.k.katalon.core.main.TestSuiteExecutor  - userFullName = Gopal
2026-02-04 16:52:30.833 INFO  c.k.katalon.core.main.TestSuiteExecutor  - projectName = ProhanceWebApplication
2026-02-04 16:52:30.834 INFO  c.k.katalon.core.main.TestSuiteExecutor  - hostName = gopal.s - JAMOCHA57.jamochahq.local
2026-02-04 16:52:30.835 INFO  c.k.katalon.core.main.TestSuiteExecutor  - os = Windows 11 64bit
2026-02-04 16:52:30.836 INFO  c.k.katalon.core.main.TestSuiteExecutor  - hostAddress = 10.10.10.136
2026-02-04 16:52:30.837 INFO  c.k.katalon.core.main.TestSuiteExecutor  - katalonVersion = 11.0.0.0
2026-02-04 16:52:31.573 INFO  c.k.katalon.core.main.TestCaseExecutor   - --------------------
2026-02-04 16:52:31.573 INFO  c.k.katalon.core.main.TestCaseExecutor   - START Test Cases/ProhanceWeb/Login_Page/Login
2026-02-04 16:52:31.676 INFO  c.k.katalon.core.main.TestCaseExecutor   - userName = tsL9urF6O/D/xURRxzj/8w==
2026-02-04 16:52:31.678 INFO  c.k.katalon.core.main.TestCaseExecutor   - password = tsL9urF6O/APwsPS+50KRA==
2026-02-04 16:52:33.755 DEBUG testcase.Login                           - 1: openBrowser("")
2026-02-04 16:52:34.289 INFO  c.k.k.core.webui.driver.DriverFactory    - Starting 'Chrome' driver
2026-02-04 16:52:34.299 INFO  c.k.k.c.w.util.WebDriverPropertyUtil     - User set preference: ['args', '[--allow-running-insecure-content, --ignore-certificate-errors, --disable-web-security, --unsafely-treat-insecure-origin-as-secure=http://10.10.10.157:1001/prohance]']
2026-02-04 16:52:34.301 INFO  c.k.k.c.w.util.WebDriverPropertyUtil     - User set preference: ['prefs', '{download.default_directory=C:/Users/gopal.s/Downloads, download.prompt_for_download=false, download.directory_upgrade=true, profile.default_content_setting_values.automatic_downloads=1, plugins.always_open_pdf_externally=true, safebrowsing.enabled=true}']
2026-02-04 16:52:34.381 INFO  c.k.k.core.webui.driver.DriverFactory    - Action delay is set to 0 milliseconds
Feb 04, 2026 4:52:37 PM org.openqa.selenium.devtools.CdpVersionFinder findNearestMatch
WARNING: Unable to find an exact match for CDP version 144, returning the closest version; found: 143; Please update to a Selenium version that supports CDP version 144
2026-02-04 16:52:38.140 INFO  c.k.k.core.webui.driver.DriverFactory    - sessionId = 81a6873b01a3d61debc2bdf500c6224f
2026-02-04 16:52:38.141 INFO  c.k.k.core.webui.driver.DriverFactory    - browser = Chrome 144.0.7559.132
2026-02-04 16:52:38.147 INFO  c.k.k.core.webui.driver.DriverFactory    - platform = Windows 11
2026-02-04 16:52:38.154 INFO  c.k.k.core.webui.driver.DriverFactory    - seleniumVersion = 4.39.0
2026-02-04 16:52:38.165 INFO  c.k.k.core.webui.driver.DriverFactory    - proxyInformation = ProxyInformation { proxyOption=NO_PROXY, proxyServerType=HTTP, username=, password=********, proxyServerAddress=, proxyServerPort=0, executionList="", isApplyToDesiredCapabilities=true }
2026-02-04 16:52:38.230 DEBUG testcase.Login                           - 2: maximizeWindow()
2026-02-04 16:52:38.341 DEBUG testcase.Login                           - 3: waitForPageLoad(Delay, CONTINUE_ON_FAILURE)
2026-02-04 16:52:38.641 DEBUG testcase.Login                           - 4: navigateToUrl(URL)
2026-02-04 16:52:39.110 DEBUG testcase.Login                           - 5: try
2026-02-04 16:52:39.122 DEBUG testcase.Login                           - 1: setEncryptedText(findTestObject("Object Repository/Login/userName"), userName)
2026-02-04 16:52:39.942 DEBUG testcase.Login                           - 2: setEncryptedText(findTestObject("Object Repository/Login/Password"), password)
2026-02-04 16:52:40.453 DEBUG testcase.Login                           - 3: waitForElementClickable(findTestObject("Object Repository/Login/login_btn"), Delay)
2026-02-04 16:52:40.941 DEBUG testcase.Login                           - 4: click(findTestObject("Object Repository/Login/login_btn"))
2026-02-04 16:52:41.468 DEBUG testcase.Login                           - 5: if (waitForElementPresent(findTestObject("Object Repository/Login/session_Distroysession"), Delay, OPTIONAL))
2026-02-04 16:52:42.210 DEBUG testcase.Login                           - 1: waitForElementClickable(findTestObject("Object Repository/Login/session_Distroysession"), Delay, OPTIONAL)
2026-02-04 16:52:42.670 DEBUG testcase.Login                           - 2: click(findTestObject("Object Repository/Login/session_Distroysession"))
2026-02-04 16:52:43.129 DEBUG testcase.Login                           - 6: if (waitForElementPresent(findTestObject("Object Repository/Common/Accept Cookies"), Delay, OPTIONAL))
2026-02-04 16:52:44.490 DEBUG testcase.Login                           - 1: waitForElementClickable(findTestObject("Object Repository/Common/Accept Cookies"), Delay, OPTIONAL)
2026-02-04 16:52:44.854 DEBUG testcase.Login                           - 2: click(findTestObject("Object Repository/Common/Accept Cookies"))
2026-02-04 16:52:45.299 DEBUG testcase.Login                           - 7: Finally
2026-02-04 16:52:45.301 DEBUG testcase.Login                           - 1: timestamp = Date().format("yyyyMMdd_HHmmss")
2026-02-04 16:52:45.317 INFO  c.k.katalon.core.main.TestCaseExecutor   - END Test Cases/ProhanceWeb/Login_Page/Login
2026-02-04 16:52:45.501 INFO  c.k.katalon.core.main.TestCaseExecutor   - --------------------
2026-02-04 16:52:45.501 INFO  c.k.katalon.core.main.TestCaseExecutor   - START Test Cases/ProhanceWeb/Organization Settings/Work Time/Custom Reports/Custom Reports
2026-02-04 16:52:45.969 INFO  c.k.katalon.core.main.TestCaseExecutor   - ReportBy = User
2026-02-04 16:52:45.971 INFO  c.k.katalon.core.main.TestCaseExecutor   - reportDuration = D
2026-02-04 16:52:45.973 INFO  c.k.katalon.core.main.TestCaseExecutor   - UserType = All Users
2026-02-04 16:52:45.975 INFO  c.k.katalon.core.main.TestCaseExecutor   - dodCheck = false
2026-02-04 16:52:45.975 INFO  c.k.katalon.core.main.TestCaseExecutor   - isDisplayData = false
2026-02-04 16:52:45.976 INFO  c.k.katalon.core.main.TestCaseExecutor   - showByGroupVal = acrossAllGroups
2026-02-04 16:52:45.983 INFO  c.k.katalon.core.main.TestCaseExecutor   - isDisplayOnlyActiveUsersData = false
2026-02-04 16:52:45.985 INFO  c.k.katalon.core.main.TestCaseExecutor   - isDWShOutsideShift = false
2026-02-04 16:52:45.985 INFO  c.k.katalon.core.main.TestCaseExecutor   - shiftType = acrossAllShift
2026-02-04 16:52:45.987 INFO  c.k.katalon.core.main.TestCaseExecutor   - isDisplayTimeZone = false
2026-02-04 16:52:45.987 INFO  c.k.katalon.core.main.TestCaseExecutor   - timeZoneType = byLoggedInUser
2026-02-04 16:52:45.989 INFO  c.k.katalon.core.main.TestCaseExecutor   - dayType = dayType
2026-02-04 16:52:46.392 DEBUG testcase.Custom Reports                  - 1: if (waitForElementPresent(findTestObject("Object Repository/Organization Settings/New Folder/Page_ProHance/a_WORK TIME"), Delay))
2026-02-04 16:52:46.692 DEBUG testcase.Custom Reports                  - 1: waitForElementClickable(findTestObject("Object Repository/Organization Settings/New Folder/Page_ProHance/a_WORK TIME"), Delay)
2026-02-04 16:52:47.043 DEBUG testcase.Custom Reports                  - 2: click(findTestObject("Object Repository/Organization Settings/New Folder/Page_ProHance/a_WORK TIME"))
2026-02-04 16:52:47.504 DEBUG testcase.Custom Reports                  - 3: driver = getWebDriver()
2026-02-04 16:52:47.507 DEBUG testcase.Custom Reports                  - 4: efficiencyLinks = driver.findElements(By.xpath("//a[@data-menulink='EfficiencyDetailsFilter']"))
2026-02-04 16:52:47.829 DEBUG testcase.Custom Reports                  - 5: if (!(efficiencyLinks.isEmpty()))
2026-02-04 16:52:47.839 DEBUG testcase.Custom Reports                  - 1: get(0).click()
2026-02-04 16:52:48.106 DEBUG testcase.Custom Reports                  - 7: switchToWindowIndex(1)
2026-02-04 16:52:48.279 DEBUG testcase.Custom Reports                  - 8: filterMenu = driver.findElement(By.xpath("//span[@id='show-content-menu-main']"))
2026-02-04 16:52:51.599 DEBUG testcase.Custom Reports                  - 9: filterMenu.click()
2026-02-04 16:52:51.856 DEBUG testcase.Custom Reports                  - 10: viewByDropdown = new com.kms.katalon.core.testobject.TestObject(ViewByDropdown)
2026-02-04 16:52:51.869 DEBUG testcase.Custom Reports                  - 11: viewByDropdown.addProperty("xpath", EQUALS, "//select[@id='customReportViewByFilter']")
2026-02-04 16:52:51.883 DEBUG testcase.Custom Reports                  - 12: waitForElementPresent(viewByDropdown, 20)
2026-02-04 16:52:52.190 DEBUG testcase.Custom Reports                  - 13: dropdownElement = findWebElement(viewByDropdown)
2026-02-04 16:52:52.485 DEBUG testcase.Custom Reports                  - 14: select = new org.openqa.selenium.support.ui.Select(dropdownElement)
2026-02-04 16:52:52.519 DEBUG testcase.Custom Reports                  - 15: selectedValue = getText().trim()
2026-02-04 16:52:52.808 DEBUG testcase.Custom Reports                  - 16: println("Selected View By Value: " + selectedValue)
Selected View By Value: User Groups
2026-02-04 16:52:52.825 DEBUG testcase.Custom Reports                  - 17: dropdownValues = []
2026-02-04 16:52:52.827 DEBUG testcase.Custom Reports                  - 18: getOptions().each({ -> ... })
2026-02-04 16:52:53.340 DEBUG testcase.Custom Reports                  - 19: reportDurationElementValue = findWebElement(findTestObject("Object Repository/Organization Settings/Work Time/Custom Reports/Custom Reports Hidden Element/Report Duration")).getAttribute("Value")
2026-02-04 16:52:53.643 DEBUG testcase.Custom Reports                  - 20: if (reportDuration != null && reportDuration != "" && reportDurationElementValue != null && reportDurationElementValue != "")
2026-02-04 16:52:53.646 DEBUG testcase.Custom Reports                  - 1: com.prohanceapplication.customreports.CustomReports.selectReportDuration(reportDuration, reportDurationElementValue)
2026-02-04 16:52:54.229 WARN  com.kms.katalon.core.util.KeywordUtil    - Selected Value : Decorated {[[[[CChromeDriver: chrome on windows (81a6873b01a3d61debc2bdf500c6224f)] -> xpath: //select[@id='CustomDurationViewBy']]] -> tag name: option]}
2026-02-04 16:52:54.542 INFO  k.k.c.m.CustomKeywordDelegatingMetaClass - com.prohanceapplication.customreports.CustomReports.selectReportDuration is PASSED
2026-02-04 16:52:54.542 DEBUG testcase.Custom Reports                  - 21: if (UserType != null && UserType != "")
2026-02-04 16:52:54.542 DEBUG testcase.Custom Reports                  - 1: com.prohanceapplication.customreports.CustomReports.selectUserType(UserType)
2026-02-04 16:52:55.121 INFO  k.k.c.m.CustomKeywordDelegatingMetaClass - com.prohanceapplication.customreports.CustomReports.selectUserType is PASSED
2026-02-04 16:52:55.121 DEBUG testcase.Custom Reports                  - 22: checkbox = findTestObject("Object Repository/Organization Settings/Work Time/Custom Reports/Common/Chk_ Display Overall Data")
2026-02-04 16:52:55.128 DEBUG testcase.Custom Reports                  - 23: isDDCheckedCheckbox = findTestObject("Object Repository/Organization Settings/Work Time/Custom Reports/Common/Chk_Display data")
2026-02-04 16:52:55.136 DEBUG testcase.Custom Reports                  - 24: isDisplayOnlyActiveUsersDataWeb = findTestObject("Object Repository/Organization Settings/Work Time/Custom Reports/Common/Chk_Display Only Active UsersData")
2026-02-04 16:52:55.144 DEBUG testcase.Custom Reports                  - 25: isDisplayWithinShiftOutsideShifDataWeb = findTestObject("Object Repository/Organization Settings/Work Time/Custom Reports/Common/Chk_Display Within Shift Outside Shift")
2026-02-04 16:52:55.146 DEBUG testcase.Custom Reports                  - 26: isDisplayTimeZoneDataWeb = findTestObject("Object Repository/Organization Settings/Work Time/Custom Reports/Common/Chk_Display time specific")
2026-02-04 16:52:55.154 DEBUG testcase.Custom Reports                  - 27: waitForElementPresent(checkbox, 0, OPTIONAL)
2026-02-04 16:52:55.162 WARN  c.k.k.c.webui.common.WebUiCommonHelper   - Timeout '0' is invalid. Using default page load timeout: '10'
2026-02-04 16:52:55.425 DEBUG testcase.Custom Reports                  - 28: waitForElementPresent(isDisplayOnlyActiveUsersDataWeb, 0, OPTIONAL)
2026-02-04 16:52:55.431 WARN  c.k.k.c.webui.common.WebUiCommonHelper   - Timeout '0' is invalid. Using default page load timeout: '10'
2026-02-04 16:52:55.689 DEBUG testcase.Custom Reports                  - 29: isChecked = verifyElementChecked(checkbox, 1, OPTIONAL)
2026-02-04 16:52:56.068 WARN  c.k.k.core.keyword.internal.KeywordMain  - Object 'Object Repository/Organization Settings/Work Time/Custom Reports/Common/Chk_ Display Overall Data' is not checked (Root cause: com.kms.katalon.core.exception.StepFailedException: Object 'Object Repository/Organization Settings/Work Time/Custom Reports/Common/Chk_ Display Overall Data' is not checked
	at com.kms.katalon.core.webui.keyword.internal.WebUIKeywordMain.stepFailed(WebUIKeywordMain.groovy:177)
	at com.kms.katalon.core.webui.keyword.builtin.VerifyElementCheckedKeyword$_verifyElementChecked_closure1.doCall(VerifyElementCheckedKeyword.groovy:60)
	at java.base/jdk.internal.reflect.DirectMethodHandleAccessor.invoke(DirectMethodHandleAccessor.java:103)
	at jdk.proxy2/jdk.proxy2.$Proxy48.execute(Unknown Source)
	at com.kms.katalon.core.webui.model.SeleniumActionRetryController.performAction(SeleniumActionRetryController.java:96)
	at com.kms.katalon.core.webui.model.SeleniumActionRetryController.performAction(SeleniumActionRetryController.java:83)
	at com.kms.katalon.core.webui.keyword.internal.WebUIKeywordMain$_runKeywordUntilTimeout_closure1.doCall(WebUIKeywordMain.groovy:135)
	at com.kms.katalon.core.webui.keyword.internal.WebUIKeywordMain$_runKeywordUntilTimeout_closure1.call(WebUIKeywordMain.groovy)
	at com.kms.katalon.core.webui.keyword.internal.WebUIKeywordMain.runKeyword(WebUIKeywordMain.groovy:41)
	at com.kms.katalon.core.webui.keyword.internal.WebUIKeywordMain.runKeywordUntilTimeout(WebUIKeywordMain.groovy:133)
	at com.kms.katalon.core.webui.keyword.builtin.VerifyElementCheckedKeyword.verifyElementChecked(VerifyElementCheckedKeyword.groovy:71)
	at com.kms.katalon.core.webui.keyword.builtin.VerifyElementCheckedKeyword.execute(VerifyElementCheckedKeyword.groovy:40)
	at com.kms.katalon.core.keyword.internal.KeywordExecutor.executeKeywordForPlatform(KeywordExecutor.groovy:95)
	at com.kms.katalon.core.webui.keyword.WebUiBuiltInKeywords.verifyElementChecked(WebUiBuiltInKeywords.groovy:1483)
	at Custom Reports.run(Custom Reports:109)
	at com.kms.katalon.core.main.ScriptEngine.run(ScriptEngine.java:194)
	at com.kms.katalon.core.main.ScriptEngine.runScriptAsRawText(ScriptEngine.java:119)
	at com.kms.katalon.core.main.TestCaseExecutor.runScript(TestCaseExecutor.java:502)
	at com.kms.katalon.core.main.TestCaseExecutor.doExecute(TestCaseExecutor.java:493)
	at com.kms.katalon.core.main.TestCaseExecutor.processExecutionPhase(TestCaseExecutor.java:472)
	at com.kms.katalon.core.main.TestCaseExecutor.accessMainPhase(TestCaseExecutor.java:464)
	at com.kms.katalon.core.main.TestCaseExecutor.execute(TestCaseExecutor.java:334)
	at com.kms.katalon.core.common.CommonExecutor.accessTestCaseMainPhase(CommonExecutor.java:71)
	at com.kms.katalon.core.main.TestSuiteExecutor.accessTestSuiteMainPhase(TestSuiteExecutor.java:163)
	at com.kms.katalon.core.main.TestSuiteExecutor.execute(TestSuiteExecutor.java:120)
	at com.kms.katalon.core.main.TestCaseMain.startTestSuite(TestCaseMain.java:205)
	at S0.run(S0.groovy:35)
	at java.base/jdk.internal.reflect.DirectMethodHandleAccessor.invoke(DirectMethodHandleAccessor.java:103)
)
2026-02-04 16:52:56.070 DEBUG testcase.Custom Reports                  - 30: isDDChecked = verifyElementChecked(isDDCheckedCheckbox, 1, OPTIONAL)
2026-02-04 16:52:57.101 WARN  .k.k.c.w.k.b.VerifyElementCheckedKeyword - Waiting for element timed out
2026-02-04 16:52:57.120 WARN  c.k.k.core.keyword.internal.KeywordMain  - Object 'Object Repository/Organization Settings/Work Time/Custom Reports/Common/Chk_Display data' is not checked (Root cause: com.kms.katalon.core.exception.StepFailedException: Object 'Object Repository/Organization Settings/Work Time/Custom Reports/Common/Chk_Display data' is not checked
	at com.kms.katalon.core.webui.keyword.internal.WebUIKeywordMain.stepFailed(WebUIKeywordMain.groovy:177)
	at com.kms.katalon.core.webui.keyword.builtin.VerifyElementCheckedKeyword$_verifyElementChecked_closure1.doCall(VerifyElementCheckedKeyword.groovy:60)
	at java.base/jdk.internal.reflect.DirectMethodHandleAccessor.invoke(DirectMethodHandleAccessor.java:103)
	at jdk.proxy2/jdk.proxy2.$Proxy48.execute(Unknown Source)
	at com.kms.katalon.core.webui.model.SeleniumActionRetryController.performAction(SeleniumActionRetryController.java:96)
	at com.kms.katalon.core.webui.model.SeleniumActionRetryController.performAction(SeleniumActionRetryController.java:83)
	at com.kms.katalon.core.webui.keyword.internal.WebUIKeywordMain$_runKeywordUntilTimeout_closure1.doCall(WebUIKeywordMain.groovy:135)
	at com.kms.katalon.core.webui.keyword.internal.WebUIKeywordMain$_runKeywordUntilTimeout_closure1.call(WebUIKeywordMain.groovy)
	at com.kms.katalon.core.webui.keyword.internal.WebUIKeywordMain.runKeyword(WebUIKeywordMain.groovy:41)
	at com.kms.katalon.core.webui.keyword.internal.WebUIKeywordMain.runKeywordUntilTimeout(WebUIKeywordMain.groovy:133)
	at com.kms.katalon.core.webui.keyword.builtin.VerifyElementCheckedKeyword.verifyElementChecked(VerifyElementCheckedKeyword.groovy:71)
	at com.kms.katalon.core.webui.keyword.builtin.VerifyElementCheckedKeyword.execute(VerifyElementCheckedKeyword.groovy:40)
	at com.kms.katalon.core.keyword.internal.KeywordExecutor.executeKeywordForPlatform(KeywordExecutor.groovy:95)
	at com.kms.katalon.core.webui.keyword.WebUiBuiltInKeywords.verifyElementChecked(WebUiBuiltInKeywords.groovy:1483)
	at Custom Reports.run(Custom Reports:110)
	at com.kms.katalon.core.main.ScriptEngine.run(ScriptEngine.java:194)
	at com.kms.katalon.core.main.ScriptEngine.runScriptAsRawText(ScriptEngine.java:119)
	at com.kms.katalon.core.main.TestCaseExecutor.runScript(TestCaseExecutor.java:502)
	at com.kms.katalon.core.main.TestCaseExecutor.doExecute(TestCaseExecutor.java:493)
	at com.kms.katalon.core.main.TestCaseExecutor.processExecutionPhase(TestCaseExecutor.java:472)
	at com.kms.katalon.core.main.TestCaseExecutor.accessMainPhase(TestCaseExecutor.java:464)
	at com.kms.katalon.core.main.TestCaseExecutor.execute(TestCaseExecutor.java:334)
	at com.kms.katalon.core.common.CommonExecutor.accessTestCaseMainPhase(CommonExecutor.java:71)
	at com.kms.katalon.core.main.TestSuiteExecutor.accessTestSuiteMainPhase(TestSuiteExecutor.java:163)
	at com.kms.katalon.core.main.TestSuiteExecutor.execute(TestSuiteExecutor.java:120)
	at com.kms.katalon.core.main.TestCaseMain.startTestSuite(TestCaseMain.java:205)
	at S0.run(S0.groovy:35)
	at java.base/jdk.internal.reflect.DirectMethodHandleAccessor.invoke(DirectMethodHandleAccessor.java:103)
)
2026-02-04 16:52:57.121 DEBUG testcase.Custom Reports                  - 31: isDOAUData = verifyElementChecked(isDisplayOnlyActiveUsersDataWeb, 1, OPTIONAL)
2026-02-04 16:52:57.496 WARN  c.k.k.core.keyword.internal.KeywordMain  - Object 'Object Repository/Organization Settings/Work Time/Custom Reports/Common/Chk_Display Only Active UsersData' is not checked (Root cause: com.kms.katalon.core.exception.StepFailedException: Object 'Object Repository/Organization Settings/Work Time/Custom Reports/Common/Chk_Display Only Active UsersData' is not checked
	at com.kms.katalon.core.webui.keyword.internal.WebUIKeywordMain.stepFailed(WebUIKeywordMain.groovy:177)
	at com.kms.katalon.core.webui.keyword.builtin.VerifyElementCheckedKeyword$_verifyElementChecked_closure1.doCall(VerifyElementCheckedKeyword.groovy:60)
	at java.base/jdk.internal.reflect.DirectMethodHandleAccessor.invoke(DirectMethodHandleAccessor.java:103)
	at jdk.proxy2/jdk.proxy2.$Proxy48.execute(Unknown Source)
	at com.kms.katalon.core.webui.model.SeleniumActionRetryController.performAction(SeleniumActionRetryController.java:96)
	at com.kms.katalon.core.webui.model.SeleniumActionRetryController.performAction(SeleniumActionRetryController.java:83)
	at com.kms.katalon.core.webui.keyword.internal.WebUIKeywordMain$_runKeywordUntilTimeout_closure1.doCall(WebUIKeywordMain.groovy:135)
	at com.kms.katalon.core.webui.keyword.internal.WebUIKeywordMain$_runKeywordUntilTimeout_closure1.call(WebUIKeywordMain.groovy)
	at com.kms.katalon.core.webui.keyword.internal.WebUIKeywordMain.runKeyword(WebUIKeywordMain.groovy:41)
	at com.kms.katalon.core.webui.keyword.internal.WebUIKeywordMain.runKeywordUntilTimeout(WebUIKeywordMain.groovy:133)
	at com.kms.katalon.core.webui.keyword.builtin.VerifyElementCheckedKeyword.verifyElementChecked(VerifyElementCheckedKeyword.groovy:71)
	at com.kms.katalon.core.webui.keyword.builtin.VerifyElementCheckedKeyword.execute(VerifyElementCheckedKeyword.groovy:40)
	at com.kms.katalon.core.keyword.internal.KeywordExecutor.executeKeywordForPlatform(KeywordExecutor.groovy:95)
	at com.kms.katalon.core.webui.keyword.WebUiBuiltInKeywords.verifyElementChecked(WebUiBuiltInKeywords.groovy:1483)
	at Custom Reports.run(Custom Reports:111)
	at com.kms.katalon.core.main.ScriptEngine.run(ScriptEngine.java:194)
	at com.kms.katalon.core.main.ScriptEngine.runScriptAsRawText(ScriptEngine.java:119)
	at com.kms.katalon.core.main.TestCaseExecutor.runScript(TestCaseExecutor.java:502)
	at com.kms.katalon.core.main.TestCaseExecutor.doExecute(TestCaseExecutor.java:493)
	at com.kms.katalon.core.main.TestCaseExecutor.processExecutionPhase(TestCaseExecutor.java:472)
	at com.kms.katalon.core.main.TestCaseExecutor.accessMainPhase(TestCaseExecutor.java:464)
	at com.kms.katalon.core.main.TestCaseExecutor.execute(TestCaseExecutor.java:334)
	at com.kms.katalon.core.common.CommonExecutor.accessTestCaseMainPhase(CommonExecutor.java:71)
	at com.kms.katalon.core.main.TestSuiteExecutor.accessTestSuiteMainPhase(TestSuiteExecutor.java:163)
	at com.kms.katalon.core.main.TestSuiteExecutor.execute(TestSuiteExecutor.java:120)
	at com.kms.katalon.core.main.TestCaseMain.startTestSuite(TestCaseMain.java:205)
	at S0.run(S0.groovy:35)
	at java.base/jdk.internal.reflect.DirectMethodHandleAccessor.invoke(DirectMethodHandleAccessor.java:103)
)
2026-02-04 16:52:57.508 DEBUG testcase.Custom Reports                  - 32: isDSOS = verifyElementChecked(isDisplayWithinShiftOutsideShifDataWeb, 1, OPTIONAL)
2026-02-04 16:52:57.913 WARN  c.k.k.core.keyword.internal.KeywordMain  - Object 'Object Repository/Organization Settings/Work Time/Custom Reports/Common/Chk_Display Within Shift Outside Shift' is not checked (Root cause: com.kms.katalon.core.exception.StepFailedException: Object 'Object Repository/Organization Settings/Work Time/Custom Reports/Common/Chk_Display Within Shift Outside Shift' is not checked
	at com.kms.katalon.core.webui.keyword.internal.WebUIKeywordMain.stepFailed(WebUIKeywordMain.groovy:177)
	at com.kms.katalon.core.webui.keyword.builtin.VerifyElementCheckedKeyword$_verifyElementChecked_closure1.doCall(VerifyElementCheckedKeyword.groovy:60)
	at java.base/jdk.internal.reflect.DirectMethodHandleAccessor.invoke(DirectMethodHandleAccessor.java:103)
	at jdk.proxy2/jdk.proxy2.$Proxy48.execute(Unknown Source)
	at com.kms.katalon.core.webui.model.SeleniumActionRetryController.performAction(SeleniumActionRetryController.java:96)
	at com.kms.katalon.core.webui.model.SeleniumActionRetryController.performAction(SeleniumActionRetryController.java:83)
	at com.kms.katalon.core.webui.keyword.internal.WebUIKeywordMain$_runKeywordUntilTimeout_closure1.doCall(WebUIKeywordMain.groovy:135)
	at com.kms.katalon.core.webui.keyword.internal.WebUIKeywordMain$_runKeywordUntilTimeout_closure1.call(WebUIKeywordMain.groovy)
	at com.kms.katalon.core.webui.keyword.internal.WebUIKeywordMain.runKeyword(WebUIKeywordMain.groovy:41)
	at com.kms.katalon.core.webui.keyword.internal.WebUIKeywordMain.runKeywordUntilTimeout(WebUIKeywordMain.groovy:133)
	at com.kms.katalon.core.webui.keyword.builtin.VerifyElementCheckedKeyword.verifyElementChecked(VerifyElementCheckedKeyword.groovy:71)
	at com.kms.katalon.core.webui.keyword.builtin.VerifyElementCheckedKeyword.execute(VerifyElementCheckedKeyword.groovy:40)
	at com.kms.katalon.core.keyword.internal.KeywordExecutor.executeKeywordForPlatform(KeywordExecutor.groovy:95)
	at com.kms.katalon.core.webui.keyword.WebUiBuiltInKeywords.verifyElementChecked(WebUiBuiltInKeywords.groovy:1483)
	at Custom Reports.run(Custom Reports:112)
	at com.kms.katalon.core.main.ScriptEngine.run(ScriptEngine.java:194)
	at com.kms.katalon.core.main.ScriptEngine.runScriptAsRawText(ScriptEngine.java:119)
	at com.kms.katalon.core.main.TestCaseExecutor.runScript(TestCaseExecutor.java:502)
	at com.kms.katalon.core.main.TestCaseExecutor.doExecute(TestCaseExecutor.java:493)
	at com.kms.katalon.core.main.TestCaseExecutor.processExecutionPhase(TestCaseExecutor.java:472)
	at com.kms.katalon.core.main.TestCaseExecutor.accessMainPhase(TestCaseExecutor.java:464)
	at com.kms.katalon.core.main.TestCaseExecutor.execute(TestCaseExecutor.java:334)
	at com.kms.katalon.core.common.CommonExecutor.accessTestCaseMainPhase(CommonExecutor.java:71)
	at com.kms.katalon.core.main.TestSuiteExecutor.accessTestSuiteMainPhase(TestSuiteExecutor.java:163)
	at com.kms.katalon.core.main.TestSuiteExecutor.execute(TestSuiteExecutor.java:120)
	at com.kms.katalon.core.main.TestCaseMain.startTestSuite(TestCaseMain.java:205)
	at S0.run(S0.groovy:35)
	at java.base/jdk.internal.reflect.DirectMethodHandleAccessor.invoke(DirectMethodHandleAccessor.java:103)
)
2026-02-04 16:52:57.915 DEBUG testcase.Custom Reports                  - 33: isDTZW = verifyElementChecked(isDisplayTimeZoneDataWeb, 1, OPTIONAL)
2026-02-04 16:52:58.941 WARN  .k.k.c.w.k.b.VerifyElementCheckedKeyword - Waiting for element timed out
2026-02-04 16:52:58.955 WARN  c.k.k.core.keyword.internal.KeywordMain  - Object 'Object Repository/Organization Settings/Work Time/Custom Reports/Common/Chk_Display time specific' is not checked (Root cause: com.kms.katalon.core.exception.StepFailedException: Object 'Object Repository/Organization Settings/Work Time/Custom Reports/Common/Chk_Display time specific' is not checked
	at com.kms.katalon.core.webui.keyword.internal.WebUIKeywordMain.stepFailed(WebUIKeywordMain.groovy:177)
	at com.kms.katalon.core.webui.keyword.builtin.VerifyElementCheckedKeyword$_verifyElementChecked_closure1.doCall(VerifyElementCheckedKeyword.groovy:60)
	at java.base/jdk.internal.reflect.DirectMethodHandleAccessor.invoke(DirectMethodHandleAccessor.java:103)
	at jdk.proxy2/jdk.proxy2.$Proxy48.execute(Unknown Source)
	at com.kms.katalon.core.webui.model.SeleniumActionRetryController.performAction(SeleniumActionRetryController.java:96)
	at com.kms.katalon.core.webui.model.SeleniumActionRetryController.performAction(SeleniumActionRetryController.java:83)
	at com.kms.katalon.core.webui.keyword.internal.WebUIKeywordMain$_runKeywordUntilTimeout_closure1.doCall(WebUIKeywordMain.groovy:135)
	at com.kms.katalon.core.webui.keyword.internal.WebUIKeywordMain$_runKeywordUntilTimeout_closure1.call(WebUIKeywordMain.groovy)
	at com.kms.katalon.core.webui.keyword.internal.WebUIKeywordMain.runKeyword(WebUIKeywordMain.groovy:41)
	at com.kms.katalon.core.webui.keyword.internal.WebUIKeywordMain.runKeywordUntilTimeout(WebUIKeywordMain.groovy:133)
	at com.kms.katalon.core.webui.keyword.builtin.VerifyElementCheckedKeyword.verifyElementChecked(VerifyElementCheckedKeyword.groovy:71)
	at com.kms.katalon.core.webui.keyword.builtin.VerifyElementCheckedKeyword.execute(VerifyElementCheckedKeyword.groovy:40)
	at com.kms.katalon.core.keyword.internal.KeywordExecutor.executeKeywordForPlatform(KeywordExecutor.groovy:95)
	at com.kms.katalon.core.webui.keyword.WebUiBuiltInKeywords.verifyElementChecked(WebUiBuiltInKeywords.groovy:1483)
	at Custom Reports.run(Custom Reports:113)
	at com.kms.katalon.core.main.ScriptEngine.run(ScriptEngine.java:194)
	at com.kms.katalon.core.main.ScriptEngine.runScriptAsRawText(ScriptEngine.java:119)
	at com.kms.katalon.core.main.TestCaseExecutor.runScript(TestCaseExecutor.java:502)
	at com.kms.katalon.core.main.TestCaseExecutor.doExecute(TestCaseExecutor.java:493)
	at com.kms.katalon.core.main.TestCaseExecutor.processExecutionPhase(TestCaseExecutor.java:472)
	at com.kms.katalon.core.main.TestCaseExecutor.accessMainPhase(TestCaseExecutor.java:464)
	at com.kms.katalon.core.main.TestCaseExecutor.execute(TestCaseExecutor.java:334)
	at com.kms.katalon.core.common.CommonExecutor.accessTestCaseMainPhase(CommonExecutor.java:71)
	at com.kms.katalon.core.main.TestSuiteExecutor.accessTestSuiteMainPhase(TestSuiteExecutor.java:163)
	at com.kms.katalon.core.main.TestSuiteExecutor.execute(TestSuiteExecutor.java:120)
	at com.kms.katalon.core.main.TestCaseMain.startTestSuite(TestCaseMain.java:205)
	at S0.run(S0.groovy:35)
	at java.base/jdk.internal.reflect.DirectMethodHandleAccessor.invoke(DirectMethodHandleAccessor.java:103)
)
2026-02-04 16:52:58.958 DEBUG testcase.Custom Reports                  - 34: if (dodCheck.toBoolean() && !(isChecked))
2026-02-04 16:52:58.969 DEBUG testcase.Custom Reports                  - 36: if (isDisplayOnlyActiveUsersData.toBoolean() && !(isDOAUData))
2026-02-04 16:52:58.971 DEBUG testcase.Custom Reports                  - 38: if (isDWShOutsideShift.toBoolean() && !(isDSOS))
2026-02-04 16:52:58.977 DEBUG testcase.Custom Reports                  - 40: if (isDSOS || isDWShOutsideShift.toBoolean() && shiftType != null && shiftType != "")
2026-02-04 16:52:58.978 DEBUG testcase.Custom Reports                  - 41: com.prohanceapplication.customreports.CustomReports.selectDayType(dayType)
2026-02-04 16:53:00.986 INFO  k.k.c.m.CustomKeywordDelegatingMetaClass - com.prohanceapplication.customreports.CustomReports.selectDayType is PASSED
2026-02-04 16:53:00.987 DEBUG testcase.Custom Reports                  - 42: immediateChildFolders = com.prohanceapplication.common.ObjectUtils.getImmediateChildFolders("Organization Settings/Work Time/Custom Reports/Check_Box/")
2026-02-04 16:53:01.035 INFO  k.k.c.m.CustomKeywordDelegatingMetaClass - com.prohanceapplication.common.ObjectUtils.getImmediateChildFolders is PASSED
2026-02-04 16:53:01.036 DEBUG testcase.Custom Reports                  - 43: filePath = "Organization Settings/Work Time/Custom Reports/Check_Box/Time Away From System"
2026-02-04 16:53:01.038 DEBUG testcase.Custom Reports                  - 44: out.println(filePath)
Organization Settings/Work Time/Custom Reports/Check_Box/Time Away From System
2026-02-04 16:53:01.051 DEBUG testcase.Custom Reports                  - 45: customizeReportView(filePath, reportDuration)
2026-02-04 16:53:01.056 DEBUG testcase.Custom Reports                  - 1: isDay = "D".equalsIgnoreCase(reportDuration)
2026-02-04 16:53:01.058 DEBUG testcase.Custom Reports                  - 2: getObjectsAsMap = com.prohanceapplication.common.ObjectUtils.getObjectsAsMap(filePath)
2026-02-04 16:53:01.136 INFO  k.k.c.m.CustomKeywordDelegatingMetaClass - com.prohanceapplication.common.ObjectUtils.getObjectsAsMap is PASSED
2026-02-04 16:53:01.137 DEBUG testcase.Custom Reports                  - 3: grouped = getObjectsAsMap.groupBy({ java.lang.Object entry -> ... })
2026-02-04 16:53:01.157 DEBUG testcase.Custom Reports                  - 4: grouped.each({ java.lang.Object groupKey, java.lang.Object entries -> ... })
2026-02-04 16:53:01.175 DEBUG testcase.Custom Reports                  - 1: if (obj == null)
2026-02-04 16:53:01.177 DEBUG testcase.Custom Reports                  - 2: try
2026-02-04 16:53:01.178 DEBUG testcase.Custom Reports                  - 1: scrollToElement(obj, 5)
2026-02-04 16:53:01.574 DEBUG testcase.Custom Reports                  - 2: isChecked = verifyElementChecked(obj, 1, OPTIONAL)
2026-02-04 16:53:01.980 WARN  c.k.k.core.keyword.internal.KeywordMain  - Object 'Object Repository/Organization Settings/Work Time/Custom Reports/Check_Box/Time Away From System/Neutral (TAFS)_Main' is not checked (Root cause: com.kms.katalon.core.exception.StepFailedException: Object 'Object Repository/Organization Settings/Work Time/Custom Reports/Check_Box/Time Away From System/Neutral (TAFS)_Main' is not checked
	at com.kms.katalon.core.webui.keyword.internal.WebUIKeywordMain.stepFailed(WebUIKeywordMain.groovy:177)
	at com.kms.katalon.core.webui.keyword.builtin.VerifyElementCheckedKeyword$_verifyElementChecked_closure1.doCall(VerifyElementCheckedKeyword.groovy:60)
	at java.base/jdk.internal.reflect.DirectMethodHandleAccessor.invoke(DirectMethodHandleAccessor.java:103)
	at jdk.proxy2/jdk.proxy2.$Proxy48.execute(Unknown Source)
	at com.kms.katalon.core.webui.model.SeleniumActionRetryController.performAction(SeleniumActionRetryController.java:96)
	at com.kms.katalon.core.webui.model.SeleniumActionRetryController.performAction(SeleniumActionRetryController.java:83)
	at com.kms.katalon.core.webui.keyword.internal.WebUIKeywordMain$_runKeywordUntilTimeout_closure1.doCall(WebUIKeywordMain.groovy:135)
	at com.kms.katalon.core.webui.keyword.internal.WebUIKeywordMain$_runKeywordUntilTimeout_closure1.call(WebUIKeywordMain.groovy)
	at com.kms.katalon.core.webui.keyword.internal.WebUIKeywordMain.runKeyword(WebUIKeywordMain.groovy:41)
	at com.kms.katalon.core.webui.keyword.internal.WebUIKeywordMain.runKeywordUntilTimeout(WebUIKeywordMain.groovy:133)
	at com.kms.katalon.core.webui.keyword.builtin.VerifyElementCheckedKeyword.verifyElementChecked(VerifyElementCheckedKeyword.groovy:71)
	at com.kms.katalon.core.webui.keyword.builtin.VerifyElementCheckedKeyword.execute(VerifyElementCheckedKeyword.groovy:40)
	at com.kms.katalon.core.keyword.internal.KeywordExecutor.executeKeywordForPlatform(KeywordExecutor.groovy:95)
	at com.kms.katalon.core.webui.keyword.WebUiBuiltInKeywords.verifyElementChecked(WebUiBuiltInKeywords.groovy:1483)
	at Custom Reports.safeClickCheckbox(Custom Reports:283)
	at java.base/jdk.internal.reflect.DirectMethodHandleAccessor.invoke(DirectMethodHandleAccessor.java:103)
	at Script1769747049695$_customizeReportView_closure5.doCall(Script1769747049695.groovy:261)
	at java.base/jdk.internal.reflect.DirectMethodHandleAccessor.invoke(DirectMethodHandleAccessor.java:103)
	at Custom Reports.customizeReportView(Custom Reports:254)
	at Custom Reports.run(Custom Reports:146)
	at com.kms.katalon.core.main.ScriptEngine.run(ScriptEngine.java:194)
	at com.kms.katalon.core.main.ScriptEngine.runScriptAsRawText(ScriptEngine.java:119)
	at com.kms.katalon.core.main.TestCaseExecutor.runScript(TestCaseExecutor.java:502)
	at com.kms.katalon.core.main.TestCaseExecutor.doExecute(TestCaseExecutor.java:493)
	at com.kms.katalon.core.main.TestCaseExecutor.processExecutionPhase(TestCaseExecutor.java:472)
	at com.kms.katalon.core.main.TestCaseExecutor.accessMainPhase(TestCaseExecutor.java:464)
	at com.kms.katalon.core.main.TestCaseExecutor.execute(TestCaseExecutor.java:334)
	at com.kms.katalon.core.common.CommonExecutor.accessTestCaseMainPhase(CommonExecutor.java:71)
	at com.kms.katalon.core.main.TestSuiteExecutor.accessTestSuiteMainPhase(TestSuiteExecutor.java:163)
	at com.kms.katalon.core.main.TestSuiteExecutor.execute(TestSuiteExecutor.java:120)
	at com.kms.katalon.core.main.TestCaseMain.startTestSuite(TestCaseMain.java:205)
	at S0.run(S0.groovy:35)
	at java.base/jdk.internal.reflect.DirectMethodHandleAccessor.invoke(DirectMethodHandleAccessor.java:103)
)
2026-02-04 16:53:01.982 DEBUG testcase.Custom Reports                  - 3: if (!(isChecked))
2026-02-04 16:53:01.986 DEBUG testcase.Custom Reports                  - 1: waitForElementClickable(obj, 10)
2026-02-04 16:53:02.363 DEBUG testcase.Custom Reports                  - 2: click(obj)
2026-02-04 16:53:02.876 DEBUG testcase.Custom Reports                  - 1: if (obj == null)
2026-02-04 16:53:02.878 DEBUG testcase.Custom Reports                  - 2: try
2026-02-04 16:53:02.881 DEBUG testcase.Custom Reports                  - 1: scrollToElement(obj, 5)
2026-02-04 16:53:03.177 DEBUG testcase.Custom Reports                  - 2: isChecked = verifyElementChecked(obj, 1, OPTIONAL)
2026-02-04 16:53:03.492 WARN  c.k.k.core.keyword.internal.KeywordMain  - Object 'Object Repository/Organization Settings/Work Time/Custom Reports/Check_Box/Time Away From System/Neutral (TAFS)_Avg' is not checked (Root cause: com.kms.katalon.core.exception.StepFailedException: Object 'Object Repository/Organization Settings/Work Time/Custom Reports/Check_Box/Time Away From System/Neutral (TAFS)_Avg' is not checked
	at com.kms.katalon.core.webui.keyword.internal.WebUIKeywordMain.stepFailed(WebUIKeywordMain.groovy:177)
	at com.kms.katalon.core.webui.keyword.builtin.VerifyElementCheckedKeyword$_verifyElementChecked_closure1.doCall(VerifyElementCheckedKeyword.groovy:60)
	at java.base/jdk.internal.reflect.DirectMethodHandleAccessor.invoke(DirectMethodHandleAccessor.java:103)
	at jdk.proxy2/jdk.proxy2.$Proxy48.execute(Unknown Source)
	at com.kms.katalon.core.webui.model.SeleniumActionRetryController.performAction(SeleniumActionRetryController.java:96)
	at com.kms.katalon.core.webui.model.SeleniumActionRetryController.performAction(SeleniumActionRetryController.java:83)
	at com.kms.katalon.core.webui.keyword.internal.WebUIKeywordMain$_runKeywordUntilTimeout_closure1.doCall(WebUIKeywordMain.groovy:135)
	at com.kms.katalon.core.webui.keyword.internal.WebUIKeywordMain$_runKeywordUntilTimeout_closure1.call(WebUIKeywordMain.groovy)
	at com.kms.katalon.core.webui.keyword.internal.WebUIKeywordMain.runKeyword(WebUIKeywordMain.groovy:41)
	at com.kms.katalon.core.webui.keyword.internal.WebUIKeywordMain.runKeywordUntilTimeout(WebUIKeywordMain.groovy:133)
	at com.kms.katalon.core.webui.keyword.builtin.VerifyElementCheckedKeyword.verifyElementChecked(VerifyElementCheckedKeyword.groovy:71)
	at com.kms.katalon.core.webui.keyword.builtin.VerifyElementCheckedKeyword.execute(VerifyElementCheckedKeyword.groovy:40)
	at com.kms.katalon.core.keyword.internal.KeywordExecutor.executeKeywordForPlatform(KeywordExecutor.groovy:95)
	at com.kms.katalon.core.webui.keyword.WebUiBuiltInKeywords.verifyElementChecked(WebUiBuiltInKeywords.groovy:1483)
	at Custom Reports.safeClickCheckbox(Custom Reports:283)
	at java.base/jdk.internal.reflect.DirectMethodHandleAccessor.invoke(DirectMethodHandleAccessor.java:103)
	at Script1769747049695$_customizeReportView_closure5.doCall(Script1769747049695.groovy:262)
	at java.base/jdk.internal.reflect.DirectMethodHandleAccessor.invoke(DirectMethodHandleAccessor.java:103)
	at Custom Reports.customizeReportView(Custom Reports:254)
	at Custom Reports.run(Custom Reports:146)
	at com.kms.katalon.core.main.ScriptEngine.run(ScriptEngine.java:194)
	at com.kms.katalon.core.main.ScriptEngine.runScriptAsRawText(ScriptEngine.java:119)
	at com.kms.katalon.core.main.TestCaseExecutor.runScript(TestCaseExecutor.java:502)
	at com.kms.katalon.core.main.TestCaseExecutor.doExecute(TestCaseExecutor.java:493)
	at com.kms.katalon.core.main.TestCaseExecutor.processExecutionPhase(TestCaseExecutor.java:472)
	at com.kms.katalon.core.main.TestCaseExecutor.accessMainPhase(TestCaseExecutor.java:464)
	at com.kms.katalon.core.main.TestCaseExecutor.execute(TestCaseExecutor.java:334)
	at com.kms.katalon.core.common.CommonExecutor.accessTestCaseMainPhase(CommonExecutor.java:71)
	at com.kms.katalon.core.main.TestSuiteExecutor.accessTestSuiteMainPhase(TestSuiteExecutor.java:163)
	at com.kms.katalon.core.main.TestSuiteExecutor.execute(TestSuiteExecutor.java:120)
	at com.kms.katalon.core.main.TestCaseMain.startTestSuite(TestCaseMain.java:205)
	at S0.run(S0.groovy:35)
	at java.base/jdk.internal.reflect.DirectMethodHandleAccessor.invoke(DirectMethodHandleAccessor.java:103)
)
2026-02-04 16:53:03.493 DEBUG testcase.Custom Reports                  - 3: if (!(isChecked))
2026-02-04 16:53:03.494 DEBUG testcase.Custom Reports                  - 1: waitForElementClickable(obj, 10)
2026-02-04 16:53:03.811 DEBUG testcase.Custom Reports                  - 2: click(obj)
2026-02-04 16:53:04.367 DEBUG testcase.Custom Reports                  - 1: if (obj == null)
2026-02-04 16:53:04.372 DEBUG testcase.Custom Reports                  - 2: try
2026-02-04 16:53:04.373 DEBUG testcase.Custom Reports                  - 1: scrollToElement(obj, 5)
2026-02-04 16:53:04.713 DEBUG testcase.Custom Reports                  - 2: isChecked = verifyElementChecked(obj, 1, OPTIONAL)
2026-02-04 16:53:05.140 WARN  c.k.k.core.keyword.internal.KeywordMain  - Object 'Object Repository/Organization Settings/Work Time/Custom Reports/Check_Box/Time Away From System/Not Rated (TAFS)_Main' is not checked (Root cause: com.kms.katalon.core.exception.StepFailedException: Object 'Object Repository/Organization Settings/Work Time/Custom Reports/Check_Box/Time Away From System/Not Rated (TAFS)_Main' is not checked
	at com.kms.katalon.core.webui.keyword.internal.WebUIKeywordMain.stepFailed(WebUIKeywordMain.groovy:177)
	at com.kms.katalon.core.webui.keyword.builtin.VerifyElementCheckedKeyword$_verifyElementChecked_closure1.doCall(VerifyElementCheckedKeyword.groovy:60)
	at java.base/jdk.internal.reflect.DirectMethodHandleAccessor.invoke(DirectMethodHandleAccessor.java:103)
	at jdk.proxy2/jdk.proxy2.$Proxy48.execute(Unknown Source)
	at com.kms.katalon.core.webui.model.SeleniumActionRetryController.performAction(SeleniumActionRetryController.java:96)
	at com.kms.katalon.core.webui.model.SeleniumActionRetryController.performAction(SeleniumActionRetryController.java:83)
	at com.kms.katalon.core.webui.keyword.internal.WebUIKeywordMain$_runKeywordUntilTimeout_closure1.doCall(WebUIKeywordMain.groovy:135)
	at com.kms.katalon.core.webui.keyword.internal.WebUIKeywordMain$_runKeywordUntilTimeout_closure1.call(WebUIKeywordMain.groovy)
	at com.kms.katalon.core.webui.keyword.internal.WebUIKeywordMain.runKeyword(WebUIKeywordMain.groovy:41)
	at com.kms.katalon.core.webui.keyword.internal.WebUIKeywordMain.runKeywordUntilTimeout(WebUIKeywordMain.groovy:133)
	at com.kms.katalon.core.webui.keyword.builtin.VerifyElementCheckedKeyword.verifyElementChecked(VerifyElementCheckedKeyword.groovy:71)
	at com.kms.katalon.core.webui.keyword.builtin.VerifyElementCheckedKeyword.execute(VerifyElementCheckedKeyword.groovy:40)
	at com.kms.katalon.core.keyword.internal.KeywordExecutor.executeKeywordForPlatform(KeywordExecutor.groovy:95)
	at com.kms.katalon.core.webui.keyword.WebUiBuiltInKeywords.verifyElementChecked(WebUiBuiltInKeywords.groovy:1483)
	at Custom Reports.safeClickCheckbox(Custom Reports:283)
	at java.base/jdk.internal.reflect.DirectMethodHandleAccessor.invoke(DirectMethodHandleAccessor.java:103)
	at Script1769747049695$_customizeReportView_closure5.doCall(Script1769747049695.groovy:261)
	at java.base/jdk.internal.reflect.DirectMethodHandleAccessor.invoke(DirectMethodHandleAccessor.java:103)
	at Custom Reports.customizeReportView(Custom Reports:254)
	at Custom Reports.run(Custom Reports:146)
	at com.kms.katalon.core.main.ScriptEngine.run(ScriptEngine.java:194)
	at com.kms.katalon.core.main.ScriptEngine.runScriptAsRawText(ScriptEngine.java:119)
	at com.kms.katalon.core.main.TestCaseExecutor.runScript(TestCaseExecutor.java:502)
	at com.kms.katalon.core.main.TestCaseExecutor.doExecute(TestCaseExecutor.java:493)
	at com.kms.katalon.core.main.TestCaseExecutor.processExecutionPhase(TestCaseExecutor.java:472)
	at com.kms.katalon.core.main.TestCaseExecutor.accessMainPhase(TestCaseExecutor.java:464)
	at com.kms.katalon.core.main.TestCaseExecutor.execute(TestCaseExecutor.java:334)
	at com.kms.katalon.core.common.CommonExecutor.accessTestCaseMainPhase(CommonExecutor.java:71)
	at com.kms.katalon.core.main.TestSuiteExecutor.accessTestSuiteMainPhase(TestSuiteExecutor.java:163)
	at com.kms.katalon.core.main.TestSuiteExecutor.execute(TestSuiteExecutor.java:120)
	at com.kms.katalon.core.main.TestCaseMain.startTestSuite(TestCaseMain.java:205)
	at S0.run(S0.groovy:35)
	at java.base/jdk.internal.reflect.DirectMethodHandleAccessor.invoke(DirectMethodHandleAccessor.java:103)
)
2026-02-04 16:53:05.142 DEBUG testcase.Custom Reports                  - 3: if (!(isChecked))
2026-02-04 16:53:05.143 DEBUG testcase.Custom Reports                  - 1: waitForElementClickable(obj, 10)
2026-02-04 16:53:05.518 DEBUG testcase.Custom Reports                  - 2: click(obj)
2026-02-04 16:53:05.986 DEBUG testcase.Custom Reports                  - 1: if (obj == null)
2026-02-04 16:53:05.989 DEBUG testcase.Custom Reports                  - 2: try
2026-02-04 16:53:05.990 DEBUG testcase.Custom Reports                  - 1: scrollToElement(obj, 5)
2026-02-04 16:53:06.279 DEBUG testcase.Custom Reports                  - 2: isChecked = verifyElementChecked(obj, 1, OPTIONAL)
2026-02-04 16:53:06.682 WARN  c.k.k.core.keyword.internal.KeywordMain  - Object 'Object Repository/Organization Settings/Work Time/Custom Reports/Check_Box/Time Away From System/Not Rated (TAFS)_Avg' is not checked (Root cause: com.kms.katalon.core.exception.StepFailedException: Object 'Object Repository/Organization Settings/Work Time/Custom Reports/Check_Box/Time Away From System/Not Rated (TAFS)_Avg' is not checked
	at com.kms.katalon.core.webui.keyword.internal.WebUIKeywordMain.stepFailed(WebUIKeywordMain.groovy:177)
	at com.kms.katalon.core.webui.keyword.builtin.VerifyElementCheckedKeyword$_verifyElementChecked_closure1.doCall(VerifyElementCheckedKeyword.groovy:60)
	at java.base/jdk.internal.reflect.DirectMethodHandleAccessor.invoke(DirectMethodHandleAccessor.java:103)
	at jdk.proxy2/jdk.proxy2.$Proxy48.execute(Unknown Source)
	at com.kms.katalon.core.webui.model.SeleniumActionRetryController.performAction(SeleniumActionRetryController.java:96)
	at com.kms.katalon.core.webui.model.SeleniumActionRetryController.performAction(SeleniumActionRetryController.java:83)
	at com.kms.katalon.core.webui.keyword.internal.WebUIKeywordMain$_runKeywordUntilTimeout_closure1.doCall(WebUIKeywordMain.groovy:135)
	at com.kms.katalon.core.webui.keyword.internal.WebUIKeywordMain$_runKeywordUntilTimeout_closure1.call(WebUIKeywordMain.groovy)
	at com.kms.katalon.core.webui.keyword.internal.WebUIKeywordMain.runKeyword(WebUIKeywordMain.groovy:41)
	at com.kms.katalon.core.webui.keyword.internal.WebUIKeywordMain.runKeywordUntilTimeout(WebUIKeywordMain.groovy:133)
	at com.kms.katalon.core.webui.keyword.builtin.VerifyElementCheckedKeyword.verifyElementChecked(VerifyElementCheckedKeyword.groovy:71)
	at com.kms.katalon.core.webui.keyword.builtin.VerifyElementCheckedKeyword.execute(VerifyElementCheckedKeyword.groovy:40)
	at com.kms.katalon.core.keyword.internal.KeywordExecutor.executeKeywordForPlatform(KeywordExecutor.groovy:95)
	at com.kms.katalon.core.webui.keyword.WebUiBuiltInKeywords.verifyElementChecked(WebUiBuiltInKeywords.groovy:1483)
	at Custom Reports.safeClickCheckbox(Custom Reports:283)
	at java.base/jdk.internal.reflect.DirectMethodHandleAccessor.invoke(DirectMethodHandleAccessor.java:103)
	at Script1769747049695$_customizeReportView_closure5.doCall(Script1769747049695.groovy:262)
	at java.base/jdk.internal.reflect.DirectMethodHandleAccessor.invoke(DirectMethodHandleAccessor.java:103)
	at Custom Reports.customizeReportView(Custom Reports:254)
	at Custom Reports.run(Custom Reports:146)
	at com.kms.katalon.core.main.ScriptEngine.run(ScriptEngine.java:194)
	at com.kms.katalon.core.main.ScriptEngine.runScriptAsRawText(ScriptEngine.java:119)
	at com.kms.katalon.core.main.TestCaseExecutor.runScript(TestCaseExecutor.java:502)
	at com.kms.katalon.core.main.TestCaseExecutor.doExecute(TestCaseExecutor.java:493)
	at com.kms.katalon.core.main.TestCaseExecutor.processExecutionPhase(TestCaseExecutor.java:472)
	at com.kms.katalon.core.main.TestCaseExecutor.accessMainPhase(TestCaseExecutor.java:464)
	at com.kms.katalon.core.main.TestCaseExecutor.execute(TestCaseExecutor.java:334)
	at com.kms.katalon.core.common.CommonExecutor.accessTestCaseMainPhase(CommonExecutor.java:71)
	at com.kms.katalon.core.main.TestSuiteExecutor.accessTestSuiteMainPhase(TestSuiteExecutor.java:163)
	at com.kms.katalon.core.main.TestSuiteExecutor.execute(TestSuiteExecutor.java:120)
	at com.kms.katalon.core.main.TestCaseMain.startTestSuite(TestCaseMain.java:205)
	at S0.run(S0.groovy:35)
	at java.base/jdk.internal.reflect.DirectMethodHandleAccessor.invoke(DirectMethodHandleAccessor.java:103)
)
2026-02-04 16:53:06.684 DEBUG testcase.Custom Reports                  - 3: if (!(isChecked))
2026-02-04 16:53:06.685 DEBUG testcase.Custom Reports                  - 1: waitForElementClickable(obj, 10)
2026-02-04 16:53:07.115 DEBUG testcase.Custom Reports                  - 2: click(obj)
2026-02-04 16:53:07.677 DEBUG testcase.Custom Reports                  - 1: if (obj == null)
2026-02-04 16:53:07.678 DEBUG testcase.Custom Reports                  - 1: if (obj == null)
2026-02-04 16:53:07.678 DEBUG testcase.Custom Reports                  - 2: try
2026-02-04 16:53:07.679 DEBUG testcase.Custom Reports                  - 1: scrollToElement(obj, 5)
2026-02-04 16:53:08.000 DEBUG testcase.Custom Reports                  - 2: isChecked = verifyElementChecked(obj, 1, OPTIONAL)
2026-02-04 16:53:09.031 WARN  .k.k.c.w.k.b.VerifyElementCheckedKeyword - Waiting for element timed out
2026-02-04 16:53:09.049 WARN  c.k.k.core.keyword.internal.KeywordMain  - Object 'Object Repository/Organization Settings/Work Time/Custom Reports/Check_Box/Time Away From System/Personal Time (TAFS)_Avg' is not checked (Root cause: com.kms.katalon.core.exception.StepFailedException: Object 'Object Repository/Organization Settings/Work Time/Custom Reports/Check_Box/Time Away From System/Personal Time (TAFS)_Avg' is not checked
	at com.kms.katalon.core.webui.keyword.internal.WebUIKeywordMain.stepFailed(WebUIKeywordMain.groovy:177)
	at com.kms.katalon.core.webui.keyword.builtin.VerifyElementCheckedKeyword$_verifyElementChecked_closure1.doCall(VerifyElementCheckedKeyword.groovy:60)
	at java.base/jdk.internal.reflect.DirectMethodHandleAccessor.invoke(DirectMethodHandleAccessor.java:103)
	at jdk.proxy2/jdk.proxy2.$Proxy48.execute(Unknown Source)
	at com.kms.katalon.core.webui.model.SeleniumActionRetryController.performAction(SeleniumActionRetryController.java:96)
	at com.kms.katalon.core.webui.model.SeleniumActionRetryController.performAction(SeleniumActionRetryController.java:83)
	at com.kms.katalon.core.webui.keyword.internal.WebUIKeywordMain$_runKeywordUntilTimeout_closure1.doCall(WebUIKeywordMain.groovy:135)
	at com.kms.katalon.core.webui.keyword.internal.WebUIKeywordMain$_runKeywordUntilTimeout_closure1.call(WebUIKeywordMain.groovy)
	at com.kms.katalon.core.webui.keyword.internal.WebUIKeywordMain.runKeyword(WebUIKeywordMain.groovy:41)
	at com.kms.katalon.core.webui.keyword.internal.WebUIKeywordMain.runKeywordUntilTimeout(WebUIKeywordMain.groovy:133)
	at com.kms.katalon.core.webui.keyword.builtin.VerifyElementCheckedKeyword.verifyElementChecked(VerifyElementCheckedKeyword.groovy:71)
	at com.kms.katalon.core.webui.keyword.builtin.VerifyElementCheckedKeyword.execute(VerifyElementCheckedKeyword.groovy:40)
	at com.kms.katalon.core.keyword.internal.KeywordExecutor.executeKeywordForPlatform(KeywordExecutor.groovy:95)
	at com.kms.katalon.core.webui.keyword.WebUiBuiltInKeywords.verifyElementChecked(WebUiBuiltInKeywords.groovy:1483)
	at Custom Reports.safeClickCheckbox(Custom Reports:283)
	at java.base/jdk.internal.reflect.DirectMethodHandleAccessor.invoke(DirectMethodHandleAccessor.java:103)
	at Script1769747049695$_customizeReportView_closure5.doCall(Script1769747049695.groovy:262)
	at java.base/jdk.internal.reflect.DirectMethodHandleAccessor.invoke(DirectMethodHandleAccessor.java:103)
	at Custom Reports.customizeReportView(Custom Reports:254)
	at Custom Reports.run(Custom Reports:146)
	at com.kms.katalon.core.main.ScriptEngine.run(ScriptEngine.java:194)
	at com.kms.katalon.core.main.ScriptEngine.runScriptAsRawText(ScriptEngine.java:119)
	at com.kms.katalon.core.main.TestCaseExecutor.runScript(TestCaseExecutor.java:502)
	at com.kms.katalon.core.main.TestCaseExecutor.doExecute(TestCaseExecutor.java:493)
	at com.kms.katalon.core.main.TestCaseExecutor.processExecutionPhase(TestCaseExecutor.java:472)
	at com.kms.katalon.core.main.TestCaseExecutor.accessMainPhase(TestCaseExecutor.java:464)
	at com.kms.katalon.core.main.TestCaseExecutor.execute(TestCaseExecutor.java:334)
	at com.kms.katalon.core.common.CommonExecutor.accessTestCaseMainPhase(CommonExecutor.java:71)
	at com.kms.katalon.core.main.TestSuiteExecutor.accessTestSuiteMainPhase(TestSuiteExecutor.java:163)
	at com.kms.katalon.core.main.TestSuiteExecutor.execute(TestSuiteExecutor.java:120)
	at com.kms.katalon.core.main.TestCaseMain.startTestSuite(TestCaseMain.java:205)
	at S0.run(S0.groovy:35)
	at java.base/jdk.internal.reflect.DirectMethodHandleAccessor.invoke(DirectMethodHandleAccessor.java:103)
)
2026-02-04 16:53:09.050 DEBUG testcase.Custom Reports                  - 3: if (!(isChecked))
2026-02-04 16:53:09.051 DEBUG testcase.Custom Reports                  - 1: waitForElementClickable(obj, 10)
2026-02-04 16:53:19.066 WARN  k.c.w.k.b.WaitForElementClickableKeyword - Waiting for element timed out
2026-02-04 16:53:19.066 DEBUG testcase.Custom Reports                  - 2: click(obj)
2026-02-04 16:53:29.087 WARN  c.k.k.c.w.keyword.builtin.ClickKeyword   - Waiting for element timed out
2026-02-04 16:53:29.232 ERROR c.k.k.core.keyword.internal.KeywordMain  - ❌ Unable to click on object 'Object Repository/Organization Settings/Work Time/Custom Reports/Check_Box/Time Away From System/Personal Time (TAFS)_Avg' (Root cause: com.kms.katalon.core.exception.StepFailedException: Unable to click on object 'Object Repository/Organization Settings/Work Time/Custom Reports/Check_Box/Time Away From System/Personal Time (TAFS)_Avg'
	at com.kms.katalon.core.webui.keyword.internal.WebUIKeywordMain.stepFailed(WebUIKeywordMain.groovy:177)
	at com.kms.katalon.core.webui.keyword.internal.WebUIKeywordMain.runKeyword(WebUIKeywordMain.groovy:49)
	at com.kms.katalon.core.webui.keyword.internal.WebUIKeywordMain.runKeywordUntilTimeout(WebUIKeywordMain.groovy:133)
	at com.kms.katalon.core.webui.keyword.builtin.ClickKeyword.click(ClickKeyword.groovy:72)
	at com.kms.katalon.core.webui.keyword.builtin.ClickKeyword.execute(ClickKeyword.groovy:38)
	at com.kms.katalon.core.keyword.internal.KeywordExecutor.executeKeywordForPlatform(KeywordExecutor.groovy:95)
	at com.kms.katalon.core.webui.keyword.WebUiBuiltInKeywords.click(WebUiBuiltInKeywords.groovy:721)
	at Custom Reports.safeClickCheckbox(Custom Reports:287)
	at java.base/jdk.internal.reflect.DirectMethodHandleAccessor.invoke(DirectMethodHandleAccessor.java:103)
	at Script1769747049695$_customizeReportView_closure5.doCall(Script1769747049695.groovy:262)
	at java.base/jdk.internal.reflect.DirectMethodHandleAccessor.invoke(DirectMethodHandleAccessor.java:103)
	at Custom Reports.customizeReportView(Custom Reports:254)
	at Custom Reports.run(Custom Reports:146)
	at com.kms.katalon.core.main.ScriptEngine.run(ScriptEngine.java:194)
	at com.kms.katalon.core.main.ScriptEngine.runScriptAsRawText(ScriptEngine.java:119)
	at com.kms.katalon.core.main.TestCaseExecutor.runScript(TestCaseExecutor.java:502)
	at com.kms.katalon.core.main.TestCaseExecutor.doExecute(TestCaseExecutor.java:493)
	at com.kms.katalon.core.main.TestCaseExecutor.processExecutionPhase(TestCaseExecutor.java:472)
	at com.kms.katalon.core.main.TestCaseExecutor.accessMainPhase(TestCaseExecutor.java:464)
	at com.kms.katalon.core.main.TestCaseExecutor.execute(TestCaseExecutor.java:334)
	at com.kms.katalon.core.common.CommonExecutor.accessTestCaseMainPhase(CommonExecutor.java:71)
	at com.kms.katalon.core.main.TestSuiteExecutor.accessTestSuiteMainPhase(TestSuiteExecutor.java:163)
	at com.kms.katalon.core.main.TestSuiteExecutor.execute(TestSuiteExecutor.java:120)
	at com.kms.katalon.core.main.TestCaseMain.startTestSuite(TestCaseMain.java:205)
	at S0.run(S0.groovy:35)
	at java.base/jdk.internal.reflect.DirectMethodHandleAccessor.invoke(DirectMethodHandleAccessor.java:103)
Caused by: org.openqa.selenium.ElementNotInteractableException: element not interactable
  (Session info: chrome=144.0.7559.132)
Build info: version: '4.39.0', revision: '126f156aee'
System info: os.name: 'Windows 11', os.arch: 'amd64', os.version: '10.0', java.version: '21.0.9'
Driver info: com.kms.katalon.selenium.driver.CChromeDriver
Command: [81a6873b01a3d61debc2bdf500c6224f, clickElement {id=f.0D870DB3335F8A4A39284F2AEC9B6F31.d.213BC470B7D447E31B5BED3850F668DF.e.849}]
Capabilities {acceptInsecureCerts: false, browserName: chrome, browserVersion: 144.0.7559.132, chrome: {chromedriverVersion: 144.0.7559.96 (d7b80622cfab..., userDataDir: C:\Users\gopal.s\AppData\Lo...}, fedcm:accounts: true, goog:chromeOptions: {debuggerAddress: localhost:54134}, goog:processID: 22136, networkConnectionEnabled: false, pageLoadStrategy: normal, platformName: windows, proxy: Proxy(), se:cdp: ws://localhost:54134/devtoo..., se:cdpVersion: 144.0.7559.132, setWindowRect: true, strictFileInteractability: false, timeouts: {implicit: 0, pageLoad: 300000, script: 30000}, unhandledPromptBehavior: {alert: ignore, beforeUnload: ignore, confirm: ignore, default: ignore, file: ignore, prompt: ignore}, webSocketUrl: ws://localhost:11169/sessio..., webauthn:extension:credBlob: true, webauthn:extension:largeBlob: true, webauthn:extension:minPinLength: true, webauthn:extension:prf: true, webauthn:virtualAuthenticators: true}
Element: [[CChromeDriver: chrome on windows (81a6873b01a3d61debc2bdf500c6224f)] -> xpath: //input[@id='AVG_Tafs_Personal']]
Session ID: 81a6873b01a3d61debc2bdf500c6224f
	at java.base/jdk.internal.reflect.DirectConstructorHandleAccessor.newInstance(DirectConstructorHandleAccessor.java:62)
	at org.openqa.selenium.remote.ErrorCodec.decode(ErrorCodec.java:167)
	at org.openqa.selenium.remote.codec.w3c.W3CHttpResponseCodec.decode(W3CHttpResponseCodec.java:142)
	at org.openqa.selenium.remote.codec.w3c.W3CHttpResponseCodec.decode(W3CHttpResponseCodec.java:49)
	at org.openqa.selenium.remote.HttpCommandExecutor.execute(HttpCommandExecutor.java:215)
	at org.openqa.selenium.remote.service.DriverCommandExecutor.invokeExecute(DriverCommandExecutor.java:216)
	at org.openqa.selenium.remote.service.DriverCommandExecutor.execute(DriverCommandExecutor.java:174)
	at org.openqa.selenium.remote.RemoteWebDriver.execute(RemoteWebDriver.java:561)
	at org.openqa.selenium.remote.RemoteWebElement.execute(RemoteWebElement.java:223)
	at org.openqa.selenium.remote.RemoteWebElement.click(RemoteWebElement.java:76)
	at java.base/jdk.internal.reflect.DirectMethodHandleAccessor.invoke(DirectMethodHandleAccessor.java:103)
	at org.openqa.selenium.support.decorators.WebDriverDecorator.call(WebDriverDecorator.java:326)
	at org.openqa.selenium.support.decorators.DefaultDecorated.call(DefaultDecorated.java:48)
	at org.openqa.selenium.support.decorators.WebDriverDecorator.lambda$createProxyFactory$3(WebDriverDecorator.java:416)
	at net.bytebuddy.renamed.java.lang.Object$ByteBuddy$voJ2QhHA.click(Unknown Source)
	at com.kms.katalon.core.webui.keyword.builtin.ClickKeyword$_click_closure1.doCall(ClickKeyword.groovy:63)
	at java.base/jdk.internal.reflect.DirectMethodHandleAccessor.invoke(DirectMethodHandleAccessor.java:103)
	at jdk.proxy2/jdk.proxy2.$Proxy48.execute(Unknown Source)
	at com.kms.katalon.core.webui.model.SeleniumActionRetryController.performAction(SeleniumActionRetryController.java:96)
	at com.kms.katalon.core.webui.model.SeleniumActionRetryController.performAction(SeleniumActionRetryController.java:83)
	at com.kms.katalon.core.webui.keyword.internal.WebUIKeywordMain$_runKeywordUntilTimeout_closure1.doCall(WebUIKeywordMain.groovy:135)
	at com.kms.katalon.core.webui.keyword.internal.WebUIKeywordMain$_runKeywordUntilTimeout_closure1.call(WebUIKeywordMain.groovy)
	at com.kms.katalon.core.webui.keyword.internal.WebUIKeywordMain.runKeyword(WebUIKeywordMain.groovy:41)
	at com.kms.katalon.core.webui.keyword.internal.WebUIKeywordMain.runKeywordUntilTimeout(WebUIKeywordMain.groovy:133)
	at com.kms.katalon.core.webui.keyword.builtin.ClickKeyword.click(ClickKeyword.groovy:72)
	at com.kms.katalon.core.webui.keyword.builtin.ClickKeyword.execute(ClickKeyword.groovy:38)
	at com.kms.katalon.core.keyword.internal.KeywordExecutor.executeKeywordForPlatform(KeywordExecutor.groovy:95)
	at com.kms.katalon.core.webui.keyword.WebUiBuiltInKeywords.click(WebUiBuiltInKeywords.groovy:721)
	at Script1769747049695.safeClickCheckbox(Script1769747049695.groovy:287)
	at java.base/jdk.internal.reflect.DirectMethodHandleAccessor.invoke(DirectMethodHandleAccessor.java:103)
	at Script1769747049695$_customizeReportView_closure5.doCall(Script1769747049695.groovy:262)
	at java.base/jdk.internal.reflect.DirectMethodHandleAccessor.invoke(DirectMethodHandleAccessor.java:103)
	at Script1769747049695.customizeReportView(Script1769747049695.groovy:254)
	at Script1769747049695.run(Script1769747049695.groovy:146)
	... 13 more
)
2026-02-04 16:53:29.232 DEBUG testcase.Custom Reports                  - 3: catch (Exception e)
2026-02-04 16:53:29.242 DEBUG testcase.Custom Reports                  - 1: println(⚠ Skipped element (already checked or not clickable): $obj.getObjectId())
⚠ Skipped element (already checked or not clickable): Object Repository/Organization Settings/Work Time/Custom Reports/Check_Box/Time Away From System/Personal Time (TAFS)_Avg
2026-02-04 16:53:29.244 DEBUG testcase.Custom Reports                  - 1: if (obj == null)
2026-02-04 16:53:29.248 DEBUG testcase.Custom Reports                  - 2: try
2026-02-04 16:53:29.250 DEBUG testcase.Custom Reports                  - 1: scrollToElement(obj, 5)
2026-02-04 16:53:29.532 DEBUG testcase.Custom Reports                  - 2: isChecked = verifyElementChecked(obj, 1, OPTIONAL)
2026-02-04 16:53:29.870 WARN  c.k.k.core.keyword.internal.KeywordMain  - Object 'Object Repository/Organization Settings/Work Time/Custom Reports/Check_Box/Time Away From System/Productive (TAFS)_Main' is not checked (Root cause: com.kms.katalon.core.exception.StepFailedException: Object 'Object Repository/Organization Settings/Work Time/Custom Reports/Check_Box/Time Away From System/Productive (TAFS)_Main' is not checked
	at com.kms.katalon.core.webui.keyword.internal.WebUIKeywordMain.stepFailed(WebUIKeywordMain.groovy:177)
	at com.kms.katalon.core.webui.keyword.builtin.VerifyElementCheckedKeyword$_verifyElementChecked_closure1.doCall(VerifyElementCheckedKeyword.groovy:60)
	at java.base/jdk.internal.reflect.DirectMethodHandleAccessor.invoke(DirectMethodHandleAccessor.java:103)
	at jdk.proxy2/jdk.proxy2.$Proxy48.execute(Unknown Source)
	at com.kms.katalon.core.webui.model.SeleniumActionRetryController.performAction(SeleniumActionRetryController.java:96)
	at com.kms.katalon.core.webui.model.SeleniumActionRetryController.performAction(SeleniumActionRetryController.java:83)
	at com.kms.katalon.core.webui.keyword.internal.WebUIKeywordMain$_runKeywordUntilTimeout_closure1.doCall(WebUIKeywordMain.groovy:135)
	at com.kms.katalon.core.webui.keyword.internal.WebUIKeywordMain$_runKeywordUntilTimeout_closure1.call(WebUIKeywordMain.groovy)
	at com.kms.katalon.core.webui.keyword.internal.WebUIKeywordMain.runKeyword(WebUIKeywordMain.groovy:41)
	at com.kms.katalon.core.webui.keyword.internal.WebUIKeywordMain.runKeywordUntilTimeout(WebUIKeywordMain.groovy:133)
	at com.kms.katalon.core.webui.keyword.builtin.VerifyElementCheckedKeyword.verifyElementChecked(VerifyElementCheckedKeyword.groovy:71)
	at com.kms.katalon.core.webui.keyword.builtin.VerifyElementCheckedKeyword.execute(VerifyElementCheckedKeyword.groovy:40)
	at com.kms.katalon.core.keyword.internal.KeywordExecutor.executeKeywordForPlatform(KeywordExecutor.groovy:95)
	at com.kms.katalon.core.webui.keyword.WebUiBuiltInKeywords.verifyElementChecked(WebUiBuiltInKeywords.groovy:1483)
	at Custom Reports.safeClickCheckbox(Custom Reports:283)
	at java.base/jdk.internal.reflect.DirectMethodHandleAccessor.invoke(DirectMethodHandleAccessor.java:103)
	at Script1769747049695$_customizeReportView_closure5.doCall(Script1769747049695.groovy:261)
	at java.base/jdk.internal.reflect.DirectMethodHandleAccessor.invoke(DirectMethodHandleAccessor.java:103)
	at Custom Reports.customizeReportView(Custom Reports:254)
	at Custom Reports.run(Custom Reports:146)
	at com.kms.katalon.core.main.ScriptEngine.run(ScriptEngine.java:194)
	at com.kms.katalon.core.main.ScriptEngine.runScriptAsRawText(ScriptEngine.java:119)
	at com.kms.katalon.core.main.TestCaseExecutor.runScript(TestCaseExecutor.java:502)
	at com.kms.katalon.core.main.TestCaseExecutor.doExecute(TestCaseExecutor.java:493)
	at com.kms.katalon.core.main.TestCaseExecutor.processExecutionPhase(TestCaseExecutor.java:472)
	at com.kms.katalon.core.main.TestCaseExecutor.accessMainPhase(TestCaseExecutor.java:464)
	at com.kms.katalon.core.main.TestCaseExecutor.execute(TestCaseExecutor.java:334)
	at com.kms.katalon.core.common.CommonExecutor.accessTestCaseMainPhase(CommonExecutor.java:71)
	at com.kms.katalon.core.main.TestSuiteExecutor.accessTestSuiteMainPhase(TestSuiteExecutor.java:163)
	at com.kms.katalon.core.main.TestSuiteExecutor.execute(TestSuiteExecutor.java:120)
	at com.kms.katalon.core.main.TestCaseMain.startTestSuite(TestCaseMain.java:205)
	at S0.run(S0.groovy:35)
	at java.base/jdk.internal.reflect.DirectMethodHandleAccessor.invoke(DirectMethodHandleAccessor.java:103)
)
2026-02-04 16:53:29.870 DEBUG testcase.Custom Reports                  - 3: if (!(isChecked))
2026-02-04 16:53:29.880 DEBUG testcase.Custom Reports                  - 1: waitForElementClickable(obj, 10)
2026-02-04 16:53:30.201 DEBUG testcase.Custom Reports                  - 2: click(obj)
2026-02-04 16:53:30.674 DEBUG testcase.Custom Reports                  - 1: if (obj == null)
2026-02-04 16:53:30.674 DEBUG testcase.Custom Reports                  - 2: try
2026-02-04 16:53:30.674 DEBUG testcase.Custom Reports                  - 1: scrollToElement(obj, 5)
2026-02-04 16:53:30.993 DEBUG testcase.Custom Reports                  - 2: isChecked = verifyElementChecked(obj, 1, OPTIONAL)
2026-02-04 16:53:31.327 WARN  c.k.k.core.keyword.internal.KeywordMain  - Object 'Object Repository/Organization Settings/Work Time/Custom Reports/Check_Box/Time Away From System/Productive (TAFS)_Avg' is not checked (Root cause: com.kms.katalon.core.exception.StepFailedException: Object 'Object Repository/Organization Settings/Work Time/Custom Reports/Check_Box/Time Away From System/Productive (TAFS)_Avg' is not checked
	at com.kms.katalon.core.webui.keyword.internal.WebUIKeywordMain.stepFailed(WebUIKeywordMain.groovy:177)
	at com.kms.katalon.core.webui.keyword.builtin.VerifyElementCheckedKeyword$_verifyElementChecked_closure1.doCall(VerifyElementCheckedKeyword.groovy:60)
	at java.base/jdk.internal.reflect.DirectMethodHandleAccessor.invoke(DirectMethodHandleAccessor.java:103)
	at jdk.proxy2/jdk.proxy2.$Proxy48.execute(Unknown Source)
	at com.kms.katalon.core.webui.model.SeleniumActionRetryController.performAction(SeleniumActionRetryController.java:96)
	at com.kms.katalon.core.webui.model.SeleniumActionRetryController.performAction(SeleniumActionRetryController.java:83)
	at com.kms.katalon.core.webui.keyword.internal.WebUIKeywordMain$_runKeywordUntilTimeout_closure1.doCall(WebUIKeywordMain.groovy:135)
	at com.kms.katalon.core.webui.keyword.internal.WebUIKeywordMain$_runKeywordUntilTimeout_closure1.call(WebUIKeywordMain.groovy)
	at com.kms.katalon.core.webui.keyword.internal.WebUIKeywordMain.runKeyword(WebUIKeywordMain.groovy:41)
	at com.kms.katalon.core.webui.keyword.internal.WebUIKeywordMain.runKeywordUntilTimeout(WebUIKeywordMain.groovy:133)
	at com.kms.katalon.core.webui.keyword.builtin.VerifyElementCheckedKeyword.verifyElementChecked(VerifyElementCheckedKeyword.groovy:71)
	at com.kms.katalon.core.webui.keyword.builtin.VerifyElementCheckedKeyword.execute(VerifyElementCheckedKeyword.groovy:40)
	at com.kms.katalon.core.keyword.internal.KeywordExecutor.executeKeywordForPlatform(KeywordExecutor.groovy:95)
	at com.kms.katalon.core.webui.keyword.WebUiBuiltInKeywords.verifyElementChecked(WebUiBuiltInKeywords.groovy:1483)
	at Custom Reports.safeClickCheckbox(Custom Reports:283)
	at java.base/jdk.internal.reflect.DirectMethodHandleAccessor.invoke(DirectMethodHandleAccessor.java:103)
	at Script1769747049695$_customizeReportView_closure5.doCall(Script1769747049695.groovy:262)
	at java.base/jdk.internal.reflect.DirectMethodHandleAccessor.invoke(DirectMethodHandleAccessor.java:103)
	at Custom Reports.customizeReportView(Custom Reports:254)
	at Custom Reports.run(Custom Reports:146)
	at com.kms.katalon.core.main.ScriptEngine.run(ScriptEngine.java:194)
	at com.kms.katalon.core.main.ScriptEngine.runScriptAsRawText(ScriptEngine.java:119)
	at com.kms.katalon.core.main.TestCaseExecutor.runScript(TestCaseExecutor.java:502)
	at com.kms.katalon.core.main.TestCaseExecutor.doExecute(TestCaseExecutor.java:493)
	at com.kms.katalon.core.main.TestCaseExecutor.processExecutionPhase(TestCaseExecutor.java:472)
	at com.kms.katalon.core.main.TestCaseExecutor.accessMainPhase(TestCaseExecutor.java:464)
	at com.kms.katalon.core.main.TestCaseExecutor.execute(TestCaseExecutor.java:334)
	at com.kms.katalon.core.common.CommonExecutor.accessTestCaseMainPhase(CommonExecutor.java:71)
	at com.kms.katalon.core.main.TestSuiteExecutor.accessTestSuiteMainPhase(TestSuiteExecutor.java:163)
	at com.kms.katalon.core.main.TestSuiteExecutor.execute(TestSuiteExecutor.java:120)
	at com.kms.katalon.core.main.TestCaseMain.startTestSuite(TestCaseMain.java:205)
	at S0.run(S0.groovy:35)
	at java.base/jdk.internal.reflect.DirectMethodHandleAccessor.invoke(DirectMethodHandleAccessor.java:103)
)
2026-02-04 16:53:31.328 DEBUG testcase.Custom Reports                  - 3: if (!(isChecked))
2026-02-04 16:53:31.328 DEBUG testcase.Custom Reports                  - 1: waitForElementClickable(obj, 10)
2026-02-04 16:53:31.698 DEBUG testcase.Custom Reports                  - 2: click(obj)
2026-02-04 16:53:32.149 DEBUG testcase.Custom Reports                  - 1: if (obj == null)
2026-02-04 16:53:32.149 DEBUG testcase.Custom Reports                  - 2: try
2026-02-04 16:53:32.155 DEBUG testcase.Custom Reports                  - 1: scrollToElement(obj, 5)
2026-02-04 16:53:32.480 DEBUG testcase.Custom Reports                  - 2: isChecked = verifyElementChecked(obj, 1, OPTIONAL)
2026-02-04 16:53:32.866 WARN  c.k.k.core.keyword.internal.KeywordMain  - Object 'Object Repository/Organization Settings/Work Time/Custom Reports/Check_Box/Time Away From System/Unknown (TAFS)_Main' is not checked (Root cause: com.kms.katalon.core.exception.StepFailedException: Object 'Object Repository/Organization Settings/Work Time/Custom Reports/Check_Box/Time Away From System/Unknown (TAFS)_Main' is not checked
	at com.kms.katalon.core.webui.keyword.internal.WebUIKeywordMain.stepFailed(WebUIKeywordMain.groovy:177)
	at com.kms.katalon.core.webui.keyword.builtin.VerifyElementCheckedKeyword$_verifyElementChecked_closure1.doCall(VerifyElementCheckedKeyword.groovy:60)
	at java.base/jdk.internal.reflect.DirectMethodHandleAccessor.invoke(DirectMethodHandleAccessor.java:103)
	at jdk.proxy2/jdk.proxy2.$Proxy48.execute(Unknown Source)
	at com.kms.katalon.core.webui.model.SeleniumActionRetryController.performAction(SeleniumActionRetryController.java:96)
	at com.kms.katalon.core.webui.model.SeleniumActionRetryController.performAction(SeleniumActionRetryController.java:83)
	at com.kms.katalon.core.webui.keyword.internal.WebUIKeywordMain$_runKeywordUntilTimeout_closure1.doCall(WebUIKeywordMain.groovy:135)
	at com.kms.katalon.core.webui.keyword.internal.WebUIKeywordMain$_runKeywordUntilTimeout_closure1.call(WebUIKeywordMain.groovy)
	at com.kms.katalon.core.webui.keyword.internal.WebUIKeywordMain.runKeyword(WebUIKeywordMain.groovy:41)
	at com.kms.katalon.core.webui.keyword.internal.WebUIKeywordMain.runKeywordUntilTimeout(WebUIKeywordMain.groovy:133)
	at com.kms.katalon.core.webui.keyword.builtin.VerifyElementCheckedKeyword.verifyElementChecked(VerifyElementCheckedKeyword.groovy:71)
	at com.kms.katalon.core.webui.keyword.builtin.VerifyElementCheckedKeyword.execute(VerifyElementCheckedKeyword.groovy:40)
	at com.kms.katalon.core.keyword.internal.KeywordExecutor.executeKeywordForPlatform(KeywordExecutor.groovy:95)
	at com.kms.katalon.core.webui.keyword.WebUiBuiltInKeywords.verifyElementChecked(WebUiBuiltInKeywords.groovy:1483)
	at Custom Reports.safeClickCheckbox(Custom Reports:283)
	at java.base/jdk.internal.reflect.DirectMethodHandleAccessor.invoke(DirectMethodHandleAccessor.java:103)
	at Script1769747049695$_customizeReportView_closure5.doCall(Script1769747049695.groovy:261)
	at java.base/jdk.internal.reflect.DirectMethodHandleAccessor.invoke(DirectMethodHandleAccessor.java:103)
	at Custom Reports.customizeReportView(Custom Reports:254)
	at Custom Reports.run(Custom Reports:146)
	at com.kms.katalon.core.main.ScriptEngine.run(ScriptEngine.java:194)
	at com.kms.katalon.core.main.ScriptEngine.runScriptAsRawText(ScriptEngine.java:119)
	at com.kms.katalon.core.main.TestCaseExecutor.runScript(TestCaseExecutor.java:502)
	at com.kms.katalon.core.main.TestCaseExecutor.doExecute(TestCaseExecutor.java:493)
	at com.kms.katalon.core.main.TestCaseExecutor.processExecutionPhase(TestCaseExecutor.java:472)
	at com.kms.katalon.core.main.TestCaseExecutor.accessMainPhase(TestCaseExecutor.java:464)
	at com.kms.katalon.core.main.TestCaseExecutor.execute(TestCaseExecutor.java:334)
	at com.kms.katalon.core.common.CommonExecutor.accessTestCaseMainPhase(CommonExecutor.java:71)
	at com.kms.katalon.core.main.TestSuiteExecutor.accessTestSuiteMainPhase(TestSuiteExecutor.java:163)
	at com.kms.katalon.core.main.TestSuiteExecutor.execute(TestSuiteExecutor.java:120)
	at com.kms.katalon.core.main.TestCaseMain.startTestSuite(TestCaseMain.java:205)
	at S0.run(S0.groovy:35)
	at java.base/jdk.internal.reflect.DirectMethodHandleAccessor.invoke(DirectMethodHandleAccessor.java:103)
)
2026-02-04 16:53:32.867 DEBUG testcase.Custom Reports                  - 3: if (!(isChecked))
2026-02-04 16:53:32.867 DEBUG testcase.Custom Reports                  - 1: waitForElementClickable(obj, 10)
2026-02-04 16:53:33.181 DEBUG testcase.Custom Reports                  - 2: click(obj)
2026-02-04 16:53:33.636 DEBUG testcase.Custom Reports                  - 1: if (obj == null)
2026-02-04 16:53:33.638 DEBUG testcase.Custom Reports                  - 2: try
2026-02-04 16:53:33.640 DEBUG testcase.Custom Reports                  - 1: scrollToElement(obj, 5)
2026-02-04 16:53:33.902 DEBUG testcase.Custom Reports                  - 2: isChecked = verifyElementChecked(obj, 1, OPTIONAL)
2026-02-04 16:53:34.198 WARN  c.k.k.core.keyword.internal.KeywordMain  - Object 'Object Repository/Organization Settings/Work Time/Custom Reports/Check_Box/Time Away From System/Unknown (TAFS)_Avg' is not checked (Root cause: com.kms.katalon.core.exception.StepFailedException: Object 'Object Repository/Organization Settings/Work Time/Custom Reports/Check_Box/Time Away From System/Unknown (TAFS)_Avg' is not checked
	at com.kms.katalon.core.webui.keyword.internal.WebUIKeywordMain.stepFailed(WebUIKeywordMain.groovy:177)
	at com.kms.katalon.core.webui.keyword.builtin.VerifyElementCheckedKeyword$_verifyElementChecked_closure1.doCall(VerifyElementCheckedKeyword.groovy:60)
	at java.base/jdk.internal.reflect.DirectMethodHandleAccessor.invoke(DirectMethodHandleAccessor.java:103)
	at jdk.proxy2/jdk.proxy2.$Proxy48.execute(Unknown Source)
	at com.kms.katalon.core.webui.model.SeleniumActionRetryController.performAction(SeleniumActionRetryController.java:96)
	at com.kms.katalon.core.webui.model.SeleniumActionRetryController.performAction(SeleniumActionRetryController.java:83)
	at com.kms.katalon.core.webui.keyword.internal.WebUIKeywordMain$_runKeywordUntilTimeout_closure1.doCall(WebUIKeywordMain.groovy:135)
	at com.kms.katalon.core.webui.keyword.internal.WebUIKeywordMain$_runKeywordUntilTimeout_closure1.call(WebUIKeywordMain.groovy)
	at com.kms.katalon.core.webui.keyword.internal.WebUIKeywordMain.runKeyword(WebUIKeywordMain.groovy:41)
	at com.kms.katalon.core.webui.keyword.internal.WebUIKeywordMain.runKeywordUntilTimeout(WebUIKeywordMain.groovy:133)
	at com.kms.katalon.core.webui.keyword.builtin.VerifyElementCheckedKeyword.verifyElementChecked(VerifyElementCheckedKeyword.groovy:71)
	at com.kms.katalon.core.webui.keyword.builtin.VerifyElementCheckedKeyword.execute(VerifyElementCheckedKeyword.groovy:40)
	at com.kms.katalon.core.keyword.internal.KeywordExecutor.executeKeywordForPlatform(KeywordExecutor.groovy:95)
	at com.kms.katalon.core.webui.keyword.WebUiBuiltInKeywords.verifyElementChecked(WebUiBuiltInKeywords.groovy:1483)
	at Custom Reports.safeClickCheckbox(Custom Reports:283)
	at java.base/jdk.internal.reflect.DirectMethodHandleAccessor.invoke(DirectMethodHandleAccessor.java:103)
	at Script1769747049695$_customizeReportView_closure5.doCall(Script1769747049695.groovy:262)
	at java.base/jdk.internal.reflect.DirectMethodHandleAccessor.invoke(DirectMethodHandleAccessor.java:103)
	at Custom Reports.customizeReportView(Custom Reports:254)
	at Custom Reports.run(Custom Reports:146)
	at com.kms.katalon.core.main.ScriptEngine.run(ScriptEngine.java:194)
	at com.kms.katalon.core.main.ScriptEngine.runScriptAsRawText(ScriptEngine.java:119)
	at com.kms.katalon.core.main.TestCaseExecutor.runScript(TestCaseExecutor.java:502)
	at com.kms.katalon.core.main.TestCaseExecutor.doExecute(TestCaseExecutor.java:493)
	at com.kms.katalon.core.main.TestCaseExecutor.processExecutionPhase(TestCaseExecutor.java:472)
	at com.kms.katalon.core.main.TestCaseExecutor.accessMainPhase(TestCaseExecutor.java:464)
	at com.kms.katalon.core.main.TestCaseExecutor.execute(TestCaseExecutor.java:334)
	at com.kms.katalon.core.common.CommonExecutor.accessTestCaseMainPhase(CommonExecutor.java:71)
	at com.kms.katalon.core.main.TestSuiteExecutor.accessTestSuiteMainPhase(TestSuiteExecutor.java:163)
	at com.kms.katalon.core.main.TestSuiteExecutor.execute(TestSuiteExecutor.java:120)
	at com.kms.katalon.core.main.TestCaseMain.startTestSuite(TestCaseMain.java:205)
	at S0.run(S0.groovy:35)
	at java.base/jdk.internal.reflect.DirectMethodHandleAccessor.invoke(DirectMethodHandleAccessor.java:103)
)
2026-02-04 16:53:34.198 DEBUG testcase.Custom Reports                  - 3: if (!(isChecked))
2026-02-04 16:53:34.198 DEBUG testcase.Custom Reports                  - 1: waitForElementClickable(obj, 10)
2026-02-04 16:53:34.533 DEBUG testcase.Custom Reports                  - 2: click(obj)
2026-02-04 16:53:34.953 DEBUG testcase.Custom Reports                  - 46: for ([i = 0, i < getOptions().size(), (i++)])
2026-02-04 16:53:35.237 DEBUG testcase.Custom Reports                  - 1: select.selectByIndex(i)
2026-02-04 16:53:35.654 DEBUG testcase.Custom Reports                  - 2: delay(1)
2026-02-04 16:53:36.686 DEBUG testcase.Custom Reports                  - 3: value = getFirstSelectedOption().getAttribute("value")
2026-02-04 16:53:37.022 DEBUG testcase.Custom Reports                  - 4: out.println(value + "               -------------------------->")
UserGroupId               -------------------------->
2026-02-04 16:53:37.026 DEBUG testcase.Custom Reports                  - 5: if (value.equalsIgnoreCase("TeamMemberId"))
2026-02-04 16:53:37.027 DEBUG testcase.Custom Reports                  - 6: waitForElementClickable(findTestObject("Object Repository/Organization Settings/Work Time/Custom Reports/Common/UPDATE FIELDS"), 5)
2026-02-04 16:53:37.399 DEBUG testcase.Custom Reports                  - 7: click(findTestObject("Object Repository/Organization Settings/Work Time/Custom Reports/Common/UPDATE FIELDS"))
2026-02-04 16:53:38.095 DEBUG testcase.Custom Reports                  - 8: waitForElementClickable(findTestObject("Object Repository/Organization Settings/Work Time/Custom Reports/Common/FETCH"), 5)
2026-02-04 16:53:38.421 DEBUG testcase.Custom Reports                  - 9: click(findTestObject("Object Repository/Organization Settings/Work Time/Custom Reports/Common/FETCH"))
2026-02-04 16:53:38.959 DEBUG testcase.Custom Reports                  - 10: waitForPageLoad(10)
2026-02-04 16:53:38.970 DEBUG testcase.Custom Reports                  - 11: waitForElementClickable(findTestObject("Object Repository/Organization Settings/Work Time/Custom Reports/Common/CUSTOMIZE REPORT FIELDS"), 5)
2026-02-04 16:53:39.718 DEBUG testcase.Custom Reports                  - 12: click(findTestObject("Object Repository/Organization Settings/Work Time/Custom Reports/Common/CUSTOMIZE REPORT FIELDS"))
2026-02-04 16:53:40.908 DEBUG testcase.Custom Reports                  - 1: select.selectByIndex(i)
2026-02-04 16:53:41.401 DEBUG testcase.Custom Reports                  - 2: delay(1)
2026-02-04 16:53:42.421 DEBUG testcase.Custom Reports                  - 3: value = getFirstSelectedOption().getAttribute("value")
2026-02-04 16:53:42.788 DEBUG testcase.Custom Reports                  - 4: out.println(value + "               -------------------------->")
TeamMemberId               -------------------------->
2026-02-04 16:53:42.788 DEBUG testcase.Custom Reports                  - 5: if (value.equalsIgnoreCase("TeamMemberId"))
2026-02-04 16:53:42.791 DEBUG testcase.Custom Reports                  - 1: if (filePath.endsWith("Login LogOut") || filePath.endsWith("Work Template") && "D".equalsIgnoreCase("D"))
2026-02-04 16:53:42.791 DEBUG testcase.Custom Reports                  - 2: if (isDisplayData.toBoolean() && !(isDDChecked))
2026-02-04 16:53:42.797 DEBUG testcase.Custom Reports                  - 4: if (isDisplayTimeZone.toBoolean() && !(isDTZW) && "D".equalsIgnoreCase(reportDuration))
2026-02-04 16:53:42.797 DEBUG testcase.Custom Reports                  - 6: out.println(reportDuration)
D
2026-02-04 16:53:42.797 DEBUG testcase.Custom Reports                  - 7: if (isDisplayTimeZone.toBoolean() || isDTZW && timeZoneType && "D".equalsIgnoreCase(reportDuration))
2026-02-04 16:53:42.797 DEBUG testcase.Custom Reports                  - 6: waitForElementClickable(findTestObject("Object Repository/Organization Settings/Work Time/Custom Reports/Common/UPDATE FIELDS"), 5)
2026-02-04 16:53:43.120 DEBUG testcase.Custom Reports                  - 7: click(findTestObject("Object Repository/Organization Settings/Work Time/Custom Reports/Common/UPDATE FIELDS"))
2026-02-04 16:53:43.601 DEBUG testcase.Custom Reports                  - 8: waitForElementClickable(findTestObject("Object Repository/Organization Settings/Work Time/Custom Reports/Common/FETCH"), 5)
2026-02-04 16:53:43.902 DEBUG testcase.Custom Reports                  - 9: click(findTestObject("Object Repository/Organization Settings/Work Time/Custom Reports/Common/FETCH"))
2026-02-04 16:53:44.386 DEBUG testcase.Custom Reports                  - 10: waitForPageLoad(10)
2026-02-04 16:53:44.401 DEBUG testcase.Custom Reports                  - 11: waitForElementClickable(findTestObject("Object Repository/Organization Settings/Work Time/Custom Reports/Common/CUSTOMIZE REPORT FIELDS"), 5)
2026-02-04 16:53:45.097 DEBUG testcase.Custom Reports                  - 12: click(findTestObject("Object Repository/Organization Settings/Work Time/Custom Reports/Common/CUSTOMIZE REPORT FIELDS"))
2026-02-04 16:53:46.175 DEBUG testcase.Custom Reports                  - 1: select.selectByIndex(i)
2026-02-04 16:53:46.698 DEBUG testcase.Custom Reports                  - 2: delay(1)
2026-02-04 16:53:47.714 DEBUG testcase.Custom Reports                  - 3: value = getFirstSelectedOption().getAttribute("value")
2026-02-04 16:53:48.111 DEBUG testcase.Custom Reports                  - 4: out.println(value + "               -------------------------->")
userRole               -------------------------->
2026-02-04 16:53:48.116 DEBUG testcase.Custom Reports                  - 5: if (value.equalsIgnoreCase("TeamMemberId"))
2026-02-04 16:53:48.120 DEBUG testcase.Custom Reports                  - 6: waitForElementClickable(findTestObject("Object Repository/Organization Settings/Work Time/Custom Reports/Common/UPDATE FIELDS"), 5)
2026-02-04 16:53:48.448 DEBUG testcase.Custom Reports                  - 7: click(findTestObject("Object Repository/Organization Settings/Work Time/Custom Reports/Common/UPDATE FIELDS"))
2026-02-04 16:53:48.979 DEBUG testcase.Custom Reports                  - 8: waitForElementClickable(findTestObject("Object Repository/Organization Settings/Work Time/Custom Reports/Common/FETCH"), 5)
2026-02-04 16:53:49.313 DEBUG testcase.Custom Reports                  - 9: click(findTestObject("Object Repository/Organization Settings/Work Time/Custom Reports/Common/FETCH"))
2026-02-04 16:53:49.839 DEBUG testcase.Custom Reports                  - 10: waitForPageLoad(10)
2026-02-04 16:53:49.850 DEBUG testcase.Custom Reports                  - 11: waitForElementClickable(findTestObject("Object Repository/Organization Settings/Work Time/Custom Reports/Common/CUSTOMIZE REPORT FIELDS"), 5)
2026-02-04 16:53:50.475 DEBUG testcase.Custom Reports                  - 12: click(findTestObject("Object Repository/Organization Settings/Work Time/Custom Reports/Common/CUSTOMIZE REPORT FIELDS"))
2026-02-04 16:53:51.593 DEBUG testcase.Custom Reports                  - 1: select.selectByIndex(i)
2026-02-04 16:53:52.166 DEBUG testcase.Custom Reports                  - 2: delay(1)
2026-02-04 16:53:53.183 DEBUG testcase.Custom Reports                  - 3: value = getFirstSelectedOption().getAttribute("value")
2026-02-04 16:53:53.479 DEBUG testcase.Custom Reports                  - 4: out.println(value + "               -------------------------->")
designation               -------------------------->
2026-02-04 16:53:53.482 DEBUG testcase.Custom Reports                  - 5: if (value.equalsIgnoreCase("TeamMemberId"))
2026-02-04 16:53:53.484 DEBUG testcase.Custom Reports                  - 6: waitForElementClickable(findTestObject("Object Repository/Organization Settings/Work Time/Custom Reports/Common/UPDATE FIELDS"), 5)
2026-02-04 16:53:53.797 DEBUG testcase.Custom Reports                  - 7: click(findTestObject("Object Repository/Organization Settings/Work Time/Custom Reports/Common/UPDATE FIELDS"))
2026-02-04 16:53:54.307 DEBUG testcase.Custom Reports                  - 8: waitForElementClickable(findTestObject("Object Repository/Organization Settings/Work Time/Custom Reports/Common/FETCH"), 5)
2026-02-04 16:53:54.650 DEBUG testcase.Custom Reports                  - 9: click(findTestObject("Object Repository/Organization Settings/Work Time/Custom Reports/Common/FETCH"))
2026-02-04 16:53:55.184 DEBUG testcase.Custom Reports                  - 10: waitForPageLoad(10)
2026-02-04 16:53:55.198 DEBUG testcase.Custom Reports                  - 11: waitForElementClickable(findTestObject("Object Repository/Organization Settings/Work Time/Custom Reports/Common/CUSTOMIZE REPORT FIELDS"), 5)
2026-02-04 16:53:56.011 DEBUG testcase.Custom Reports                  - 12: click(findTestObject("Object Repository/Organization Settings/Work Time/Custom Reports/Common/CUSTOMIZE REPORT FIELDS"))
2026-02-04 16:53:57.324 DEBUG testcase.Custom Reports                  - 1: select.selectByIndex(i)
2026-02-04 16:53:58.086 DEBUG testcase.Custom Reports                  - 2: delay(1)
2026-02-04 16:53:59.095 DEBUG testcase.Custom Reports                  - 3: value = getFirstSelectedOption().getAttribute("value")
2026-02-04 16:53:59.437 DEBUG testcase.Custom Reports                  - 4: out.println(value + "               -------------------------->")
DYNATTRIBUTE1               -------------------------->
2026-02-04 16:53:59.442 DEBUG testcase.Custom Reports                  - 5: if (value.equalsIgnoreCase("TeamMemberId"))
2026-02-04 16:53:59.442 DEBUG testcase.Custom Reports                  - 6: waitForElementClickable(findTestObject("Object Repository/Organization Settings/Work Time/Custom Reports/Common/UPDATE FIELDS"), 5)
2026-02-04 16:53:59.781 DEBUG testcase.Custom Reports                  - 7: click(findTestObject("Object Repository/Organization Settings/Work Time/Custom Reports/Common/UPDATE FIELDS"))
2026-02-04 16:54:00.335 DEBUG testcase.Custom Reports                  - 8: waitForElementClickable(findTestObject("Object Repository/Organization Settings/Work Time/Custom Reports/Common/FETCH"), 5)
2026-02-04 16:54:00.665 DEBUG testcase.Custom Reports                  - 9: click(findTestObject("Object Repository/Organization Settings/Work Time/Custom Reports/Common/FETCH"))
2026-02-04 16:54:01.203 DEBUG testcase.Custom Reports                  - 10: waitForPageLoad(10)
2026-02-04 16:54:01.223 DEBUG testcase.Custom Reports                  - 11: waitForElementClickable(findTestObject("Object Repository/Organization Settings/Work Time/Custom Reports/Common/CUSTOMIZE REPORT FIELDS"), 5)
2026-02-04 16:54:02.085 DEBUG testcase.Custom Reports                  - 12: click(findTestObject("Object Repository/Organization Settings/Work Time/Custom Reports/Common/CUSTOMIZE REPORT FIELDS"))
2026-02-04 16:54:03.272 DEBUG testcase.Custom Reports                  - 1: select.selectByIndex(i)
2026-02-04 16:54:03.838 DEBUG testcase.Custom Reports                  - 2: delay(1)
2026-02-04 16:54:04.856 DEBUG testcase.Custom Reports                  - 3: value = getFirstSelectedOption().getAttribute("value")
2026-02-04 16:54:05.232 DEBUG testcase.Custom Reports                  - 4: out.println(value + "               -------------------------->")
DYNATTRIBUTE2               -------------------------->
2026-02-04 16:54:05.233 DEBUG testcase.Custom Reports                  - 5: if (value.equalsIgnoreCase("TeamMemberId"))
2026-02-04 16:54:05.233 DEBUG testcase.Custom Reports                  - 6: waitForElementClickable(findTestObject("Object Repository/Organization Settings/Work Time/Custom Reports/Common/UPDATE FIELDS"), 5)
2026-02-04 16:54:05.653 DEBUG testcase.Custom Reports                  - 7: click(findTestObject("Object Repository/Organization Settings/Work Time/Custom Reports/Common/UPDATE FIELDS"))
2026-02-04 16:54:06.239 DEBUG testcase.Custom Reports                  - 8: waitForElementClickable(findTestObject("Object Repository/Organization Settings/Work Time/Custom Reports/Common/FETCH"), 5)
2026-02-04 16:54:06.648 DEBUG testcase.Custom Reports                  - 9: click(findTestObject("Object Repository/Organization Settings/Work Time/Custom Reports/Common/FETCH"))
2026-02-04 16:54:07.182 DEBUG testcase.Custom Reports                  - 10: waitForPageLoad(10)
2026-02-04 16:54:07.193 DEBUG testcase.Custom Reports                  - 11: waitForElementClickable(findTestObject("Object Repository/Organization Settings/Work Time/Custom Reports/Common/CUSTOMIZE REPORT FIELDS"), 5)
2026-02-04 16:54:07.905 DEBUG testcase.Custom Reports                  - 12: click(findTestObject("Object Repository/Organization Settings/Work Time/Custom Reports/Common/CUSTOMIZE REPORT FIELDS"))
2026-02-04 16:54:09.066 DEBUG testcase.Custom Reports                  - 1: select.selectByIndex(i)
2026-02-04 16:54:09.653 DEBUG testcase.Custom Reports                  - 2: delay(1)
2026-02-04 16:54:10.660 DEBUG testcase.Custom Reports                  - 3: value = getFirstSelectedOption().getAttribute("value")
2026-02-04 16:54:11.004 DEBUG testcase.Custom Reports                  - 4: out.println(value + "               -------------------------->")
DYNATTRIBUTE3               -------------------------->
2026-02-04 16:54:11.005 DEBUG testcase.Custom Reports                  - 5: if (value.equalsIgnoreCase("TeamMemberId"))
2026-02-04 16:54:11.006 DEBUG testcase.Custom Reports                  - 6: waitForElementClickable(findTestObject("Object Repository/Organization Settings/Work Time/Custom Reports/Common/UPDATE FIELDS"), 5)
2026-02-04 16:54:11.335 DEBUG testcase.Custom Reports                  - 7: click(findTestObject("Object Repository/Organization Settings/Work Time/Custom Reports/Common/UPDATE FIELDS"))
2026-02-04 16:54:11.821 DEBUG testcase.Custom Reports                  - 8: waitForElementClickable(findTestObject("Object Repository/Organization Settings/Work Time/Custom Reports/Common/FETCH"), 5)
2026-02-04 16:54:12.160 DEBUG testcase.Custom Reports                  - 9: click(findTestObject("Object Repository/Organization Settings/Work Time/Custom Reports/Common/FETCH"))
2026-02-04 16:54:12.712 DEBUG testcase.Custom Reports                  - 10: waitForPageLoad(10)
2026-02-04 16:54:12.725 DEBUG testcase.Custom Reports                  - 11: waitForElementClickable(findTestObject("Object Repository/Organization Settings/Work Time/Custom Reports/Common/CUSTOMIZE REPORT FIELDS"), 5)
2026-02-04 16:54:13.323 DEBUG testcase.Custom Reports                  - 12: click(findTestObject("Object Repository/Organization Settings/Work Time/Custom Reports/Common/CUSTOMIZE REPORT FIELDS"))
2026-02-04 16:54:14.445 DEBUG testcase.Custom Reports                  - 1: select.selectByIndex(i)
2026-02-04 16:54:15.033 DEBUG testcase.Custom Reports                  - 2: delay(1)
2026-02-04 16:54:16.047 DEBUG testcase.Custom Reports                  - 3: value = getFirstSelectedOption().getAttribute("value")
2026-02-04 16:54:16.477 DEBUG testcase.Custom Reports                  - 4: out.println(value + "               -------------------------->")
DYNATTRIBUTE4               -------------------------->
2026-02-04 16:54:16.478 DEBUG testcase.Custom Reports                  - 5: if (value.equalsIgnoreCase("TeamMemberId"))
2026-02-04 16:54:16.481 DEBUG testcase.Custom Reports                  - 6: waitForElementClickable(findTestObject("Object Repository/Organization Settings/Work Time/Custom Reports/Common/UPDATE FIELDS"), 5)
2026-02-04 16:54:16.834 DEBUG testcase.Custom Reports                  - 7: click(findTestObject("Object Repository/Organization Settings/Work Time/Custom Reports/Common/UPDATE FIELDS"))
2026-02-04 16:54:17.371 DEBUG testcase.Custom Reports                  - 8: waitForElementClickable(findTestObject("Object Repository/Organization Settings/Work Time/Custom Reports/Common/FETCH"), 5)
2026-02-04 16:54:17.676 DEBUG testcase.Custom Reports                  - 9: click(findTestObject("Object Repository/Organization Settings/Work Time/Custom Reports/Common/FETCH"))
2026-02-04 16:54:18.193 DEBUG testcase.Custom Reports                  - 10: waitForPageLoad(10)
2026-02-04 16:54:18.209 DEBUG testcase.Custom Reports                  - 11: waitForElementClickable(findTestObject("Object Repository/Organization Settings/Work Time/Custom Reports/Common/CUSTOMIZE REPORT FIELDS"), 5)
2026-02-04 16:54:19.109 DEBUG testcase.Custom Reports                  - 12: click(findTestObject("Object Repository/Organization Settings/Work Time/Custom Reports/Common/CUSTOMIZE REPORT FIELDS"))
2026-02-04 16:54:20.267 DEBUG testcase.Custom Reports                  - 1: select.selectByIndex(i)
2026-02-04 16:54:20.871 DEBUG testcase.Custom Reports                  - 2: delay(1)
2026-02-04 16:54:21.885 DEBUG testcase.Custom Reports                  - 3: value = getFirstSelectedOption().getAttribute("value")
2026-02-04 16:54:22.284 DEBUG testcase.Custom Reports                  - 4: out.println(value + "               -------------------------->")
DYNATTRIBUTE5               -------------------------->
2026-02-04 16:54:22.285 DEBUG testcase.Custom Reports                  - 5: if (value.equalsIgnoreCase("TeamMemberId"))
2026-02-04 16:54:22.285 DEBUG testcase.Custom Reports                  - 6: waitForElementClickable(findTestObject("Object Repository/Organization Settings/Work Time/Custom Reports/Common/UPDATE FIELDS"), 5)
2026-02-04 16:54:22.608 DEBUG testcase.Custom Reports                  - 7: click(findTestObject("Object Repository/Organization Settings/Work Time/Custom Reports/Common/UPDATE FIELDS"))
2026-02-04 16:54:23.172 DEBUG testcase.Custom Reports                  - 8: waitForElementClickable(findTestObject("Object Repository/Organization Settings/Work Time/Custom Reports/Common/FETCH"), 5)
2026-02-04 16:54:23.472 DEBUG testcase.Custom Reports                  - 9: click(findTestObject("Object Repository/Organization Settings/Work Time/Custom Reports/Common/FETCH"))
2026-02-04 16:54:23.997 DEBUG testcase.Custom Reports                  - 10: waitForPageLoad(10)
2026-02-04 16:54:24.008 DEBUG testcase.Custom Reports                  - 11: waitForElementClickable(findTestObject("Object Repository/Organization Settings/Work Time/Custom Reports/Common/CUSTOMIZE REPORT FIELDS"), 5)
2026-02-04 16:54:24.581 DEBUG testcase.Custom Reports                  - 12: click(findTestObject("Object Repository/Organization Settings/Work Time/Custom Reports/Common/CUSTOMIZE REPORT FIELDS"))
2026-02-04 16:54:25.791 DEBUG testcase.Custom Reports                  - 1: select.selectByIndex(i)
2026-02-04 16:54:26.469 DEBUG testcase.Custom Reports                  - 2: delay(1)
2026-02-04 16:54:27.477 DEBUG testcase.Custom Reports                  - 3: value = getFirstSelectedOption().getAttribute("value")
2026-02-04 16:54:27.849 DEBUG testcase.Custom Reports                  - 4: out.println(value + "               -------------------------->")
DYNATTRIBUTE7               -------------------------->
2026-02-04 16:54:27.849 DEBUG testcase.Custom Reports                  - 5: if (value.equalsIgnoreCase("TeamMemberId"))
2026-02-04 16:54:27.850 DEBUG testcase.Custom Reports                  - 6: waitForElementClickable(findTestObject("Object Repository/Organization Settings/Work Time/Custom Reports/Common/UPDATE FIELDS"), 5)
2026-02-04 16:54:28.158 DEBUG testcase.Custom Reports                  - 7: click(findTestObject("Object Repository/Organization Settings/Work Time/Custom Reports/Common/UPDATE FIELDS"))
2026-02-04 16:54:28.666 DEBUG testcase.Custom Reports                  - 8: waitForElementClickable(findTestObject("Object Repository/Organization Settings/Work Time/Custom Reports/Common/FETCH"), 5)
2026-02-04 16:54:28.977 DEBUG testcase.Custom Reports                  - 9: click(findTestObject("Object Repository/Organization Settings/Work Time/Custom Reports/Common/FETCH"))
2026-02-04 16:54:29.513 DEBUG testcase.Custom Reports                  - 10: waitForPageLoad(10)
2026-02-04 16:54:29.527 DEBUG testcase.Custom Reports                  - 11: waitForElementClickable(findTestObject("Object Repository/Organization Settings/Work Time/Custom Reports/Common/CUSTOMIZE REPORT FIELDS"), 5)
2026-02-04 16:54:30.123 DEBUG testcase.Custom Reports                  - 12: click(findTestObject("Object Repository/Organization Settings/Work Time/Custom Reports/Common/CUSTOMIZE REPORT FIELDS"))
2026-02-04 16:54:31.399 DEBUG testcase.Custom Reports                  - 1: select.selectByIndex(i)
2026-02-04 16:54:32.175 DEBUG testcase.Custom Reports                  - 2: delay(1)
2026-02-04 16:54:33.189 DEBUG testcase.Custom Reports                  - 3: value = getFirstSelectedOption().getAttribute("value")
2026-02-04 16:54:33.571 DEBUG testcase.Custom Reports                  - 4: out.println(value + "               -------------------------->")
DYNATTRIBUTE8               -------------------------->
2026-02-04 16:54:33.574 DEBUG testcase.Custom Reports                  - 5: if (value.equalsIgnoreCase("TeamMemberId"))
2026-02-04 16:54:33.574 DEBUG testcase.Custom Reports                  - 6: waitForElementClickable(findTestObject("Object Repository/Organization Settings/Work Time/Custom Reports/Common/UPDATE FIELDS"), 5)
2026-02-04 16:54:33.881 DEBUG testcase.Custom Reports                  - 7: click(findTestObject("Object Repository/Organization Settings/Work Time/Custom Reports/Common/UPDATE FIELDS"))
2026-02-04 16:54:34.472 DEBUG testcase.Custom Reports                  - 8: waitForElementClickable(findTestObject("Object Repository/Organization Settings/Work Time/Custom Reports/Common/FETCH"), 5)
2026-02-04 16:54:34.846 DEBUG testcase.Custom Reports                  - 9: click(findTestObject("Object Repository/Organization Settings/Work Time/Custom Reports/Common/FETCH"))
2026-02-04 16:54:35.388 DEBUG testcase.Custom Reports                  - 10: waitForPageLoad(10)
2026-02-04 16:54:35.402 DEBUG testcase.Custom Reports                  - 11: waitForElementClickable(findTestObject("Object Repository/Organization Settings/Work Time/Custom Reports/Common/CUSTOMIZE REPORT FIELDS"), 5)
2026-02-04 16:54:35.992 DEBUG testcase.Custom Reports                  - 12: click(findTestObject("Object Repository/Organization Settings/Work Time/Custom Reports/Common/CUSTOMIZE REPORT FIELDS"))
2026-02-04 16:54:37.256 DEBUG testcase.Custom Reports                  - 1: select.selectByIndex(i)
2026-02-04 16:54:38.002 DEBUG testcase.Custom Reports                  - 2: delay(1)
2026-02-04 16:54:39.009 DEBUG testcase.Custom Reports                  - 3: value = getFirstSelectedOption().getAttribute("value")
2026-02-04 16:54:39.416 DEBUG testcase.Custom Reports                  - 4: out.println(value + "               -------------------------->")
DYNATTRIBUTE10               -------------------------->
2026-02-04 16:54:39.417 DEBUG testcase.Custom Reports                  - 5: if (value.equalsIgnoreCase("TeamMemberId"))
2026-02-04 16:54:39.418 DEBUG testcase.Custom Reports                  - 6: waitForElementClickable(findTestObject("Object Repository/Organization Settings/Work Time/Custom Reports/Common/UPDATE FIELDS"), 5)
2026-02-04 16:54:39.797 DEBUG testcase.Custom Reports                  - 7: click(findTestObject("Object Repository/Organization Settings/Work Time/Custom Reports/Common/UPDATE FIELDS"))
2026-02-04 16:54:40.370 DEBUG testcase.Custom Reports                  - 8: waitForElementClickable(findTestObject("Object Repository/Organization Settings/Work Time/Custom Reports/Common/FETCH"), 5)
2026-02-04 16:54:40.681 DEBUG testcase.Custom Reports                  - 9: click(findTestObject("Object Repository/Organization Settings/Work Time/Custom Reports/Common/FETCH"))
2026-02-04 16:54:41.198 DEBUG testcase.Custom Reports                  - 10: waitForPageLoad(10)
2026-02-04 16:54:41.209 DEBUG testcase.Custom Reports                  - 11: waitForElementClickable(findTestObject("Object Repository/Organization Settings/Work Time/Custom Reports/Common/CUSTOMIZE REPORT FIELDS"), 5)
2026-02-04 16:54:41.876 DEBUG testcase.Custom Reports                  - 12: click(findTestObject("Object Repository/Organization Settings/Work Time/Custom Reports/Common/CUSTOMIZE REPORT FIELDS"))
2026-02-04 16:54:43.136 DEBUG testcase.Custom Reports                  - 1: select.selectByIndex(i)
2026-02-04 16:54:43.828 DEBUG testcase.Custom Reports                  - 2: delay(1)
2026-02-04 16:54:44.834 DEBUG testcase.Custom Reports                  - 3: value = getFirstSelectedOption().getAttribute("value")
2026-02-04 16:54:45.257 DEBUG testcase.Custom Reports                  - 4: out.println(value + "               -------------------------->")
tenure               -------------------------->
2026-02-04 16:54:45.258 DEBUG testcase.Custom Reports                  - 5: if (value.equalsIgnoreCase("TeamMemberId"))
2026-02-04 16:54:45.258 DEBUG testcase.Custom Reports                  - 6: waitForElementClickable(findTestObject("Object Repository/Organization Settings/Work Time/Custom Reports/Common/UPDATE FIELDS"), 5)
2026-02-04 16:54:45.563 DEBUG testcase.Custom Reports                  - 7: click(findTestObject("Object Repository/Organization Settings/Work Time/Custom Reports/Common/UPDATE FIELDS"))
2026-02-04 16:54:46.082 DEBUG testcase.Custom Reports                  - 8: waitForElementClickable(findTestObject("Object Repository/Organization Settings/Work Time/Custom Reports/Common/FETCH"), 5)
2026-02-04 16:54:46.386 DEBUG testcase.Custom Reports                  - 9: click(findTestObject("Object Repository/Organization Settings/Work Time/Custom Reports/Common/FETCH"))
2026-02-04 16:54:46.891 DEBUG testcase.Custom Reports                  - 10: waitForPageLoad(10)
2026-02-04 16:54:46.901 DEBUG testcase.Custom Reports                  - 11: waitForElementClickable(findTestObject("Object Repository/Organization Settings/Work Time/Custom Reports/Common/CUSTOMIZE REPORT FIELDS"), 5)
2026-02-04 16:54:47.545 DEBUG testcase.Custom Reports                  - 12: click(findTestObject("Object Repository/Organization Settings/Work Time/Custom Reports/Common/CUSTOMIZE REPORT FIELDS"))
2026-02-04 16:54:48.805 DEBUG testcase.Custom Reports                  - 47: customizeReportViewReset(filePath)
2026-02-04 16:54:48.806 DEBUG testcase.Custom Reports                  - 1: getObjectsAsMap = com.prohanceapplication.common.ObjectUtils.getObjectsAsMap(filePath)
2026-02-04 16:54:48.847 INFO  k.k.c.m.CustomKeywordDelegatingMetaClass - com.prohanceapplication.common.ObjectUtils.getObjectsAsMap is PASSED
2026-02-04 16:54:48.848 DEBUG testcase.Custom Reports                  - 2: out.println(getObjectsAsMap)
[Neutral (TAFS)_Avg:TestObject - 'Object Repository/Organization Settings/Work Time/Custom Reports/Check_Box/Time Away From System/Neutral (TAFS)_Avg', Neutral (TAFS)_Main:TestObject - 'Object Repository/Organization Settings/Work Time/Custom Reports/Check_Box/Time Away From System/Neutral (TAFS)_Main', Neutral (TAFS)_Tot:TestObject - 'Object Repository/Organization Settings/Work Time/Custom Reports/Check_Box/Time Away From System/Neutral (TAFS)_Tot', Not Rated (TAFS)_Avg:TestObject - 'Object Repository/Organization Settings/Work Time/Custom Reports/Check_Box/Time Away From System/Not Rated (TAFS)_Avg', Not Rated (TAFS)_Main:TestObject - 'Object Repository/Organization Settings/Work Time/Custom Reports/Check_Box/Time Away From System/Not Rated (TAFS)_Main', Not Rated (TAFS)_Tot:TestObject - 'Object Repository/Organization Settings/Work Time/Custom Reports/Check_Box/Time Away From System/Not Rated (TAFS)_Tot', Personal Time (TAFS)_Avg:TestObject - 'Object Repository/Organization Settings/Work Time/Custom Reports/Check_Box/Time Away From System/Personal Time (TAFS)_Avg', Personal Time (TAFS)_Tot:TestObject - 'Object Repository/Organization Settings/Work Time/Custom Reports/Check_Box/Time Away From System/Personal Time (TAFS)_Tot', Productive (TAFS)_Avg:TestObject - 'Object Repository/Organization Settings/Work Time/Custom Reports/Check_Box/Time Away From System/Productive (TAFS)_Avg', Productive (TAFS)_Main:TestObject - 'Object Repository/Organization Settings/Work Time/Custom Reports/Check_Box/Time Away From System/Productive (TAFS)_Main', Productive (TAFS)_Tot:TestObject - 'Object Repository/Organization Settings/Work Time/Custom Reports/Check_Box/Time Away From System/Productive (TAFS)_Tot', Unknown (TAFS)_Avg:TestObject - 'Object Repository/Organization Settings/Work Time/Custom Reports/Check_Box/Time Away From System/Unknown (TAFS)_Avg', Unknown (TAFS)_Main:TestObject - 'Object Repository/Organization Settings/Work Time/Custom Reports/Check_Box/Time Away From System/Unknown (TAFS)_Main', Unknown (TAFS)_Tot:TestObject - 'Object Repository/Organization Settings/Work Time/Custom Reports/Check_Box/Time Away From System/Unknown (TAFS)_Tot']
2026-02-04 16:54:48.850 DEBUG testcase.Custom Reports                  - 3: grouped = getObjectsAsMap.groupBy({ java.lang.Object entry -> ... })
2026-02-04 16:54:48.855 DEBUG testcase.Custom Reports                  - 4: grouped.each({ java.lang.Object groupKey, java.lang.Object entries -> ... })
2026-02-04 16:54:54.537 INFO  c.k.katalon.core.main.TestCaseExecutor   - END Test Cases/ProhanceWeb/Organization Settings/Work Time/Custom Reports/Custom Reports
2026-02-04 16:54:54.598 INFO  c.k.katalon.core.main.TestCaseExecutor   - --------------------
2026-02-04 16:54:54.598 INFO  c.k.katalon.core.main.TestCaseExecutor   - START Test Cases/ProhanceWeb/Organization Settings/Work Time/Custom Reports/Custom Reports
2026-02-04 16:54:54.627 INFO  c.k.katalon.core.main.TestCaseExecutor   - ReportBy = User
2026-02-04 16:54:54.628 INFO  c.k.katalon.core.main.TestCaseExecutor   - reportDuration = W
2026-02-04 16:54:54.628 INFO  c.k.katalon.core.main.TestCaseExecutor   - UserType = AGENT
2026-02-04 16:54:54.628 INFO  c.k.katalon.core.main.TestCaseExecutor   - dodCheck = true
2026-02-04 16:54:54.629 INFO  c.k.katalon.core.main.TestCaseExecutor   - isDisplayData = true
2026-02-04 16:54:54.632 INFO  c.k.katalon.core.main.TestCaseExecutor   - showByGroupVal = byEachGroup
2026-02-04 16:54:54.632 INFO  c.k.katalon.core.main.TestCaseExecutor   - isDisplayOnlyActiveUsersData = true
2026-02-04 16:54:54.632 INFO  c.k.katalon.core.main.TestCaseExecutor   - isDWShOutsideShift = false
2026-02-04 16:54:54.633 INFO  c.k.katalon.core.main.TestCaseExecutor   - shiftType = byEachShift
2026-02-04 16:54:54.633 INFO  c.k.katalon.core.main.TestCaseExecutor   - isDisplayTimeZone = true
2026-02-04 16:54:54.633 INFO  c.k.katalon.core.main.TestCaseExecutor   - timeZoneType = bySpecificUser
2026-02-04 16:54:54.634 INFO  c.k.katalon.core.main.TestCaseExecutor   - dayType = dayType
2026-02-04 16:54:54.637 DEBUG testcase.Custom Reports                  - 1: if (waitForElementPresent(findTestObject("Object Repository/Organization Settings/New Folder/Page_ProHance/a_WORK TIME"), Delay))
2026-02-04 16:54:59.754 WARN  k.k.c.w.k.b.WaitForElementPresentKeyword - Object 'Object Repository/Organization Settings/New Folder/Page_ProHance/a_WORK TIME' is not present after 5 second(s)
2026-02-04 16:54:59.756 INFO  c.k.katalon.core.main.TestCaseExecutor   - END Test Cases/ProhanceWeb/Organization Settings/Work Time/Custom Reports/Custom Reports
2026-02-04 16:54:59.784 INFO  c.k.katalon.core.main.TestCaseExecutor   - --------------------
2026-02-04 16:54:59.784 INFO  c.k.katalon.core.main.TestCaseExecutor   - START Test Cases/ProhanceWeb/Organization Settings/Work Time/Custom Reports/Custom Reports
2026-02-04 16:54:59.818 INFO  c.k.katalon.core.main.TestCaseExecutor   - ReportBy = User
2026-02-04 16:54:59.818 INFO  c.k.katalon.core.main.TestCaseExecutor   - reportDuration = M
2026-02-04 16:54:59.818 INFO  c.k.katalon.core.main.TestCaseExecutor   - UserType = AGENTLESS
2026-02-04 16:54:59.818 INFO  c.k.katalon.core.main.TestCaseExecutor   - dodCheck = false
2026-02-04 16:54:59.819 INFO  c.k.katalon.core.main.TestCaseExecutor   - isDisplayData = true
2026-02-04 16:54:59.819 INFO  c.k.katalon.core.main.TestCaseExecutor   - showByGroupVal = byEachGroup
2026-02-04 16:54:59.819 INFO  c.k.katalon.core.main.TestCaseExecutor   - isDisplayOnlyActiveUsersData = false
2026-02-04 16:54:59.819 INFO  c.k.katalon.core.main.TestCaseExecutor   - isDWShOutsideShift = true
2026-02-04 16:54:59.819 INFO  c.k.katalon.core.main.TestCaseExecutor   - shiftType = acrossAllShift
2026-02-04 16:54:59.819 INFO  c.k.katalon.core.main.TestCaseExecutor   - isDisplayTimeZone = false
2026-02-04 16:54:59.820 INFO  c.k.katalon.core.main.TestCaseExecutor   - timeZoneType = bySpecificUser
2026-02-04 16:54:59.820 INFO  c.k.katalon.core.main.TestCaseExecutor   - dayType = dayType
2026-02-04 16:54:59.823 DEBUG testcase.Custom Reports                  - 1: if (waitForElementPresent(findTestObject("Object Repository/Organization Settings/New Folder/Page_ProHance/a_WORK TIME"), Delay))
2026-02-04 16:55:04.929 WARN  k.k.c.w.k.b.WaitForElementPresentKeyword - Object 'Object Repository/Organization Settings/New Folder/Page_ProHance/a_WORK TIME' is not present after 5 second(s)
2026-02-04 16:55:04.930 INFO  c.k.katalon.core.main.TestCaseExecutor   - END Test Cases/ProhanceWeb/Organization Settings/Work Time/Custom Reports/Custom Reports
2026-02-04 16:55:05.537 INFO  c.k.katalon.core.main.TestSuiteExecutor  - --------------------
2026-02-04 16:55:05.537 INFO  c.k.katalon.core.main.TestSuiteExecutor  - END Test Suites/WorkTime/Custom Reports/Custom Reports
2026-02-04 16:55:05.537 INFO  c.k.katalon.core.main.TestSuiteExecutor  - ====================
